rank	band	lexemeId	target	pos	blendedScore	subs	wiki
1	1	lx-0030	de	preposition	2	4	1
2	1	lx-0038	ser	verb	3	1	7
3	1	lx-0031	el	determiner	4	7	2
4	1	lx-0032	la	determiner	4	5	3
5	1	lx-0035	que	conjunction	4	2	9
6	1	lx-0034	a	preposition	6	8	5
7	1	lx-0033	i	conjunction	6	10	4
8	1	lx-0057	anar	verb	7	9	6
9	1	lx-0039	no	adverb	9	3	25
10	1	lx-0036	en	preposition	10	13	8
11	1	lx-0062	haver	verb	11	6	20
12	1	lx-0037	un	determiner	12	11	13
13	1	lx-0040	per	preposition	12	12	12
14	1	lx-0042	una	determiner	15	15	16
15	1	lx-0023	del	determiner	16	25	10
16	1	lx-0043	els	determiner	18	21	15
17	1	lx-0063	estar	verb	18	14	24
18	1	lx-0041	amb	preposition	20	22	18
19	1	lx-0009	es	pronoun	20	37	11
20	1	lx-0053	fer	verb	21	16	27
21	1	lx-0044	les	determiner	21	33	14
22	1	lx-0064	aquest	determiner	22	23	21
23	1	lx-0054	tenir	verb	22	19	26
24	1	lx-0055	poder	verb	23	18	29
25	1	lx-0022	al	determiner	25	32	19
26	1	lx-0045	com	adverb	26	31	22
27	1	lx-0250	seu	determiner	26	41	17
28	1	lx-0050	tot	determiner	29	29	30
29	1	lx-0013	hi	pronoun	31	35	28
30	1	lx-0046	més	adverb	32	45	23
31	1	lx-0051	però	conjunction	37	36	39
32	1	lx-0683	això	pronoun	41	28	60
33	1	lx-0052	molt	adverb	41	47	36
34	1	lx-0027	altre	determiner	48	69	33
35	1	lx-0047	o	conjunction	48	74	31
36	1	lx-0048	si	conjunction	48	30	77
37	1	lx-0083	cap	noun	51	56	46
38	1	lx-0056	dir	verb	52	34	81
39	1	lx-0270	dos	numeral	56	89	35
40	1	lx-0049	ja	adverb	57	51	64
41	1	lx-0012	li	pronoun	57	54	61
42	1	lx-0066	què	pronoun	57	17	194
43	1	lx-0067	any	noun	58	104	32
44	1	lx-0014	ho	pronoun	58	20	171
45	1	lx-0020	quan	conjunction	58	58	59
46	1	lx-0151	pel	determiner	59	95	37
47	1	lx-0018	on	adverb	59	61	58
48	1	lx-0061	donar	verb	60	90	40
49	1	lx-0856	algun	determiner	61	67	55
50	1	lx-0070	home	noun	61	73	51
51	1	lx-0065	també	adverb	62	112	34
52	1	lx-0110	trobar	verb	64	78	53
53	1	lx-0025	fins	preposition	69	102	47
54	1	lx-1257	estat	noun	70	87	56
55	1	lx-0058	veure	verb	71	49	104
56	1	lx-0264	només	adverb	72	60	86
57	1	lx-0107	passar	verb	72	53	99
58	1	lx-0178	primer	adjective	74	143	38
59	1	lx-0256	després	adverb	74	124	44
60	1	lx-0217	gran	adjective	74	132	42
61	1	lx-0168	mateix	determiner	75	98	57
62	1	lx-0707	sobre	preposition	76	115	50
63	1	lx-0681	així	adverb	78	72	84
64	1	lx-0091	fill	noun	78	118	52
65	1	lx-0219	nou	adjective	79	127	49
66	1	lx-0477	tornar	verb	85	64	112
67	1	lx-0069	casa	noun	88	91	85
68	1	lx-0059	saber	verb	89	24	327
69	1	lx-0068	dia	noun	89	88	91
70	1	lx-0029	persona	noun	91	192	43
71	1	lx-0073	temps	noun	92	97	87
72	1	lx-0265	encara	adverb	92	103	82
73	1	lx-0075	part	noun	94	196	45
74	1	lx-0076	cosa	noun	94	50	177
75	1	lx-0104	viure	verb	96	146	63
76	1	lx-0325	sol	noun	96	130	71
77	1	lx-0152	entre	preposition	98	235	41
78	1	lx-0341	família	noun	99	204	48
79	1	lx-0002	bé	adverb	101	39	262
80	1	lx-0024	sense	preposition	101	140	73
81	1	lx-0109	deixar	verb	105	66	166
82	1	lx-0869	perquè	conjunction	106	79	141
83	1	lx-4069	lloc	noun	106	145	78
84	1	lx-0087	nom	noun	108	171	68
85	1	lx-0106	arribar	verb	109	131	90
86	1	lx-4161	vegada	noun	109	116	103
87	1	lx-0155	durant	preposition	110	224	54
88	1	lx-0112	creure	verb	110	55	220
89	1	lx-0687	tant	adverb	110	120	101
90	1	lx-0072	vida	noun	111	113	109
91	1	lx-0089	pare	noun	112	86	145
92	1	lx-0242	ell	pronoun	113	76	168
93	2	lx-0254	ara	adverb	114	52	248
94	2	lx-4210	mort	noun	115	110	120
95	2	lx-0271	tres	numeral	116	194	69
96	2	lx-0060	voler	verb	116	40	339
97	2	lx-0215	bo	adjective	117	63	218
98	2	lx-0122	començar	verb	120	157	92
99	2	lx-0123	acabar	verb	121	99	147
100	2	lx-0093	ciutat	noun	124	229	67
101	2	lx-0028	cada	determiner	127	203	79
102	2	lx-4146	manera	noun	127	172	94
103	2	lx-0015	qui	pronoun	127	70	232
104	2	lx-0361	conèixer	verb	129	151	110
105	2	lx-0243	ella	pronoun	132	94	186
106	2	lx-0255	abans	adverb	134	136	133
107	2	lx-0124	portar	verb	136	106	174
108	2	lx-0218	petit	adjective	137	197	95
109	2	lx-0103	parlar	verb	137	68	277
110	2	lx-1540	importar	verb	140	166	118
111	2	lx-0105	treballar	verb	141	189	105
112	2	lx-1225	seguir	verb	146	161	132
113	2	lx-0108	quedar	verb	147	128	169
114	2	lx-1063	semblar	verb	148	96	227
115	2	lx-0007	em	pronoun	149	26	856
116	2	lx-0873	aquell	determiner	150	142	159
117	2	lx-0004	millor	adjective	151	125	182
118	2	lx-4369	forma	noun	152	303	76
119	2	lx-0134	punt	noun	154	208	114
120	2	lx-0268	poc	adverb	154	243	98
121	2	lx-0158	mentre	conjunction	156	254	96
122	2	lx-1902	guerra	noun	157	230	107
123	2	lx-0113	sentir	verb	158	71	351
124	2	lx-0756	aconseguir	verb	162	207	127
125	2	lx-0090	mare	noun	168	135	210
126	2	lx-0074	món	noun	169	190	150
127	2	lx-4154	moment	noun	169	162	176
128	2	lx-0125	posar	verb	170	129	223
129	2	lx-4371	morir	verb	171	149	196
130	2	lx-0248	meu	determiner	173	27	1103
131	2	lx-0529	utilitzar	verb	175	367	83
132	2	lx-4449	ocupar	verb	175	436	70
133	2	lx-4081	qual	pronoun	175	408	75
134	2	lx-4172	diferent	adjective	175	331	93
135	2	lx-0252	aquí	adverb	176	42	739
136	2	lx-0010	ens	pronoun	177	57	550
137	2	lx-0258	mai	adverb	180	83	392
138	2	lx-4372	cop	noun	182	164	201
139	2	lx-0316	història	noun	182	252	131
140	2	lx-1555	acord	noun	182	80	413
141	2	lx-2053	déu	noun	183	101	331
142	2	lx-0358	unir	verb	184	423	80
143	2	lx-4157	cas	noun	184	232	146
144	2	lx-0680	llavors	adverb	185	148	231
145	2	lx-0111	pensar	verb	186	62	560
146	2	lx-0382	terra	noun	187	209	167
147	2	lx-0272	quatre	numeral	189	338	106
148	2	lx-0879	tan	adverb	191	93	391
149	2	lx-0513	contra	preposition	191	245	149
150	2	lx-0257	sempre	adverb	193	123	302
151	2	lx-0008	et	pronoun	194	43	873
152	2	lx-0196	venir	verb	194	65	579
153	2	lx-2150	força	noun	196	277	139
154	2	lx-0207	ajudar	verb	197	137	282
155	2	lx-4282	nord	noun	199	352	113
156	2	lx-4370	rei	noun	201	198	204
157	2	lx-0126	prendre	verb	201	182	222
158	2	lx-0154	dins	preposition	202	217	188
159	2	lx-4412	anomenar	verb	204	415	100
160	2	lx-0117	escriure	verb	205	328	128
161	2	lx-4208	final	noun	207	344	124
162	2	lx-0197	sortir	verb	207	119	360
163	2	lx-0153	sota	preposition	207	282	152
164	2	lx-0081	mà	noun	207	191	225
165	2	lx-4378	únic	adjective	209	199	219
166	2	lx-0877	ni	conjunction	209	117	375
167	2	lx-0342	poble	noun	210	349	126
168	2	lx-1625	grup	noun	210	495	89
169	2	lx-0179	últim	adjective	210	221	200
170	2	lx-0280	sí	adverb	211	38	1176
171	2	lx-0281	gràcies	interjection	213	84	538
172	2	lx-0071	dona	noun	215	153	301
173	2	lx-4125	tractar	verb	217	264	178
174	2	lx-0147	costar	verb	217	250	189
175	2	lx-0192	servir	verb	220	228	212
176	2	lx-0098	porta	noun	221	188	259
177	2	lx-0211	esperar	verb	222	81	607
178	2	lx-0514	segons	preposition	223	404	123
179	2	lx-0273	cinc	numeral	224	291	173
180	2	lx-0016	res	pronoun	225	59	855
181	2	lx-0092	germà	noun	226	184	278
182	2	lx-0193	caldre	verb	226	215	238
183	2	lx-0405	cos	noun	227	302	170
184	2	lx-4374	principal	adjective	227	831	62
185	2	lx-4373	general	adjective	227	445	116
186	2	lx-1007	vol	noun	228	121	430
187	2	lx-3162	banda	noun	229	369	142
188	2	lx-0210	necessitar	verb	230	92	577
189	2	lx-2418	tipus	noun	233	330	164
190	2	lx-0224	llarg	adjective	233	402	135
191	2	lx-4458	presentar	verb	233	450	121
192	2	lx-0183	perdre	verb	235	159	346
193	2	lx-4428	permetre	verb	235	374	148
194	2	lx-0246	ells	pronoun	236	177	314
195	2	lx-0533	treball	noun	238	323	175
196	2	lx-1019	problema	noun	239	179	318
197	2	lx-0340	mes	noun	240	211	274
198	2	lx-1064	rebre	verb	242	387	151
199	2	lx-4382	matar	verb	242	109	539
200	2	lx-2047	obra	noun	244	827	72
201	2	lx-0251	nostre	determiner	244	82	728
202	2	lx-0789	sistema	noun	245	504	119
203	2	lx-0198	entrar	verb	250	181	345
204	2	lx-0222	alt	adjective	251	388	162
205	2	lx-4413	propi	adjective	251	318	198
206	2	lx-0262	tard	adverb	252	261	243
207	2	lx-0077	gent	noun	254	122	530
208	2	lx-0240	jo	pronoun	256	46	1424
209	2	lx-0084	nit	noun	256	111	591
210	2	lx-0820	considerar	verb	256	539	122
211	2	lx-3173	convertir	verb	257	360	184
212	2	lx-0189	guanyar	verb	257	265	250
213	2	lx-0338	hora	noun	257	167	397
214	2	lx-0079	aigua	noun	258	281	236
215	2	lx-4376	resta	noun	260	356	190
216	2	lx-0705	antic	adjective	260	579	117
217	2	lx-4160	tal	adjective	260	295	230
218	2	lx-4397	crear	verb	262	503	136
219	2	lx-4077	segona	noun	262	672	102
220	2	lx-3946	mantenir	verb	265	342	206
221	2	lx-1617	aturar	verb	266	289	244
222	2	lx-2039	edifici	noun	271	586	125
223	2	lx-4192	continuar	verb	271	296	249
224	2	lx-1061	intentar	verb	273	185	402
225	2	lx-0088	amic	noun	275	147	513
226	2	lx-0765	servei	noun	277	494	155
227	2	lx-0096	llibre	noun	279	424	183
228	2	lx-0517	qualsevol	determiner	282	210	379
229	2	lx-4485	formar	verb	283	907	88
230	2	lx-0164	fora	adverb	283	158	507
231	3	lx-0241	tu	pronoun	286	44	1854
232	3	lx-0078	nen	noun	289	193	432
233	3	lx-0011	us	pronoun	289	75	1113
234	3	lx-0259	avui	adverb	290	214	394
235	3	lx-0188	canviar	verb	290	222	380
236	3	lx-0221	jove	adjective	291	307	276
237	3	lx-1330	empresa	noun	293	612	140
238	3	lx-3978	sud	noun	293	621	138
239	3	lx-0319	joc	noun	295	417	209
240	3	lx-4280	zona	noun	296	678	129
241	3	lx-0195	treure	verb	296	178	492
242	3	lx-4414	divers	adjective	299	1377	65
243	3	lx-0587	camp	noun	299	372	241
244	3	lx-4313	clar	adjective	300	169	534
245	3	lx-0249	teu	determiner	300	48	1881
246	3	lx-0638	enviar	verb	301	218	415
247	3	lx-0656	canvi	noun	301	396	229
248	3	lx-0912	parella	noun	301	841	108
249	3	lx-4377	centre	noun	302	664	137
250	3	lx-0099	escola	noun	303	441	208
251	3	lx-0094	carrer	noun	304	430	215
252	3	lx-0263	potser	adverb	305	100	929
253	3	lx-0114	mirar	verb	305	85	1094
254	3	lx-0832	equip	noun	306	433	216
255	3	lx-0120	obrir	verb	306	263	356
256	3	lx-1929	pas	noun	306	241	389
257	3	lx-0708	davant	preposition	306	286	328
258	3	lx-4375	major	adjective	307	703	134
259	3	lx-4230	lluitar	verb	308	227	417
260	3	lx-1256	govern	noun	311	594	163
261	3	lx-4060	cert	adjective	313	255	384
262	3	lx-0095	país	noun	313	474	207
263	3	lx-0662	idea	noun	314	216	457
264	3	lx-0706	dret	adverb	316	390	256
265	3	lx-0813	explicar	verb	318	223	454
266	3	lx-0021	quin	determiner	319	105	969
267	3	lx-0267	massa	adverb	319	183	557
268	3	lx-0486	fort	adjective	320	266	386
269	3	lx-0026	menys	adverb	323	294	354
270	3	lx-4057	mi	pronoun	324	77	1362
271	3	lx-4417	membre	noun	325	692	153
272	3	lx-3816	relació	noun	325	502	211
273	3	lx-0973	partit	noun	326	740	144
274	3	lx-0145	caure	verb	327	251	425
275	3	lx-0159	doncs	conjunction	330	160	679
276	3	lx-0312	paraula	noun	331	275	398
277	3	lx-4402	est	noun	334	347	321
278	3	lx-0235	negre	adjective	334	304	367
279	3	lx-4093	demanar	verb	335	233	482
280	3	lx-0864	pla	noun	339	316	363
281	3	lx-0253	allà	adverb	341	150	773
282	3	lx-0212	buscar	verb	341	180	647
283	3	lx-1438	població	noun	343	1586	74
284	3	lx-0127	camí	noun	343	270	436
285	3	lx-0354	casar	verb	346	324	370
286	3	lx-0819	suposar	verb	347	195	617
287	3	lx-0277	deu	numeral	348	234	518
288	3	lx-0150	quant	determiner	349	168	723
289	3	lx-4106	mica	noun	349	154	792
290	3	lx-0208	estimar	verb	349	155	788
291	3	lx-0932	segon	noun	350	462	265
292	3	lx-0814	entendre	verb	350	133	923
293	3	lx-0783	decidir	verb	351	373	330
294	3	lx-0890	dit	noun	352	107	1155
295	3	lx-1905	exèrcit	noun	352	461	269
296	3	lx-0579	planta	noun	353	1122	111
297	3	lx-4080	quals	noun	354	1295	97
298	3	lx-4386	ordre	noun	355	293	431
299	3	lx-1357	causa	noun	356	702	181
300	3	lx-0595	illa	noun	359	496	260
301	3	lx-0234	blanc	adjective	360	414	313
302	3	lx-0165	prop	adverb	360	379	342
303	3	lx-0903	filla	noun	360	262	496
304	3	lx-4389	línia	noun	366	571	234
305	3	lx-0200	jugar	verb	367	298	451
306	3	lx-0339	setmana	noun	368	246	551
307	3	lx-0508	alemany	noun	369	567	240
308	3	lx-0317	música	noun	369	671	203
309	3	lx-0223	baix	adjective	370	478	287
310	3	lx-0006	noi	noun	371	134	1027
311	3	lx-0209	agradar	verb	373	108	1287
312	3	lx-1018	raó	noun	373	200	696
313	3	lx-4058	possible	adjective	374	361	387
314	3	lx-0101	menjar	verb	376	187	758
315	3	lx-0080	feina	noun	377	186	764
316	3	lx-2948	veu	noun	378	297	480
317	3	lx-0988	església	noun	379	915	157
318	3	lx-0443	color	noun	383	714	205
319	3	lx-1884	edat	noun	383	643	228
320	3	lx-0362	recordar	verb	383	175	838
321	3	lx-0660	mitjà	adjective	384	918	161
322	3	lx-4467	tocar	verb	385	247	601
323	3	lx-0577	riu	noun	386	549	271
324	3	lx-0220	vell	adjective	387	249	602
325	3	lx-1981	pedra	noun	387	598	251
326	3	lx-4361	dur	adjective	388	339	443
327	3	lx-0163	aviat	adverb	389	260	581
328	3	lx-1135	prova	noun	390	348	438
329	3	lx-1616	agafar	verb	390	174	876
330	3	lx-4337	terme	noun	391	1070	143
331	3	lx-1276	majoria	noun	392	653	235
332	3	lx-1883	consell	noun	392	514	299
333	3	lx-4345	estudi	noun	394	1009	154
334	3	lx-1136	policia	noun	394	206	755
335	3	lx-4381	partir	verb	395	811	192
336	3	lx-0135	mal	noun	395	202	774
337	3	lx-4514	representar	verb	398	798	199
338	3	lx-4411	arma	noun	399	271	586
339	3	lx-0854	comptar	verb	399	422	377
340	3	lx-0269	prou	adverb	400	176	907
341	3	lx-0542	paper	noun	401	535	300
342	3	lx-0600	amor	noun	402	220	733
343	3	lx-2253	actiu	noun	402	1408	115
344	3	lx-0368	llum	noun	406	340	486
345	3	lx-0121	tancar	verb	407	287	578
346	3	lx-4404	lliure	adjective	408	341	489
347	3	lx-0115	escoltar	verb	408	141	1183
348	3	lx-0978	art	noun	409	848	197
349	3	lx-1268	president	noun	412	463	366
350	3	lx-0740	cor	noun	412	273	622
351	3	lx-0308	universitat	noun	413	875	195
352	3	lx-4398	base	noun	413	673	254
353	3	lx-4573	habitatge	noun	414	2594	66
354	3	lx-4387	nacional	adjective	414	998	172
355	3	lx-4603	produir	verb	415	1079	160
356	3	lx-0378	espai	noun	416	606	286
357	3	lx-0266	gairebé	adverb	417	407	428
358	3	lx-4383	sèrie	noun	419	921	191
359	3	lx-4252	següent	adjective	420	566	311
360	3	lx-0575	segur	adjective	421	144	1229
361	3	lx-2310	nivell	noun	421	748	237
362	3	lx-1041	diners	noun	421	205	865
363	3	lx-4605	dirigir	verb	421	691	257
364	3	lx-4392	càrrec	noun	423	521	344
365	3	lx-4401	oficial	adjective	424	488	368
366	3	lx-0274	sis	numeral	425	409	441
367	3	lx-1260	llei	noun	429	459	401
368	3	lx-0887	cara	noun	432	259	721
369	3	lx-0119	pagar	verb	433	239	786
370	3	lx-4292	informació	noun	436	481	395
371	3	lx-0146	marxar	verb	437	201	949
372	3	lx-0982	castell	noun	437	679	281
373	3	lx-0311	classe	noun	437	466	410
374	3	lx-4400	nombre	noun	438	1473	130
375	3	lx-4420	significar	verb	439	419	460
376	3	lx-0510	interessar	verb	439	329	587
377	3	lx-0082	ull	noun	440	231	837
378	3	lx-4127	existir	verb	440	602	322
379	3	lx-4379	aleshores	adverb	442	327	598
380	3	lx-4336	darrer	adjective	444	486	405
381	3	lx-1546	control	noun	444	454	434
382	3	lx-0131	junt	adjective	445	284	697
383	3	lx-4385	total	noun	446	1073	185
384	3	lx-0190	preparar	verb	446	258	771
385	3	lx-4065	exemple	noun	447	903	221
386	3	lx-0148	algú	pronoun	448	126	1590
387	3	lx-1695	nau	noun	448	393	510
388	3	lx-0530	néixer	verb	448	560	358
389	3	lx-2374	baixa	noun	448	662	303
390	3	lx-0549	objectiu	noun	449	528	381
391	3	lx-1398	públic	noun	449	746	270
392	3	lx-1820	suport	noun	449	622	324
393	3	lx-4393	número	noun	449	394	512
394	3	lx-0878	sinó	conjunction	449	500	404
395	3	lx-4430	humà	adjective	449	449	450
396	3	lx-4403	regne	noun	451	559	364
397	3	lx-0275	set	numeral	451	358	569
398	3	lx-3824	conegut	noun	453	569	361
399	3	lx-4422	segle	noun	453	961	214
400	3	lx-1350	principi	noun	454	708	291
401	3	lx-1009	vaixell	noun	455	375	552
402	3	lx-0749	minut	noun	455	256	809
403	3	lx-4391	igual	adjective	455	343	604
404	3	lx-4406	moviment	noun	457	825	253
405	3	lx-0017	ningú	pronoun	458	152	1383
406	3	lx-0320	festa	noun	460	398	531
407	3	lx-4415	atac	noun	461	438	485
408	3	lx-4585	mostrar	verb	462	574	372
409	3	lx-1033	pau	noun	464	412	522
410	3	lx-1042	compte	noun	464	280	769
411	3	lx-4281	construir	verb	466	640	340
412	3	lx-0689	finalment	adverb	467	864	252
413	3	lx-0132	son	noun	468	279	784
414	3	lx-0631	imatge	noun	468	741	296
415	3	lx-0137	pis	noun	471	771	288
416	3	lx-2957	època	noun	472	1103	202
417	3	lx-1030	veritat	noun	474	156	1443
418	3	lx-1127	assassinat	noun	475	321	704
419	3	lx-4144	acceptar	verb	476	432	525
420	3	lx-3873	èxit	noun	477	776	293
421	3	lx-1394	director	noun	478	809	283
422	3	lx-4390	club	noun	479	711	323
423	3	lx-4212	patir	verb	481	392	589
424	3	lx-0100	cotxe	noun	481	213	1088
425	3	lx-4384	mig	adjective	482	464	501
426	3	lx-1026	situació	noun	483	570	409
427	3	lx-0488	ràpid	adjective	483	314	743
428	3	lx-0309	professor	noun	484	527	445
429	3	lx-1280	política	noun	485	891	264
430	3	lx-1168	títol	noun	486	1313	180
431	3	lx-4395	just	adjective	486	283	836
432	3	lx-4483	abandonar	verb	487	512	463
433	3	lx-0808	seguretat	noun	487	380	625
434	3	lx-4408	especial	adjective	490	483	498
435	3	lx-0162	sovint	adverb	492	819	295
436	3	lx-4399	posició	noun	493	655	371
437	3	lx-4312	establir	verb	495	939	261
438	3	lx-0701	sala	noun	498	522	475
439	3	lx-0323	mar	noun	499	550	453
440	3	lx-0781	realitzar	verb	501	1520	165
441	3	lx-0227	difícil	adjective	502	357	706
442	3	lx-3929	protegir	verb	503	399	635
443	3	lx-0586	foc	noun	504	355	716
444	3	lx-4526	usar	verb	504	661	385
445	3	lx-0711	te	noun	505	170	1503
446	3	lx-0724	sang	noun	506	242	1056
447	3	lx-0635	so	noun	506	469	546
448	3	lx-4396	interior	adjective	506	902	284
449	3	lx-4271	endavant	adverb	506	305	841
450	3	lx-4356	tercer	adjective	508	713	362
451	3	lx-4091	greu	adjective	509	219	1181
452	3	lx-0977	cançó	noun	509	721	359
453	3	lx-4217	central	adjective	509	1016	255
454	3	lx-4102	premi	noun	510	1159	224
455	3	lx-0144	trencar	verb	510	326	799
456	3	lx-0310	estudiant	noun	511	1077	242
457	3	lx-4442	obtenir	verb	513	981	268
458	3	lx-1028	realitat	noun	513	382	689
459	3	lx-0532	moure	verb	515	299	887
460	3	lx-3018	soldar	verb	516	434	613
461	3	lx-3804	mestre	noun	516	536	497
462	4	lx-4059	funcionar	verb	517	308	869
463	4	lx-4256	contenir	verb	519	1191	226
464	4	lx-0650	vendre	verb	519	411	655
465	4	lx-0632	programa	noun	519	804	335
466	4	lx-4259	llista	noun	519	580	465
467	4	lx-0937	cridar	verb	520	310	872
468	4	lx-4410	real	adjective	521	501	541
469	4	lx-4145	fi	noun	521	448	606
470	4	lx-4431	militar	adjective	522	858	317
471	4	lx-4488	atacar	verb	523	435	629
472	4	lx-0118	comprar	verb	523	309	886
473	4	lx-0967	company	noun	528	425	656
474	4	lx-4615	salvar	verb	529	274	1021
475	4	lx-4423	superior	adjective	530	1069	263
476	4	lx-0369	finestra	noun	530	670	420
477	4	lx-0244	nosaltres	pronoun	531	138	2041
478	4	lx-4405	favor	noun	531	268	1053
479	4	lx-0782	resultat	noun	533	829	343
480	4	lx-4304	local	adjective	537	884	326
481	4	lx-1903	batalla	noun	540	607	481
482	4	lx-4424	construcció	noun	543	1648	179
483	4	lx-1944	acció	noun	544	707	419
484	4	lx-0910	marit	noun	545	334	888
485	4	lx-0102	beure	verb	546	257	1161
486	4	lx-0736	peu	noun	547	431	693
487	4	lx-4486	anterior	adjective	548	857	350
488	4	lx-0908	noia	noun	549	225	1340
489	4	lx-1596	font	noun	550	1014	298
490	4	lx-4520	triar	verb	552	410	742
491	4	lx-0671	motiu	noun	552	610	499
492	4	lx-0580	animal	noun	552	620	491
493	4	lx-0383	cambra	noun	552	968	315
494	4	lx-1040	gaire	adverb	554	290	1057
495	4	lx-1946	fons	noun	554	645	476
496	4	lx-4394	probablement	adverb	554	444	692
497	4	lx-0535	projecte	noun	554	1035	297
498	4	lx-4409	capità	noun	556	272	1138
499	4	lx-0116	llegir	verb	557	325	953
500	4	lx-0772	personal	noun	557	547	567
501	4	lx-0213	preguntar	verb	558	212	1470
502	4	lx-1358	efecte	noun	561	789	399
503	4	lx-1574	diari	noun	561	581	542
504	4	lx-4512	proper	adjective	561	561	562
505	4	lx-4592	destruir	verb	562	479	659
506	4	lx-4171	créixer	verb	564	562	566
507	4	lx-0511	faltar	verb	565	301	1059
508	4	lx-1504	aire	noun	568	632	511
509	4	lx-4435	mur	noun	568	593	545
510	4	lx-4254	activitat	noun	569	1309	247
511	4	lx-4426	torre	noun	569	927	349
512	4	lx-3945	recuperar	verb	570	532	611
513	4	lx-0187	trucar	verb	571	173	1883
514	4	lx-1505	espècie	noun	573	1012	325
515	4	lx-0709	darrere	preposition	574	391	842
516	4	lx-1987	element	noun	575	1350	245
517	4	lx-2267	retirar	verb	576	751	442
518	4	lx-1600	llançar	verb	576	634	524
519	4	lx-4407	mena	noun	579	427	785
520	4	lx-0604	por	noun	581	253	1332
521	4	lx-0955	cavall	noun	581	458	738
522	4	lx-4284	social	adjective	582	1241	273
523	4	lx-0149	tothom	pronoun	583	226	1502
524	4	lx-4187	obstant	noun	583	1381	246
525	4	lx-4429	futur	noun	588	477	724
526	4	lx-3898	disparar	verb	588	267	1296
527	4	lx-1978	or	noun	589	558	621
528	4	lx-0205	aprendre	verb	589	362	958
529	4	lx-0682	malgrat	preposition	589	978	355
530	4	lx-4207	realment	adverb	590	276	1260
531	4	lx-0206	ensenyar	verb	590	315	1106
532	4	lx-4258	publicar	verb	592	1614	217
533	4	lx-1137	agent	noun	593	322	1091
534	4	lx-1614	fugir	verb	593	453	776
535	4	lx-4461	secret	noun	594	345	1022
536	4	lx-3973	descobrir	verb	597	543	657
537	4	lx-0928	clau	noun	598	451	793
538	4	lx-4450	unitat	noun	598	762	470
539	4	lx-1409	acte	noun	599	665	540
540	4	lx-0556	viatge	noun	600	491	732
541	4	lx-1620	societat	noun	600	1084	332
542	4	lx-3979	oest	noun	601	945	382
543	4	lx-4416	reial	adjective	601	695	520
544	4	lx-1623	valor	noun	601	795	455
545	4	lx-4492	enemic	noun	602	457	794
546	4	lx-2635	vista	noun	602	597	608
547	4	lx-0184	pujar	verb	604	351	1041
548	4	lx-4433	capaç	adjective	605	497	737
549	4	lx-4113	participar	verb	606	1352	272
550	4	lx-0292	vi	noun	609	555	668
551	4	lx-0278	hola	interjection	611	114	3280
552	4	lx-0888	coll	noun	613	518	726
553	4	lx-0359	separar	verb	614	781	483
554	4	lx-0904	germana	noun	615	371	1018
555	4	lx-4276	actuar	verb	615	684	553
556	4	lx-4418	reina	noun	617	346	1101
557	4	lx-4098	parar	verb	618	306	1247
558	4	lx-4314	evitar	verb	619	729	526
559	4	lx-1031	respecte	noun	619	576	666
560	4	lx-1023	diferència	noun	620	823	467
561	4	lx-0460	maig	noun	621	1612	239
562	4	lx-0322	muntanya	noun	621	757	509
563	4	lx-4454	material	noun	621	1265	305
564	4	lx-4437	popular	adjective	622	1271	304
565	4	lx-4489	renda	noun	622	2450	158
566	4	lx-1141	presó	noun	623	447	868
567	4	lx-2042	propietari	noun	623	1155	336
568	4	lx-0001	català	noun	626	2094	187
569	4	lx-0214	respondre	verb	626	440	892
570	4	lx-0923	habitació	noun	627	313	1258
571	4	lx-4434	doctor	noun	630	311	1277
572	4	lx-0408	hospital	noun	631	511	778
573	4	lx-4419	direcció	noun	631	890	447
574	4	lx-0236	vermell	adjective	634	595	675
575	4	lx-0594	costa	noun	634	688	585
576	4	lx-0442	tallar	verb	635	443	911
577	4	lx-3930	conservar	verb	636	1469	275
578	4	lx-0199	dormir	verb	637	240	1690
579	4	lx-4440	milió	noun	641	442	930
580	4	lx-2475	estil	noun	641	1088	378
581	4	lx-2396	senyal	noun	642	505	815
582	4	lx-2908	actualment	adverb	642	1933	213
583	4	lx-2517	robar	verb	643	292	1415
584	4	lx-4332	assegurar	verb	644	473	877
585	4	lx-0509	francès	noun	644	1298	320
586	4	lx-0203	cantar	verb	645	554	750
587	4	lx-0936	informar	verb	646	520	803
588	4	lx-0330	gos	noun	648	332	1264
589	4	lx-0802	desitjar	verb	650	389	1085
590	4	lx-4119	senyora	noun	650	238	1774
591	4	lx-1676	volta	noun	652	618	687
592	4	lx-4202	acompanyar	verb	652	641	663
593	4	lx-4447	oportunitat	noun	652	336	1267
594	4	lx-1285	investigació	noun	653	628	680
595	4	lx-0758	bell	adjective	655	619	694
596	4	lx-0247	vostè	pronoun	657	139	3106
597	4	lx-0085	matí	noun	658	333	1299
598	4	lx-3948	cremar	verb	658	400	1083
599	4	lx-4241	demostrar	verb	658	685	633
600	4	lx-4264	meitat	noun	659	614	708
601	4	lx-4453	període	noun	659	1685	258
602	4	lx-0226	fàcil	adjective	662	384	1141
603	4	lx-4421	procés	noun	664	1294	341
604	4	lx-0588	bosc	noun	665	669	661
605	4	lx-3992	versió	noun	665	1346	329
606	4	lx-4595	peça	noun	666	1075	412
607	4	lx-1337	negoci	noun	666	446	995
608	4	lx-4216	sort	noun	666	278	1597
609	4	lx-1572	mesurar	verb	667	1205	369
610	4	lx-1644	mostra	noun	667	908	490
611	4	lx-1408	escena	noun	668	780	572
612	4	lx-0780	desenvolupar	verb	669	1455	308
613	4	lx-4432	missió	noun	669	667	672
614	4	lx-1573	notícia	noun	671	460	979
615	4	lx-3240	destacar	verb	672	2342	193
616	4	lx-1922	pont	noun	672	701	645
617	4	lx-0097	taula	noun	672	582	777
618	4	lx-1558	propietat	noun	673	917	494
619	4	lx-4427	honor	noun	673	533	851
620	4	lx-4446	original	adjective	674	1290	352
621	4	lx-3962	esquerra	noun	674	710	640
622	4	lx-4299	amagar	verb	675	378	1204
623	4	lx-4265	preocupar	verb	675	269	1694
624	4	lx-4355	dreta	noun	675	719	634
625	4	lx-0169	vostre	determiner	676	165	2766
626	4	lx-1284	ciència	noun	677	856	536
627	4	lx-4111	error	noun	678	475	968
628	4	lx-0406	salut	noun	678	583	789
629	4	lx-3912	entrada	noun	678	880	523
630	4	lx-4448	natural	adjective	678	1131	407
631	4	lx-2934	model	noun	680	1333	347
632	4	lx-4155	carrera	noun	681	1095	423
633	4	lx-4311	internacional	adjective	682	1609	289
634	4	lx-0313	llengua	noun	682	1030	452
635	4	lx-0867	decisió	noun	684	537	870
636	4	lx-0363	oblidar	verb	684	288	1623
637	4	lx-0202	córrer	verb	685	377	1243
638	4	lx-0177	mil	numeral	685	476	987
639	4	lx-0377	organitzar	verb	687	954	495
640	4	lx-1965	personatge	noun	687	1414	334
641	4	lx-4510	resultar	verb	687	743	636
642	4	lx-0141	anglès	noun	689	947	502
643	4	lx-1457	àrea	noun	692	1178	406
644	4	lx-1618	avançar	verb	693	689	698
645	4	lx-0456	gener	noun	694	1804	267
646	4	lx-0847	missatge	noun	695	413	1168
647	4	lx-1011	port	noun	695	728	664
648	4	lx-2167	dades	noun	696	963	503
649	4	lx-4576	escapar	verb	696	471	1029
650	4	lx-0966	oficina	noun	697	524	926
651	4	lx-4441	contacte	noun	697	646	753
652	4	lx-0464	setembre	noun	697	1707	285
653	4	lx-3825	mentir	verb	700	285	1719
654	4	lx-2990	especialment	adverb	702	1052	468
655	4	lx-2531	defensa	noun	702	844	584
656	4	lx-3112	funció	noun	703	1600	309
657	4	lx-1291	energia	noun	703	700	707
658	4	lx-4104	tema	noun	704	777	637
659	4	lx-0555	recerca	noun	704	877	565
660	4	lx-2048	metre	noun	704	850	583
661	4	lx-0771	atenció	noun	705	545	913
662	4	lx-4568	civil	adjective	706	1257	396
663	4	lx-4425	accés	noun	708	1048	478
664	4	lx-3823	convidar	verb	709	472	1065
665	4	lx-4438	papa	noun	711	386	1309
666	4	lx-2038	condició	noun	712	1003	506
667	4	lx-4444	parell	noun	713	439	1157
668	4	lx-0647	quantitat	noun	713	1067	477
669	4	lx-4141	data	noun	714	1201	424
670	4	lx-1368	collir	verb	714	237	2150
671	4	lx-4462	actual	adjective	715	1511	338
672	4	lx-0838	artista	noun	715	1164	439
673	4	lx-0558	avió	noun	717	510	1008
674	4	lx-0276	vuit	numeral	718	676	763
675	4	lx-0872	allò	pronoun	719	426	1213
676	4	lx-0767	producte	noun	719	1188	435
677	4	lx-1639	estructura	noun	719	1759	294
678	4	lx-0666	teoria	noun	720	909	570
679	4	lx-1530	màquina	noun	721	572	909
680	4	lx-2092	observar	verb	721	894	582
681	4	lx-1677	arc	noun	721	1233	422
682	4	lx-1602	aixecar	verb	722	455	1147
683	4	lx-0161	tampoc	adverb	723	385	1359
684	4	lx-4476	aspecte	noun	726	984	535
685	4	lx-4487	conjunt	noun	726	1817	290
686	4	lx-0461	juny	noun	727	1986	266
687	4	lx-1032	perill	noun	727	437	1209
688	4	lx-0324	cel	noun	728	429	1234
689	4	lx-4075	visitar	verb	728	818	648
690	4	lx-0318	pel·lícula	noun	728	3400	156
691	4	lx-4543	privat	adjective	728	744	713
692	4	lx-0779	estudiar	verb	730	1055	505
693	4	lx-4099	perdonar	verb	731	236	2263
694	4	lx-0412	operació	noun	731	747	715
695	4	lx-0411	curar	verb	731	499	1071
696	4	lx-4436	comte	noun	731	611	875
697	4	lx-1223	compartir	verb	732	659	813
698	4	lx-1130	víctima	noun	732	452	1186
699	4	lx-4243	obligar	verb	733	792	678
700	4	lx-0602	confiar	verb	736	312	1737
701	4	lx-4517	controlar	verb	737	715	759
702	4	lx-4457	temporada	noun	737	1487	365
703	4	lx-4067	conduir	verb	737	544	998
704	4	lx-0407	metge	noun	737	529	1028
705	4	lx-4452	mundial	adjective	739	1546	353
706	4	lx-2932	completament	adverb	739	674	811
707	4	lx-4073	ric	adjective	739	666	821
708	4	lx-1815	matrimoni	noun	740	821	667
709	4	lx-0133	quart	noun	740	842	651
710	4	lx-0608	llibertat	noun	741	675	814
711	4	lx-0176	cent	numeral	742	638	864
712	4	lx-0225	curt	adjective	743	931	593
713	4	lx-0360	reunir	verb	743	736	751
714	4	lx-0430	vestit	noun	744	485	1142
715	4	lx-0927	escala	noun	744	942	588
716	4	lx-0516	bastant	adverb	745	508	1093
717	4	lx-0462	juliol	noun	745	1984	280
718	4	lx-0237	blau	adjective	746	724	768
719	4	lx-4521	complet	adjective	747	906	616
720	4	lx-0233	fred	adjective	747	525	1064
721	4	lx-4460	normal	adjective	747	557	1003
722	4	lx-0968	sou	noun	749	300	1870
723	4	lx-0166	lluny	adverb	749	406	1382
724	4	lx-0634	càmera	noun	749	658	853
725	4	lx-4466	corrent	adjective	750	704	800
726	4	lx-4508	americà	adjective	752	723	782
727	4	lx-0315	resposta	noun	754	577	984
728	4	lx-4528	provar	verb	754	403	1410
729	4	lx-4333	ordenar	verb	754	693	820
730	4	lx-1527	producció	noun	755	1690	337
731	4	lx-0329	flor	noun	756	806	709
732	4	lx-2317	departament	noun	756	834	686
733	4	lx-0465	octubre	noun	758	2059	279
734	4	lx-4364	fosc	adjective	761	616	939
735	4	lx-4484	territori	noun	763	1630	357
736	4	lx-1627	comunitat	noun	764	1246	469
737	4	lx-0610	teatre	noun	765	1499	390
738	4	lx-0365	llit	noun	765	364	1608
739	4	lx-4443	comandant	noun	766	534	1099
740	4	lx-4522	iniciar	verb	767	1268	464
741	4	lx-4116	qüestió	noun	768	626	943
742	4	lx-1773	ferit	noun	769	587	1007
743	4	lx-1575	revista	noun	769	1467	403
744	4	lx-1578	article	noun	770	1141	519
745	4	lx-1339	experiència	noun	770	726	816
746	4	lx-0990	banc	noun	770	609	974
747	4	lx-0129	pobre	adjective	770	480	1236
748	4	lx-0283	si us plau	phrase	772	163	3658
749	4	lx-0328	arbre	noun	773	801	746
750	4	lx-4439	simplement	adverb	773	482	1240
751	4	lx-1027	possibilitat	noun	774	705	850
752	4	lx-4506	polític	adjective	774	1286	466
753	4	lx-0191	preferir	verb	774	487	1231
754	4	lx-0985	plaça	noun	776	1404	429
755	4	lx-4612	màxim	adjective	777	1105	547
756	4	lx-4110	adonar	verb	778	506	1195
757	4	lx-4470	comú	adjective	778	979	618
758	4	lx-0185	baixar	verb	778	492	1230
759	4	lx-0528	afegir	verb	778	1277	474
760	4	lx-0238	verd	adjective	778	790	767
761	4	lx-0613	concert	noun	778	1054	575
762	4	lx-0976	cultura	noun	781	1484	411
763	4	lx-0370	paret	noun	782	879	695
764	4	lx-4451	príncep	noun	783	755	812
765	4	lx-4613	senzill	adjective	784	933	658
766	4	lx-0139	estiu	noun	784	955	643
767	4	lx-0938	prometre	verb	784	337	1823
768	4	lx-0643	xarxa	noun	784	1109	554
769	4	lx-2991	sobretot	adverb	784	1193	515
770	4	lx-0778	telèfon	noun	785	365	1688
771	4	lx-3896	declarar	verb	786	956	646
772	4	lx-4471	dòlar	noun	786	421	1467
773	4	lx-0546	reunió	noun	786	553	1117
774	4	lx-0974	jugador	noun	787	1518	408
775	4	lx-4590	esclau	noun	788	516	1202
776	4	lx-0228	bonic	adjective	788	317	1957
777	4	lx-0417	malaltia	noun	788	985	630
778	4	lx-0863	somni	noun	788	395	1573
779	4	lx-1451	regió	noun	789	2006	310
780	4	lx-0795	estació	noun	791	1051	595
781	4	lx-2181	tranquil	adjective	792	335	1871
782	4	lx-0741	roba	noun	792	509	1232
783	4	lx-4598	directe	adjective	793	893	705
784	4	lx-1705	capital	noun	794	1162	543
785	5	lx-0138	braç	noun	795	596	1060
786	5	lx-1290	estrella	noun	795	733	862
787	5	lx-1959	autor	noun	796	1902	333
788	5	lx-0458	març	noun	796	2071	306
789	5	lx-1062	deure	verb	797	376	1689
790	5	lx-0357	feliç	adjective	799	363	1760
791	5	lx-1674	façana	noun	800	2746	233
792	5	lx-2303	reduir	verb	800	1280	500
793	5	lx-4211	dalt	adverb	800	467	1371
794	5	lx-1867	ple	noun	800	578	1108
795	5	lx-0512	durar	verb	801	929	690
796	5	lx-0201	caminar	verb	803	416	1551
797	5	lx-2318	divisió	noun	804	1403	461
798	5	lx-4566	líder	noun	806	791	822
799	5	lx-4491	exactament	adverb	808	350	1867
800	5	lx-0686	almenys	adverb	809	575	1137
801	5	lx-0559	tren	noun	810	629	1042
802	5	lx-0216	dolent	adjective	810	353	1857
803	5	lx-4463	mitjançant	preposition	811	1716	383
804	5	lx-4455	front	noun	812	895	736
805	5	lx-0958	institut	noun	814	1049	631
806	5	lx-4181	escollir	verb	816	775	860
807	5	lx-2513	assassí	noun	817	359	1858
808	5	lx-4056	necessari	adjective	817	832	802
809	5	lx-2052	religió	noun	817	1454	459
810	5	lx-1267	ministre	noun	817	932	717
811	5	lx-0467	desembre	noun	819	2184	307
812	5	lx-0640	modern	adjective	819	1571	427
813	5	lx-1043	caixa	noun	819	604	1111
814	5	lx-0794	carretera	noun	821	923	730
815	5	lx-1038	normalment	adverb	823	1038	652
816	5	lx-4260	causar	verb	824	944	719
817	5	lx-0531	seure	verb	825	513	1326
818	5	lx-2326	marca	noun	825	970	702
819	5	lx-4480	capacitat	noun	826	1321	516
820	5	lx-4482	victòria	noun	827	1022	670
821	5	lx-0907	nena	noun	828	366	1875
822	5	lx-4478	simple	adjective	829	840	818
823	5	lx-0335	mercat	noun	832	1110	624
824	5	lx-0611	pintar	verb	832	835	830
825	5	lx-4479	doble	adjective	833	1085	639
826	5	lx-4509	autoritat	noun	834	1032	674
827	5	lx-4600	dècada	noun	834	1653	421
828	5	lx-0592	vall	noun	834	1306	533
829	5	lx-0727	pell	noun	835	734	951
830	5	lx-3953	marxa	noun	836	663	1055
831	5	lx-4468	origen	noun	837	1617	433
832	5	lx-0672	dubte	noun	837	601	1165
833	5	lx-0410	dolor	noun	837	564	1242
834	5	lx-1532	motor	noun	838	1026	685
835	5	lx-1289	planeta	noun	839	654	1076
836	5	lx-0336	preu	noun	841	677	1044
837	5	lx-4473	unió	noun	841	1607	440
838	5	lx-1154	grau	noun	841	1136	623
839	5	lx-1314	fusta	noun	842	1344	527
840	5	lx-0757	superar	verb	842	852	832
841	5	lx-3875	professional	adjective	842	1163	610
842	5	lx-0459	abril	noun	843	2276	312
843	5	lx-2302	augmentar	verb	844	1278	558
844	5	lx-4552	perfecte	adjective	845	418	1708
845	5	lx-4445	totalment	adverb	845	808	884
846	5	lx-0128	malament	adverb	846	320	2234
847	5	lx-4456	presència	noun	846	1186	603
848	5	lx-4538	particular	adjective	848	1719	418
849	5	lx-4469	tropa	noun	848	1283	561
850	5	lx-1898	cavaller	noun	849	599	1203
851	5	lx-4354	enrere	adverb	850	465	1553
852	5	lx-4604	familiar	adjective	850	876	825
853	5	lx-0143	encantar	verb	850	319	2266
854	5	lx-0314	pregunta	noun	851	401	1806
855	5	lx-0468	despertar	verb	851	456	1589
856	5	lx-0844	foto	noun	852	397	1827
857	5	lx-2168	codi	noun	852	799	908
858	5	lx-4554	romà	adjective	852	1308	555
859	5	lx-1413	musical	noun	852	1848	393
860	5	lx-0644	memòria	noun	854	904	807
861	5	lx-4465	palau	noun	854	1237	590
862	5	lx-4101	carta	noun	855	766	955
863	5	lx-4515	figura	noun	855	1674	437
864	5	lx-1973	ferro	noun	857	869	845
865	5	lx-4464	esposa	noun	858	784	938
866	5	lx-4578	mínim	adjective	858	772	954
867	5	lx-0466	novembre	noun	859	2120	348
868	5	lx-0492	interès	noun	860	1132	654
869	5	lx-0489	lent	adjective	861	656	1129
870	5	lx-0538	nota	noun	861	782	948
871	5	lx-0845	televisió	noun	862	1244	597
872	5	lx-4579	coberta	noun	864	1558	479
873	5	lx-1160	curs	noun	865	1125	665
874	5	lx-0994	museu	noun	865	2007	373
875	5	lx-4459	arreu	adverb	866	699	1074
876	5	lx-4477	velocitat	noun	866	1074	699
877	5	lx-1134	testimoni	noun	867	651	1154
878	5	lx-4139	llogar	verb	867	1479	508
879	5	lx-0615	cinema	noun	868	1646	458
880	5	lx-4580	organització	noun	869	1599	472
881	5	lx-4565	accident	noun	870	608	1244
882	5	lx-0473	sopar	verb	873	383	1988
883	5	lx-0463	agost	noun	873	2410	316
884	5	lx-1479	culpa	noun	873	370	2062
885	5	lx-4569	vila	noun	876	1628	471
886	5	lx-4495	combat	noun	876	900	852
887	5	lx-0979	pintura	noun	876	1494	514
888	5	lx-4239	suficient	adjective	877	623	1235
889	5	lx-0895	malalt	adjective	877	568	1355
890	5	lx-4534	tècnica	noun	878	1667	462
891	5	lx-0815	imaginar	verb	878	354	2176
892	5	lx-4611	menor	adjective	879	1533	504
893	5	lx-0886	boca	noun	880	546	1417
894	5	lx-3902	presoner	noun	881	686	1131
895	5	lx-1045	rebut	noun	881	644	1206
896	5	lx-0690	tanmateix	adverb	882	1827	426
897	5	lx-0787	desenvolupament	noun	883	1949	400
898	5	lx-0130	pitjor	adjective	883	428	1822
899	5	lx-0841	gaudir	verb	884	682	1146
900	5	lx-3225	suggerir	verb	884	846	924
901	5	lx-4597	present	adjective	886	1170	671
902	5	lx-1274	campanya	noun	888	1196	660
903	5	lx-3746	econòmic	adjective	889	1909	414
904	5	lx-0766	client	noun	890	600	1321
905	5	lx-4342	complir	verb	891	770	1032
906	5	lx-1001	barri	noun	892	1432	556
907	5	lx-4582	caràcter	noun	894	1779	449
908	5	lx-2030	opció	noun	895	591	1356
909	5	lx-1554	pena	noun	895	540	1485
910	5	lx-1283	arxiu	noun	896	948	847
911	5	lx-0620	parc	noun	897	1254	641
912	5	lx-3216	defensar	verb	897	938	858
913	5	lx-4323	afectar	verb	897	1128	714
914	5	lx-4267	detall	noun	899	800	1010
915	5	lx-4567	marc	noun	900	1066	760
916	5	lx-0857	coneixement	noun	901	1124	722
917	5	lx-0764	responsable	adjective	901	843	963
918	5	lx-0261	demà	adverb	902	248	3279
919	5	lx-4581	exterior	adjective	902	1433	568
920	5	lx-3904	pista	noun	903	785	1039
921	5	lx-2090	gust	noun	905	585	1400
922	5	lx-3738	ros	adjective	907	949	867
923	5	lx-0786	formació	noun	907	1846	446
924	5	lx-2608	explotació	noun	910	2836	292
925	5	lx-1146	advocat	noun	910	605	1369
926	5	lx-4109	ficar	verb	911	368	2253
927	5	lx-4591	espasa	noun	911	548	1514
928	5	lx-0839	disseny	noun	913	1721	484
929	5	lx-4507	roca	noun	913	1047	797
930	5	lx-1124	crim	noun	914	507	1646
931	5	lx-4363	buit	adjective	914	730	1145
932	5	lx-4602	comunicació	noun	914	1362	614
933	5	lx-3219	negar	verb	917	860	977
934	5	lx-2833	històric	adjective	917	1893	444
935	5	lx-0347	oncle	noun	918	551	1530
936	5	lx-0334	botiga	noun	919	814	1037
937	5	lx-4570	governador	noun	919	1013	834
938	5	lx-1547	risc	noun	921	786	1080
939	5	lx-1588	secció	noun	922	1489	571
940	5	lx-2035	pèrdua	noun	923	899	947
941	5	lx-2195	sortida	noun	923	874	975
942	5	lx-4496	educació	noun	924	1604	532
943	5	lx-0572	viatjar	verb	925	867	986
944	5	lx-1052	document	noun	925	1413	605
945	5	lx-1318	via	noun	925	1064	805
946	5	lx-0768	qualitat	noun	926	1447	592
947	5	lx-2956	pes	noun	927	922	932
948	5	lx-4594	quelcom	pronoun	927	420	2046
949	5	lx-3869	tasca	noun	927	1347	638
950	5	lx-1894	imperi	noun	928	1118	770
951	5	lx-0810	justícia	noun	928	718	1200
952	5	lx-4524	record	noun	930	745	1160
953	5	lx-2621	sobreviure	verb	931	657	1319
954	5	lx-3974	superfície	noun	932	1780	488
955	5	lx-2297	conseqüència	noun	932	1223	711
956	5	lx-4513	referència	noun	933	1622	537
957	5	lx-0245	vosaltres	pronoun	934	244	3577
958	5	lx-4572	impossible	adjective	934	603	1448
959	5	lx-4530	text	noun	935	1773	493
960	5	lx-2131	to	noun	935	1272	688
961	5	lx-4561	droga	noun	936	498	1758
962	5	lx-1149	judici	noun	937	690	1272
963	5	lx-1621	tradició	noun	937	1559	563
964	5	lx-4246	correcte	adjective	938	490	1796
965	5	lx-4583	intenció	noun	939	892	988
966	5	lx-4559	comercial	adjective	940	1675	528
967	5	lx-4474	directament	adverb	941	1042	849
968	5	lx-4475	damunt	preposition	942	925	960
969	5	lx-1452	frontera	noun	943	1180	754
970	5	lx-4571	miler	noun	944	697	1278
971	5	lx-4548	episodi	noun	945	969	921
972	5	lx-1507	protecció	noun	946	958	934
973	5	lx-0301	ou	noun	947	698	1286
974	5	lx-4481	premsa	noun	948	935	961
975	5	lx-4558	esdeveniment	noun	948	1400	642
976	5	lx-2055	temple	noun	948	1501	599
977	5	lx-0327	vent	noun	950	885	1020
978	5	lx-4472	quasi	adverb	950	807	1119
979	5	lx-0457	febrer	noun	951	2406	376
980	5	lx-0543	ordinador	noun	951	787	1150
981	5	lx-0661	opinió	noun	952	813	1114
982	5	lx-4215	mala	noun	952	573	1583
983	5	lx-2061	ànima	noun	953	630	1442
984	5	lx-4195	resoldre	verb	953	815	1115
985	5	lx-0981	ball	noun	954	872	1043
986	5	lx-3922	gira	noun	954	1021	891
987	5	lx-4206	perillós	adjective	954	519	1754
988	5	lx-4596	cort	noun	954	1211	752
989	5	lx-3805	secretari	noun	955	1220	747
990	5	lx-2065	dimoni	noun	956	484	1888
991	5	lx-0005	gana	noun	956	405	2257
992	5	lx-4140	anunciar	verb	957	1402	653
993	5	lx-1231	pressió	noun	957	1102	831
994	5	lx-0792	hotel	noun	957	680	1348
995	5	lx-0855	gens	adverb	958	649	1413
996	5	lx-0482	millorar	verb	960	1107	833
997	5	lx-0851	disc	noun	960	1784	517
998	5	lx-1343	fàbrica	noun	960	1181	781
999	5	lx-4222	registre	noun	961	987	936
1000	5	lx-4574	distància	noun	963	1053	881
1001	5	lx-3998	penjar	verb	963	660	1406
1002	5	lx-1258	nació	noun	965	1311	710
1003	5	lx-3227	proposar	verb	965	1243	749
1004	5	lx-3171	variar	verb	965	1969	473
1005	5	lx-2725	obertura	noun	965	2043	456
1006	5	lx-3865	travessar	verb	965	901	1034
1007	5	lx-4084	famós	adjective	966	1017	918
1008	5	lx-2406	edició	noun	967	2408	388
1009	5	lx-2054	fe	noun	969	758	1239
1010	5	lx-4588	mida	noun	972	1368	691
1011	5	lx-3872	sector	noun	973	1510	627
1012	5	lx-0621	jardí	noun	974	1121	846
1013	5	lx-1582	canal	noun	974	1531	620
1014	5	lx-1528	cadena	noun	976	1040	916
1015	5	lx-3986	estranger	noun	976	1094	871
1016	5	lx-1640	mètode	noun	977	1754	544
1017	5	lx-0833	cultural	adjective	977	2131	448
1018	5	lx-0840	fotografia	noun	979	1204	796
1019	5	lx-4577	veritable	adjective	980	735	1306
1020	5	lx-4586	tinent	noun	980	592	1622
1021	5	lx-1025	importància	noun	981	1374	701
1022	5	lx-4575	comandament	noun	983	1034	935
1023	5	lx-2737	interpretar	verb	983	1688	573
1024	5	lx-0182	pàgina	noun	986	1173	829
1025	5	lx-4493	allí	adverb	986	778	1250
1026	5	lx-0636	connectar	verb	986	962	1011
1027	5	lx-2106	lluna	noun	986	712	1366
1028	5	lx-4240	sorprendre	verb	986	648	1501
1029	5	lx-4584	començament	noun	988	1031	946
1030	5	lx-0942	esperança	noun	989	636	1537
1031	5	lx-0295	carn	noun	989	683	1432
1032	5	lx-4108	enfrontar	verb	989	1037	944
1033	5	lx-4599	creació	noun	991	1857	529
1034	5	lx-4562	sentiment	noun	991	731	1344
1035	5	lx-2898	ràpidament	adverb	992	1356	725
1036	5	lx-4537	heroi	noun	992	631	1559
1037	5	lx-0140	hivern	noun	993	1006	980
1038	5	lx-1601	atrapar	verb	994	541	1825
1039	5	lx-4490	enllà	adverb	994	837	1180
1040	5	lx-1893	república	noun	994	1596	619
1041	5	lx-2919	immediatament	adverb	994	849	1164
1042	5	lx-4189	atendre	verb	994	1210	817
1043	5	lx-0852	vídeo	noun	994	1007	982
1044	5	lx-1407	secundari	noun	995	1523	650
1045	5	lx-2121	forat	noun	996	752	1318
1046	5	lx-4494	excepte	preposition	997	816	1218
1047	5	lx-0180	restaurant	noun	998	1120	889
1048	5	lx-1526	indústria	noun	1001	1515	662
1049	5	lx-2037	límit	noun	1002	1183	848
1050	5	lx-1271	vot	noun	1002	912	1100
1051	5	lx-2365	habilitat	noun	1006	960	1054
1052	5	lx-0296	peix	noun	1006	878	1153
1053	5	lx-4303	influència	noun	1007	1621	626
1054	5	lx-2050	terreny	noun	1010	1420	718
1055	5	lx-1622	norma	noun	1010	952	1072
1056	5	lx-0760	treballador	adjective	1010	1215	840
1057	5	lx-4609	gas	noun	1011	991	1031
1058	5	lx-0993	biblioteca	noun	1011	1576	649
1059	5	lx-0291	cafè	noun	1012	617	1659
1060	5	lx-2087	visió	noun	1013	1024	1002
1061	5	lx-4557	legal	adjective	1014	773	1329
1062	5	lx-1360	necessitat	noun	1014	1072	959
1063	5	lx-1020	solució	noun	1015	1060	972
1064	5	lx-0436	mitja	noun	1015	759	1358
1065	5	lx-0790	tecnologia	noun	1016	1366	756
1066	5	lx-1538	fabricar	verb	1016	1338	772
1067	5	lx-0891	cama	noun	1017	624	1657
1068	5	lx-0846	ràdio	noun	1017	1134	912
1069	5	lx-0725	os	noun	1019	753	1378
1070	5	lx-2003	angle	noun	1019	1364	761
1071	5	lx-0614	exposició	noun	1021	1797	580
1072	5	lx-1456	districte	noun	1021	1660	628
1073	5	lx-3958	eleccions	noun	1021	1525	684
1074	5	lx-4096	regal	noun	1022	584	1787
1075	5	lx-4167	aprofitar	verb	1023	1175	890
1076	5	lx-1648	cita	noun	1023	652	1604
1077	5	lx-4556	escut	noun	1023	1165	898
1078	5	lx-0375	netejar	verb	1023	633	1653
1079	5	lx-0086	tarda	noun	1023	635	1648
1080	5	lx-0663	pensament	noun	1023	824	1271
1081	5	lx-2249	descobert	noun	1029	1043	1016
1082	5	lx-0380	llar	noun	1031	910	1167
1083	5	lx-2062	esperit	noun	1031	937	1134
1084	5	lx-2293	amenaça	noun	1032	788	1351
1085	5	lx-0413	pacient	noun	1032	919	1159
1086	5	lx-4117	acostumar	verb	1037	812	1324
1087	5	lx-2148	esforç	noun	1037	1203	894
1088	5	lx-4319	solament	adverb	1038	763	1411
1089	5	lx-0343	avi	noun	1038	720	1496
1090	5	lx-4367	fals	adjective	1039	797	1354
1091	5	lx-0962	regle	noun	1041	996	1087
1092	5	lx-0797	transport	noun	1041	1376	787
1093	5	lx-1347	contractar	verb	1042	928	1170
1094	5	lx-4587	quilòmetre	noun	1042	1153	942
1095	5	lx-1103	anell	noun	1044	916	1189
1096	5	lx-4593	corona	noun	1045	1008	1084
1097	5	lx-1229	tractament	noun	1046	1384	791
1098	5	lx-2589	desocupat	noun	1047	3435	319
1099	5	lx-1144	tribunal	noun	1048	1187	925
1100	5	lx-0816	comprendre	verb	1049	1004	1096
1101	5	lx-0728	cabell	noun	1050	647	1703
1102	5	lx-2814	clàssic	adjective	1050	1712	644
1103	5	lx-2280	nucli	noun	1051	1959	564
1104	5	lx-1938	vora	noun	1052	1319	839
1105	5	lx-2146	resistència	noun	1052	1296	854
1106	5	lx-1435	fil	noun	1056	982	1136
1107	5	lx-0828	crítica	noun	1057	1876	596
1108	5	lx-0570	mapa	noun	1058	1113	1006
1109	5	lx-4177	retornar	verb	1061	1184	950
1110	5	lx-4516	juntament	adverb	1061	2056	548
1111	5	lx-4365	dolç	adjective	1062	716	1574
1112	5	lx-0883	obert	adjective	1062	990	1140
1113	5	lx-0371	bany	noun	1064	742	1525
1114	5	lx-4610	tron	noun	1064	913	1241
1115	5	lx-0480	repetir	verb	1064	957	1184
1116	5	lx-4536	intent	noun	1065	1320	859
1117	5	lx-4124	assumpte	noun	1066	783	1450
1118	5	lx-4589	emperador	noun	1066	1261	901
1119	5	lx-0553	investigar	verb	1066	803	1416
1120	5	lx-0584	neu	noun	1067	793	1435
1121	5	lx-4607	contrari	adjective	1068	1112	1026
1122	5	lx-4283	pública	noun	1071	1471	780
1123	5	lx-0739	cervell	noun	1072	615	1868
1124	5	lx-4560	tomba	noun	1072	1086	1058
1125	5	lx-2353	vehicle	noun	1076	1266	914
1126	5	lx-4352	amunt	adverb	1077	739	1570
1127	5	lx-4505	alçada	noun	1078	1493	779
1128	5	lx-1738	tractat	noun	1080	1235	945
1129	5	lx-1236	visita	noun	1082	859	1363
1130	5	lx-3789	apostar	verb	1084	637	1844
1131	5	lx-1702	comerç	noun	1084	1920	612
1132	5	lx-4213	fantàstic	adjective	1086	530	2226
1133	5	lx-3813	jubilat	noun	1086	2837	416
1134	5	lx-1464	generació	noun	1088	1337	885
1135	5	lx-0485	plorar	verb	1088	515	2298
1136	5	lx-4544	brillant	adjective	1092	926	1288
1137	5	lx-0550	informe	noun	1092	820	1455
1138	5	lx-2362	torn	noun	1092	951	1255
1139	5	lx-4309	accedir	verb	1095	1363	880
1140	5	lx-4550	principalment	adverb	1098	2314	521
1141	5	lx-0753	descansar	verb	1099	625	1931
1142	5	lx-1392	actor	noun	1099	1677	720
1143	5	lx-3793	cantant	noun	1099	1369	882
1144	5	lx-0837	espectacle	noun	1101	1123	1079
1145	5	lx-4518	degut	adjective	1101	1500	808
1146	5	lx-0655	descomptar	verb	1103	468	2601
1147	5	lx-4529	generalment	adverb	1104	2123	574
1148	5	lx-0909	amiga	noun	1104	650	1876
1149	5	lx-0260	ahir	adverb	1105	381	3205
1150	5	lx-1740	aliat	noun	1106	1230	994
1151	5	lx-2143	broma	noun	1107	493	2485
1152	5	lx-1163	laboratori	noun	1107	851	1441
1153	5	lx-3214	objectar	verb	1111	1698	727
1154	5	lx-1700	venda	noun	1112	1406	879
1155	5	lx-0980	quadre	noun	1112	1314	941
1156	5	lx-4344	agrair	verb	1113	531	2333
1157	5	lx-0684	alhora	adverb	1116	1537	810
1158	5	lx-1968	conte	noun	1116	1018	1224
1159	5	lx-1878	associació	noun	1119	2108	594
1160	5	lx-1185	dibuix	noun	1120	1387	905
1161	5	lx-1828	patró	noun	1121	1202	1046
1162	5	lx-4120	pressa	noun	1122	489	2573
1163	5	lx-0945	divertit	adjective	1122	523	2406
1164	5	lx-1626	individu	noun	1122	1434	878
1165	5	lx-3231	discutir	verb	1123	810	1557
1166	5	lx-4601	segurament	adverb	1123	830	1520
1167	5	lx-0793	reserva	noun	1124	1182	1068
1168	5	lx-1049	mòbil	noun	1124	855	1477
1169	5	lx-0995	bar	noun	1128	822	1548
1170	5	lx-2614	fam	noun	1128	1199	1062
1171	5	lx-2518	assassinar	verb	1130	709	1801
1172	5	lx-3913	gènere	noun	1130	2326	549
1173	5	lx-2234	corb	noun	1132	886	1446
1174	5	lx-0606	plaer	noun	1132	565	2270
1175	5	lx-0732	nas	noun	1133	767	1674
1176	5	lx-4525	traducció	noun	1134	1194	1077
1177	5	lx-4295	absolut	adjective	1134	965	1333
1178	5	lx-1259	ciutadà	noun	1135	1229	1049
1179	5	lx-2889	llest	adjective	1136	470	2745
1180	5	lx-3985	permís	noun	1136	802	1610
1181	5	lx-0372	cuina	noun	1137	898	1439
1182	5	lx-4531	tracte	noun	1137	642	2013
1183	5	lx-4614	coronel	noun	1137	839	1541
1184	5	lx-4123	demanat	noun	1138	538	2407
1185	5	lx-2064	àngel	noun	1138	1000	1295
1186	5	lx-0204	ballar	verb	1139	750	1729
1187	5	lx-0174	vint	numeral	1139	1436	904
1188	5	lx-4519	aproximadament	adverb	1140	1767	735
1189	5	lx-1315	arreglar	verb	1141	517	2516
1190	5	lx-4062	molestar	verb	1141	590	2205
1191	5	lx-4606	bellesa	noun	1141	997	1305
1192	5	lx-0884	tancat	adjective	1141	861	1513
1193	5	lx-1169	aprovar	verb	1142	1326	983
1194	5	lx-4368	roig	adjective	1142	1273	1025
1195	5	lx-3918	instrument	noun	1143	1753	745
1196	5	lx-4097	aniversari	noun	1145	870	1507
1197	5	lx-4070	trigar	verb	1145	732	1792
1198	5	lx-1145	jutge	noun	1145	964	1361
1199	5	lx-2172	dispositiu	noun	1146	1328	989
1200	5	lx-0849	càrrega	noun	1147	1152	1143
1201	5	lx-2978	igualment	adverb	1148	1101	1197
1202	5	lx-2913	posteriorment	adverb	1148	3525	374
1203	5	lx-0590	llac	noun	1151	1422	931
1204	5	lx-0657	moneda	noun	1151	1150	1152
1205	5	lx-4540	sexe	noun	1151	897	1478
1206	5	lx-2429	física	noun	1152	1423	933
1207	5	lx-1511	temperatura	noun	1152	1734	766
1208	5	lx-1615	perseguir	verb	1153	896	1484
1209	5	lx-4532	lliga	noun	1153	1745	762
1210	5	lx-3218	afirmar	verb	1154	1966	677
1211	5	lx-4138	temes	noun	1154	1828	729
1212	5	lx-2108	univers	noun	1155	871	1531
1213	5	lx-4205	estona	noun	1155	552	2417
1214	5	lx-0788	aplicació	noun	1156	1978	676
1215	5	lx-1571	cinta	noun	1157	995	1346
1216	5	lx-1303	corda	noun	1159	1104	1217
1217	5	lx-4149	estranyar	verb	1159	694	1936
1218	5	lx-2647	condemnar	verb	1159	1144	1175
1219	5	lx-0774	oferta	noun	1161	882	1528
1220	5	lx-4511	pràctica	noun	1161	1683	801
1221	5	lx-0364	avisar	verb	1161	589	2289
1222	5	lx-4504	ambdós	determiner	1163	1572	861
1223	5	lx-1598	saltar	verb	1164	760	1782
1224	5	lx-4527	pati	noun	1165	1317	1030
1225	5	lx-1269	alcalde	noun	1165	1111	1221
1226	5	lx-4608	voluntat	noun	1166	1058	1284
1227	5	lx-1605	girar	verb	1166	977	1392
1228	5	lx-1635	conflicte	noun	1167	1821	748
1229	5	lx-2961	entorn	noun	1167	1914	712
1230	5	lx-2015	volum	noun	1168	1940	703
1231	5	lx-1340	recursos	noun	1168	1472	927
1232	5	lx-0818	assumir	verb	1169	1157	1182
1233	5	lx-0970	futbol	noun	1171	1657	828
1234	5	lx-4118	preciós	adjective	1172	542	2534
1235	5	lx-4500	quadrat	adjective	1172	1678	819
1236	5	lx-4549	centenar	noun	1175	1119	1233
1237	5	lx-0321	platja	noun	1175	1213	1139
1238	5	lx-0551	anàlisi	noun	1178	1442	962
1239	5	lx-4563	casament	noun	1178	768	1808
1240	5	lx-4274	ambient	noun	1178	1526	910
1241	5	lx-2142	declaració	noun	1178	1091	1273
1242	5	lx-1270	elecció	noun	1179	1041	1336
1243	5	lx-1819	confiança	noun	1180	862	1614
1244	5	lx-0585	gel	noun	1181	994	1403
1245	6	lx-0568	destí	noun	1181	863	1616
1246	6	lx-0989	ajuntament	noun	1184	2082	673
1247	6	lx-3923	actuació	noun	1185	1746	804
1248	6	lx-4302	exercir	verb	1185	2099	669
1249	6	lx-3759	pols	noun	1185	941	1493
1250	6	lx-0232	calent	adjective	1188	769	1836
1251	6	lx-3155	domini	noun	1189	1847	765
1252	6	lx-4151	propòsit	noun	1190	972	1456
1253	6	lx-1221	connexió	noun	1192	1090	1303
1254	6	lx-3313	adquirir	verb	1192	1910	744
1255	6	lx-4185	equivocat	adjective	1193	526	2707
1256	6	lx-0892	pit	noun	1193	817	1743
1257	6	lx-4085	cartes	noun	1194	1137	1253
1258	6	lx-0186	llevar	verb	1195	1270	1124
1259	6	lx-3195	complicar	verb	1195	934	1529
1260	6	lx-1537	processar	verb	1196	1602	893
1261	6	lx-0667	concepte	noun	1196	2044	700
1262	6	lx-1925	presa	noun	1197	1174	1220
1263	6	lx-0331	gat	noun	1197	986	1454
1264	6	lx-4061	probable	adjective	1197	1019	1407
1265	6	lx-4320	apagar	verb	1198	717	2002
1266	6	lx-3893	arrestar	verb	1198	853	1683
1267	6	lx-0712	taller	noun	1198	1818	790
1268	6	lx-4346	inicial	adjective	1200	1839	783
1269	6	lx-1576	periodista	noun	1201	1142	1263
1270	6	lx-4498	medicina	noun	1202	1255	1151
1271	6	lx-4533	fortalesa	noun	1202	1419	1019
1272	6	lx-2392	roda	noun	1203	1200	1207
1273	6	lx-3767	amant	noun	1206	1025	1419
1274	6	lx-4541	princesa	noun	1207	905	1609
1275	6	lx-0282	perdó	interjection	1209	613	2385
1276	6	lx-4324	adult	noun	1210	1456	1005
1277	6	lx-2482	composició	noun	1211	2623	559
1278	6	lx-0960	alumne	noun	1212	1702	863
1279	6	lx-0239	groc	adjective	1212	1378	1066
1280	6	lx-0809	responsabilitat	noun	1215	1081	1365
1281	6	lx-0738	esquena	noun	1216	826	1789
1282	6	lx-1104	rellotge	noun	1220	1011	1473
1283	6	lx-2073	sagrat	adjective	1220	1151	1294
1284	6	lx-3723	calma	noun	1221	556	2683
1285	6	lx-2433	compost	noun	1223	2456	609
1286	6	lx-4535	objecte	noun	1224	1811	827
1287	6	lx-1046	bossa	noun	1225	706	2124
1288	6	lx-4135	construït	noun	1226	1658	906
1289	6	lx-0633	pantalla	noun	1226	1405	1070
1290	6	lx-4539	identitat	noun	1227	1292	1166
1291	6	lx-1562	eina	noun	1227	1435	1050
1292	6	lx-3120	branca	noun	1228	1561	966
1293	6	lx-4236	enfadar	verb	1230	588	2571
1294	6	lx-1244	comissió	noun	1230	1731	874
1295	6	lx-0491	desig	noun	1235	967	1576
1296	6	lx-0603	sorpresa	noun	1235	761	2004
1297	6	lx-1766	incendi	noun	1236	1093	1398
1298	6	lx-2444	votar	verb	1238	1028	1490
1299	6	lx-1703	economia	noun	1238	1770	866
1300	6	lx-3894	acusar	verb	1240	1253	1228
1301	6	lx-4353	avall	adverb	1241	930	1655
1302	6	lx-3041	existència	noun	1243	1802	857
1303	6	lx-0289	pa	noun	1244	940	1645
1304	6	lx-4278	mèdic	adjective	1244	1189	1301
1305	6	lx-4115	emportar	verb	1244	687	2254
1306	6	lx-1111	picar	verb	1246	966	1607
1307	6	lx-2063	infern	noun	1247	696	2233
1308	6	lx-4523	cadascun	pronoun	1250	1380	1132
1309	6	lx-3123	cua	noun	1250	1133	1379
1310	6	lx-1957	escriptor	noun	1251	2067	757
1311	6	lx-4201	específic	adjective	1251	1736	902
1312	6	lx-0823	conversa	noun	1251	936	1673
1313	6	lx-4301	cometre	verb	1252	889	1762
1314	6	lx-0326	pluja	noun	1256	1228	1285
1315	6	lx-4339	comitè	noun	1260	1799	883
1316	6	lx-0230	content	adjective	1261	563	2824
1317	6	lx-2135	silenci	noun	1261	727	2188
1318	6	lx-0545	correu	noun	1262	988	1611
1319	6	lx-3254	admetre	verb	1262	950	1676
1320	6	lx-2502	violència	noun	1262	1259	1266
1321	6	lx-1450	província	noun	1263	2657	600
1322	6	lx-2827	estret	adjective	1263	1601	996
1323	6	lx-0497	net	adjective	1265	838	1909
1324	6	lx-4555	comportament	noun	1265	1417	1130
1325	6	lx-0448	u	numeral	1266	1116	1437
1326	6	lx-1449	municipi	noun	1267	3297	487
1327	6	lx-1440	habitants	noun	1268	2021	795
1328	6	lx-2807	ampli	adjective	1269	2363	682
1329	6	lx-3167	transformar	verb	1271	1756	920
1330	6	lx-0616	film	noun	1271	1790	903
1331	6	lx-0481	practicar	verb	1272	1391	1163
1332	6	lx-1990	reacció	noun	1273	1564	1036
1333	6	lx-0730	dent	noun	1275	980	1658
1334	6	lx-3771	campament	noun	1276	1062	1534
1335	6	lx-1333	entrevista	noun	1279	1239	1320
1336	6	lx-2504	detectiu	noun	1280	668	2451
1337	6	lx-0956	porc	noun	1282	845	1944
1338	6	lx-4553	naixement	noun	1282	1488	1104
1339	6	lx-0569	ruta	noun	1285	1474	1121
1340	6	lx-1006	aeroport	noun	1286	1117	1480
1341	6	lx-4551	flota	noun	1286	1212	1364
1342	6	lx-1516	costum	noun	1286	1264	1308
1343	6	lx-2031	proposta	noun	1286	1491	1109
1344	6	lx-1662	columna	noun	1286	1962	843
1345	6	lx-0751	salar	verb	1287	1023	1619
1346	6	lx-0630	internet	noun	1287	1252	1323
1347	6	lx-1624	institució	noun	1288	2078	798
1348	6	lx-0953	calor	noun	1289	1108	1499
1349	6	lx-1522	vespre	noun	1289	828	2006
1350	6	lx-2811	autèntic	adjective	1291	1015	1641
1351	6	lx-0332	ocell	noun	1291	1148	1451
1352	6	lx-2336	molí	noun	1291	1629	1023
1353	6	lx-1391	escenari	noun	1295	1459	1149
1354	6	lx-2294	amenaçar	verb	1296	1176	1428
1355	6	lx-0654	targeta	noun	1296	999	1682
1356	6	lx-2126	discurs	noun	1297	1214	1386
1357	6	lx-0691	forçar	verb	1297	1279	1316
1358	6	lx-0941	felicitat	noun	1297	737	2284
1359	6	lx-4546	pràcticament	adverb	1298	1536	1097
1360	6	lx-0952	tempesta	noun	1300	1044	1618
1361	6	lx-1263	congrés	noun	1300	1740	971
1362	6	lx-2768	complex	noun	1300	2047	826
1363	6	lx-3960	crisi	noun	1301	1529	1107
1364	6	lx-0381	sostre	noun	1301	1262	1342
1365	6	lx-4253	regular	verb	1302	2029	835
1366	6	lx-4545	ponent	noun	1302	1394	1216
1367	6	lx-2194	arribada	noun	1302	1689	1004
1368	6	lx-0776	efectiu	noun	1303	1371	1238
1369	6	lx-1209	perfil	noun	1304	1061	1603
1370	6	lx-4547	clarament	adverb	1305	1217	1399
1371	6	lx-1424	vidre	noun	1305	1293	1317
1372	6	lx-4063	soroll	noun	1305	989	1722
1373	6	lx-2184	amable	adjective	1305	627	2718
1374	6	lx-4497	cervesa	noun	1306	794	2147
1375	6	lx-4285	bàsic	adjective	1306	1738	981
1376	6	lx-4228	endur	verb	1306	725	2352
1377	6	lx-1167	conferència	noun	1307	1567	1090
1378	6	lx-1332	contracte	noun	1307	1287	1328
1379	6	lx-2718	piano	noun	1312	1856	928
1380	6	lx-1132	culpable	noun	1313	887	1943
1381	6	lx-1210	publicació	noun	1314	2996	576
1382	6	lx-0393	oli	noun	1315	1418	1219
1383	6	lx-4318	assistir	verb	1317	1668	1040
1384	6	lx-1201	caça	noun	1317	1335	1300
1385	6	lx-2137	expressió	noun	1319	1939	897
1386	6	lx-1979	plata	noun	1319	1327	1311
1387	6	lx-0591	turó	noun	1319	1547	1125
1388	6	lx-1205	web	noun	1319	1758	990
1389	6	lx-3972	experimentar	verb	1322	1379	1268
1390	6	lx-0933	contestar	verb	1323	765	2287
1391	6	lx-1969	llegenda	noun	1324	1528	1148
1392	6	lx-1342	soci	noun	1326	1274	1380
1393	6	lx-0536	revisar	verb	1328	1036	1702
1394	6	lx-1275	candidat	noun	1329	1588	1112
1395	6	lx-0136	got	noun	1331	1027	1725
1396	6	lx-1891	revolució	noun	1332	1692	1048
1397	6	lx-4136	publicat	noun	1333	2403	740
1398	6	lx-1597	agència	noun	1334	1412	1261
1399	6	lx-4564	definitivament	adverb	1335	1221	1459
1400	6	lx-2268	ingressar	verb	1336	1583	1128
1401	6	lx-4017	marge	noun	1336	1458	1225
1402	6	lx-1550	benefici	noun	1337	1401	1275
1403	6	lx-0397	ganivet	noun	1337	779	2294
1404	6	lx-1954	literatura	noun	1337	2435	734
1405	6	lx-0003	cansat	adjective	1339	681	2631
1406	6	lx-2892	mentrestant	adverb	1339	1288	1393
1407	6	lx-1021	avantatge	noun	1339	1440	1246
1408	6	lx-0731	orella	noun	1342	974	1848
1409	6	lx-2949	reconeixement	noun	1342	1845	976
1410	6	lx-1592	bloc	noun	1342	1735	1038
1411	6	lx-2510	lladre	noun	1342	805	2238
1412	6	lx-1170	cova	noun	1343	1502	1201
1413	6	lx-0777	adreça	noun	1343	992	1819
1414	6	lx-3920	festival	noun	1345	2647	683
1415	6	lx-0885	feble	adjective	1348	1092	1664
1416	6	lx-1057	usuari	noun	1349	2671	681
1417	6	lx-2295	impacte	noun	1349	1545	1178
1418	6	lx-1242	deute	noun	1351	1076	1697
1419	6	lx-2914	anteriorment	adverb	1352	1682	1086
1420	6	lx-0648	car	adjective	1353	1263	1449
1421	6	lx-1322	freqüència	noun	1354	1831	1001
1422	6	lx-0290	llet	noun	1356	1065	1726
1423	6	lx-1960	capítol	noun	1357	1732	1063
1424	6	lx-0170	zero	numeral	1357	1139	1617
1425	6	lx-1543	magatzem	noun	1358	1135	1624
1426	6	lx-2020	constant	noun	1358	1849	997
1427	6	lx-3792	pintor	noun	1359	2494	741
1428	6	lx-3900	violar	verb	1360	993	1862
1429	6	lx-0935	dubtar	verb	1360	796	2323
1430	6	lx-2521	segrestar	verb	1361	943	1965
1431	6	lx-2066	sacerdot	noun	1363	1425	1304
1432	6	lx-4114	involucrar	verb	1364	1192	1561
1433	6	lx-4204	riure	verb	1364	722	2578
1434	6	lx-1120	bol	noun	1366	1167	1600
1435	6	lx-1498	natura	noun	1366	1358	1375
1436	6	lx-0231	trist	adjective	1366	749	2493
1437	6	lx-1986	química	noun	1367	1566	1193
1438	6	lx-1133	innocent	noun	1369	756	2479
1439	6	lx-2299	adaptar	verb	1370	2002	937
1440	6	lx-4166	instrucció	noun	1370	1388	1352
1441	6	lx-1262	parlament	noun	1371	1974	952
1442	6	lx-2460	gravat	noun	1371	1752	1073
1443	6	lx-0947	nerviós	adjective	1372	911	2066
1444	6	lx-1286	experiment	noun	1372	1323	1423
1445	6	lx-3773	competició	noun	1373	2232	844
1446	6	lx-2930	perfectament	adverb	1373	1010	1866
1447	6	lx-2248	dipòsit	noun	1374	1424	1325
1448	6	lx-0601	odi	noun	1376	836	2264
1449	6	lx-1497	medi	noun	1376	1729	1095
1450	6	lx-1184	naturalesa	noun	1376	1592	1190
1451	6	lx-0612	galeria	noun	1376	1801	1052
1452	6	lx-4233	trair	verb	1378	868	2187
1453	6	lx-3168	modificar	verb	1381	2069	922
1454	6	lx-4188	dificultat	noun	1382	1923	993
1455	6	lx-3133	sessió	noun	1384	1441	1330
1456	6	lx-3971	físic	adjective	1385	1569	1223
1457	6	lx-4347	positiu	adjective	1387	1632	1179
1458	6	lx-2372	talent	noun	1389	1238	1558
1459	6	lx-2206	respirar	verb	1391	754	2567
1460	6	lx-2046	reforma	noun	1394	2358	824
1461	6	lx-3151	ample	noun	1394	1927	1009
1462	6	lx-3132	paquet	noun	1395	1171	1661
1463	6	lx-2459	fresc	noun	1395	1242	1567
1464	6	lx-0172	dotze	numeral	1395	1508	1291
1465	6	lx-1254	impost	noun	1397	1452	1345
1466	6	lx-1138	inspector	noun	1398	847	2309
1467	6	lx-1074	llop	noun	1402	983	1999
1468	6	lx-4183	expulsar	verb	1407	1613	1227
1469	6	lx-2333	placa	noun	1407	1577	1256
1470	6	lx-0609	esport	noun	1407	1853	1069
1471	6	lx-1113	batre	verb	1409	1168	1700
1472	6	lx-0948	valent	adjective	1410	774	2568
1473	6	lx-0303	sal	noun	1412	1218	1636
1474	6	lx-1069	lleó	noun	1413	1453	1374
1475	6	lx-0921	plat	noun	1413	1226	1629
1476	6	lx-4331	pregar	verb	1413	866	2307
1477	6	lx-0455	diumenge	noun	1414	1245	1605
1478	6	lx-2703	òpera	noun	1414	2482	806
1479	6	lx-0865	estratègia	noun	1416	1527	1313
1480	6	lx-2180	alegre	adjective	1416	924	2171
1481	6	lx-4315	investigador	noun	1417	1687	1191
1482	6	lx-2288	capa	noun	1418	1605	1252
1483	6	lx-3815	amistat	noun	1418	1411	1425
1484	6	lx-1535	enginyer	noun	1420	1589	1269
1485	6	lx-0475	dinar	verb	1426	865	2351
1486	6	lx-3229	coincidir	verb	1427	1680	1212
1487	6	lx-0566	passatger	noun	1429	1299	1571
1488	6	lx-1961	vers	noun	1429	2269	900
1489	6	lx-3255	reconèixer	verb	1429	1535	1331
1490	6	lx-3838	camió	noun	1430	888	2303
1491	6	lx-2339	generar	verb	1431	2118	967
1492	6	lx-4359	lleuger	adjective	1432	1714	1196
1493	6	lx-1346	acomiadar	verb	1434	1082	1900
1494	6	lx-1774	emergència	noun	1434	1045	1969
1495	6	lx-0676	assenyalar	verb	1435	1826	1127
1496	6	lx-0617	poema	noun	1435	2133	965
1497	6	lx-1261	constitució	noun	1439	2035	1017
1498	6	lx-1148	jurat	noun	1440	1207	1718
1499	6	lx-4193	respectar	verb	1441	1301	1596
1500	6	lx-0821	consciència	noun	1442	1250	1663
1501	6	lx-1701	cost	noun	1442	1904	1092
1502	6	lx-2018	arrel	noun	1442	1713	1214
1503	6	lx-1536	matèria	noun	1442	1800	1156
1504	6	lx-1458	creixement	noun	1450	2347	896
1505	6	lx-4221	estàndard	noun	1450	2009	1047
1506	6	lx-1551	demanda	noun	1451	1578	1334
1507	6	lx-4103	guanyador	noun	1452	1513	1394
1508	6	lx-4358	pesat	adjective	1456	1248	1699
1509	6	lx-0618	dansa	noun	1456	1814	1169
1510	6	lx-0720	mel	noun	1457	946	2243
1511	6	lx-1956	novel·la	noun	1457	3452	615
1512	6	lx-2136	frase	noun	1457	1516	1401
1513	6	lx-2443	conseller	noun	1458	1496	1420
1514	6	lx-2102	espiar	verb	1458	914	2325
1515	6	lx-1964	ritme	noun	1458	1627	1307
1516	6	lx-2879	franc	adjective	1459	1426	1492
1517	6	lx-0346	tia	noun	1459	881	2415
1518	6	lx-3035	restaurar	verb	1460	1998	1067
1519	6	lx-1906	aliança	noun	1462	1579	1353
1520	6	lx-3794	músic	noun	1462	2197	973
1521	6	lx-0975	pilota	noun	1463	1219	1756
1522	6	lx-4501	metall	noun	1464	1749	1226
1523	6	lx-1958	poeta	noun	1465	1997	1075
1524	6	lx-4022	abastir	verb	1465	1343	1599
1525	6	lx-1235	virus	noun	1467	1430	1504
1526	6	lx-3743	cobrar	verb	1467	1160	1856
1527	6	lx-4148	castigar	verb	1467	1057	2037
1528	6	lx-1824	emoció	noun	1469	1166	1850
1529	6	lx-1240	operar	verb	1471	1825	1185
1530	6	lx-2074	miracle	noun	1471	1068	2025
1531	6	lx-1008	moto	noun	1471	1169	1851
1532	6	lx-1955	poesia	noun	1472	2185	991
1533	6	lx-1583	audiència	noun	1472	1568	1381
1534	6	lx-1466	navegar	verb	1472	1127	1923
1535	6	lx-1544	distribució	noun	1473	2412	899
1536	6	lx-2029	alternativa	noun	1474	1460	1489
1537	6	lx-0629	debat	noun	1475	1620	1343
1538	6	lx-1726	llevat	noun	1476	1231	1769
1539	6	lx-0344	àvia	noun	1476	920	2369
1540	6	lx-0582	clima	noun	1477	2023	1078
1541	6	lx-1739	negociar	verb	1478	1247	1751
1542	6	lx-1393	actriu	noun	1479	1957	1118
1543	6	lx-0435	gris	adjective	1480	1560	1404
1544	6	lx-1630	riquesa	noun	1480	1461	1500
1545	6	lx-2704	compositor	noun	1481	3002	731
1546	6	lx-1395	guió	noun	1481	1720	1276
1547	6	lx-0770	reclamar	verb	1483	1470	1497
1548	6	lx-0571	guia	noun	1483	1492	1475
1549	6	lx-0678	analitzar	verb	1483	1486	1481
1550	6	lx-3197	ampliar	verb	1485	2179	1012
1551	6	lx-1180	serra	noun	1485	2256	978
1552	6	lx-1521	migdia	noun	1485	1542	1431
1553	6	lx-2301	augment	noun	1488	1955	1133
1554	6	lx-1879	participació	noun	1490	2288	970
1555	6	lx-3954	cursa	noun	1491	1606	1384
1556	6	lx-2583	proteïna	noun	1492	2367	940
1557	6	lx-0453	divendres	noun	1493	1083	2057
1558	6	lx-0642	enllaç	noun	1493	1860	1198
1559	6	lx-0692	sacrifici	noun	1496	1197	1869
1560	6	lx-1604	estirar	verb	1498	1001	2241
1561	6	lx-4105	foscor	noun	1498	971	2311
1562	6	lx-2100	mirada	noun	1499	1097	2048
1563	6	lx-1248	estalvi	noun	1503	1146	1971
1564	6	lx-1396	assaig	noun	1503	1544	1463
1565	6	lx-1325	seient	noun	1504	1154	1960
1566	6	lx-4250	detingut	noun	1504	1310	1727
1567	6	lx-1480	vergonya	noun	1504	764	2962
1568	6	lx-0639	digital	adjective	1504	2365	957
1569	6	lx-1974	acer	noun	1506	1357	1672
1570	6	lx-4088	recentment	adverb	1508	1777	1279
1571	6	lx-0376	decorar	verb	1509	2180	1045
1572	6	lx-0498	brut	adjective	1510	1029	2216
1573	6	lx-1147	fiscal	noun	1510	1383	1649
1574	6	lx-4341	tall	noun	1510	1485	1536
1575	6	lx-2522	detenir	verb	1511	1234	1849
1576	6	lx-1692	monument	noun	1511	2490	917
1577	6	lx-1153	facultat	noun	1514	1760	1302
1578	6	lx-3790	arquitecte	noun	1517	2266	1015
1579	6	lx-0769	recomanar	verb	1518	1429	1613
1580	6	lx-1186	lectura	noun	1520	1788	1292
1581	6	lx-0583	núvol	noun	1520	1351	1711
1582	6	lx-0593	cim	noun	1522	1951	1187
1583	6	lx-1825	moda	noun	1522	1645	1409
1584	6	lx-0366	cadira	noun	1524	1050	2211
1585	6	lx-0373	rentar	verb	1524	1071	2168
1586	6	lx-0702	teulat	noun	1524	1722	1349
1587	6	lx-1992	líquid	noun	1525	1666	1396
1588	6	lx-1406	protagonista	noun	1526	2298	1013
1589	6	lx-4306	endemà	noun	1526	1741	1338
1590	6	lx-3774	dibuixar	verb	1527	1679	1388
1591	6	lx-2060	pecat	noun	1529	976	2394
1592	6	lx-1784	desastre	noun	1529	1130	2070
1593	6	lx-1331	despatx	noun	1529	1059	2209
1594	6	lx-1278	oposició	noun	1530	2227	1051
1595	6	lx-0434	barret	noun	1530	1195	1959
1596	6	lx-3970	químic	adjective	1530	1507	1554
1597	6	lx-4152	alegrar	verb	1531	639	3666
1598	6	lx-2467	perspectiva	noun	1531	1650	1421
1599	6	lx-3867	ruïna	noun	1532	1786	1314
1600	6	lx-0506	primavera	noun	1534	1796	1310
1601	6	lx-4305	notable	adjective	1534	2573	915
1602	6	lx-0850	bateria	noun	1535	1724	1367
1603	6	lx-3866	catedral	noun	1536	2378	992
1604	6	lx-2347	aïllar	verb	1537	1765	1339
1605	6	lx-1429	talla	noun	1538	1227	1927
1606	6	lx-0954	herba	noun	1538	1389	1704
1607	6	lx-2101	rumor	noun	1540	1172	2023
1608	6	lx-0440	teixit	noun	1541	1878	1265
1609	6	lx-1126	robatori	noun	1542	1089	2183
1610	6	lx-3795	mecànic	noun	1543	1891	1259
1611	6	lx-2426	cicle	noun	1543	2145	1110
1612	6	lx-2313	executiu	noun	1544	1838	1297
1613	6	lx-2034	compromís	noun	1544	1451	1643
1614	6	lx-0504	queixar	verb	1546	1190	2008
1615	6	lx-1826	col·lecció	noun	1547	3785	632
1616	6	lx-2187	orgullós	adjective	1548	833	2875
1617	6	lx-1352	evidència	noun	1550	1638	1466
1618	6	lx-0173	quinze	numeral	1550	1524	1577
1619	6	lx-0567	bitllet	noun	1551	1033	2328
1620	6	lx-0175	trenta	numeral	1551	1829	1315
1621	6	lx-1077	serp	noun	1551	1156	2082
1622	6	lx-2076	cerimònia	noun	1552	1672	1440
1623	6	lx-3165	xifrar	verb	1552	1868	1289
1624	6	lx-0484	somriure	verb	1552	873	2759
1625	6	lx-2305	combustible	noun	1552	1539	1566
1626	6	lx-2145	entrenament	noun	1553	1431	1685
1627	6	lx-0471	vestir	verb	1554	1269	1904
1628	6	lx-1183	paisatge	noun	1555	2155	1122
1629	6	lx-1771	rescatar	verb	1556	1276	1897
1630	6	lx-2036	tensió	noun	1556	1887	1283
1631	6	lx-1789	refugi	noun	1559	1555	1563
1632	6	lx-0454	dissabte	noun	1560	1208	2015
1633	6	lx-1932	túnel	noun	1561	1390	1752
1634	6	lx-3129	arquitectura	noun	1561	2651	919
1635	6	lx-2793	solar	noun	1565	2062	1188
1636	6	lx-2402	anunci	noun	1566	1587	1546
1637	6	lx-2067	monjo	noun	1567	2032	1208
1638	6	lx-2988	precisament	adverb	1567	1463	1678
1639	6	lx-0622	golf	noun	1567	1820	1350
1640	6	lx-1002	vacances	noun	1570	1185	2080
1641	6	lx-3938	esportiu	adjective	1570	2465	1000
1642	6	lx-2233	colom	noun	1573	1631	1518
1643	6	lx-2367	actitud	noun	1575	1718	1444
1644	6	lx-3742	invertir	verb	1575	1392	1783
1645	6	lx-1904	setge	noun	1576	1728	1438
1646	6	lx-1219	tendència	noun	1577	2214	1123
1647	6	lx-0427	assistent	noun	1577	1557	1598
1648	6	lx-1230	ferida	noun	1579	1080	2310
1649	6	lx-1224	bloquejar	verb	1581	1316	1899
1650	6	lx-1266	senador	noun	1582	1282	1952
1651	6	lx-3822	nuvi	noun	1583	1087	2304
1652	6	lx-0345	cosí	noun	1583	1240	2022
1653	6	lx-1131	sospitós	noun	1583	973	2577
1654	6	lx-0171	onze	numeral	1584	1575	1593
1655	6	lx-1176	oceà	noun	1586	1438	1749
1656	6	lx-1241	crèdit	noun	1588	1397	1804
1657	6	lx-1173	desert	noun	1588	1556	1620
1658	6	lx-2888	lleial	adjective	1588	1198	2105
1659	6	lx-0902	marró	adjective	1588	1787	1412
1660	6	lx-0387	mirall	noun	1588	1446	1745
1661	6	lx-3965	assemblea	noun	1589	2445	1033
1662	6	lx-0801	sospitar	verb	1591	1249	2027
1663	6	lx-2537	graduar	verb	1591	1930	1312
1664	6	lx-0798	viatger	noun	1593	1258	2016
1665	6	lx-1887	medieval	adjective	1595	2661	956
1666	6	lx-2411	ocupació	noun	1596	2169	1174
1667	6	lx-1488	preocupació	noun	1596	1517	1679
1668	6	lx-0759	savi	adjective	1598	1099	2324
1669	6	lx-3730	terror	noun	1602	1360	1887
1670	6	lx-1469	comentar	verb	1605	1669	1543
1671	6	lx-0859	filosofia	noun	1606	2255	1144
1672	6	lx-2462	estàtua	noun	1607	1861	1387
1673	6	lx-0493	passió	noun	1607	1691	1527
1674	6	lx-4350	ampolla	noun	1608	1149	2249
1675	6	lx-3777	escultura	noun	1608	2391	1081
1676	6	lx-4134	atrevir	verb	1608	1078	2399
1677	6	lx-1975	plàstic	noun	1608	1636	1581
1678	6	lx-1047	gastar	verb	1611	1005	2584
1679	6	lx-0552	conclusió	noun	1612	1570	1656
1680	6	lx-0302	sucre	noun	1613	1509	1724
1681	6	lx-1734	raig	noun	1613	1642	1585
1682	6	lx-0349	nebot	noun	1614	1437	1812
1683	6	lx-1984	sorra	noun	1614	1584	1644
1684	6	lx-0653	pagament	noun	1614	1651	1578
1685	6	lx-0669	argument	noun	1616	1925	1357
1686	6	lx-3166	alterar	verb	1620	1615	1626
1687	6	lx-1251	inversió	noun	1621	1611	1631
1688	6	lx-0889	espatlla	noun	1623	1225	2151
1689	6	lx-4072	suspendre	verb	1624	1704	1547
1690	6	lx-2960	reforç	noun	1625	1476	1790
1691	6	lx-3247	criticar	verb	1627	1965	1347
1692	6	lx-1177	badia	noun	1628	1795	1476
1693	6	lx-1777	supervivent	noun	1628	1521	1742
1694	6	lx-0293	fruita	noun	1629	1664	1594
1695	6	lx-1125	delicte	noun	1630	1468	1809
1696	6	lx-0929	balcó	noun	1631	2622	1014
1697	6	lx-2069	pastor	noun	1631	1671	1592
1698	6	lx-4168	hom	pronoun	1637	2205	1215
1699	6	lx-1029	mentida	noun	1638	854	3141
1700	6	lx-2516	recompensa	noun	1639	1305	2058
1701	6	lx-2274	organisme	noun	1641	2297	1173
1702	6	lx-1931	soterrani	noun	1641	1236	2180
1703	6	lx-3821	promès	noun	1643	1138	2373
1704	6	lx-1226	símptoma	noun	1643	1803	1498
1705	6	lx-0554	documentació	noun	1650	2143	1270
1706	6	lx-0300	formatge	noun	1650	1291	2110
1707	6	lx-3814	empleat	noun	1650	1641	1660
1708	6	lx-1143	jutjat	noun	1652	1541	1772
1709	6	lx-1835	botó	noun	1653	1398	1955
1710	6	lx-2341	consumir	verb	1654	1766	1549
1711	6	lx-4235	arruïnar	verb	1656	1056	2597
1712	6	lx-0565	conductor	noun	1656	1580	1736
1713	6	lx-0525	cinquanta	numeral	1658	1757	1565
1714	6	lx-0734	genoll	noun	1659	1209	2277
1715	6	lx-1436	agulla	noun	1661	1495	1845
1716	6	lx-1991	substància	noun	1661	2017	1368
1717	6	lx-1341	competència	noun	1662	1989	1389
1718	6	lx-1433	restauració	noun	1663	2806	985
1719	6	lx-2931	absolutament	adverb	1665	1096	2529
1720	6	lx-1900	descobriment	noun	1666	1889	1469
1721	6	lx-4150	entrenador	noun	1669	1906	1462
1722	6	lx-2701	orquestra	noun	1670	3387	823
1723	6	lx-4079	infant	noun	1670	2302	1211
1724	6	lx-4297	petroli	noun	1673	1626	1721
1725	6	lx-0659	suma	noun	1673	1953	1433
1726	6	lx-1363	aparença	noun	1675	1816	1545
1727	6	lx-3750	sagnar	verb	1675	1143	2455
1728	6	lx-2470	paleta	noun	1675	2493	1126
1729	6	lx-4180	mossegar	verb	1677	1100	2556
1730	6	lx-0391	cuinar	verb	1677	1145	2457
1731	6	lx-3952	descans	noun	1677	1334	2109
1732	6	lx-3226	plantejar	verb	1678	1968	1430
1733	6	lx-1187	escriptura	noun	1678	2303	1222
1734	6	lx-3818	abraçar	verb	1678	1206	2334
1735	6	lx-0431	pantalons	noun	1679	1129	2496
1736	6	lx-1472	esborrar	verb	1679	1147	2458
1737	6	lx-4321	fonamental	adjective	1679	2366	1192
1738	6	lx-1750	protocol	noun	1680	1540	1832
1739	6	lx-1105	bullir	verb	1680	1349	2092
1740	6	lx-1833	butxaca	noun	1680	1098	2572
1741	6	lx-4173	reaccionar	verb	1682	1498	1889
1742	6	lx-0304	taronja	noun	1683	1506	1880
1743	6	lx-0822	discussió	noun	1683	1701	1665
1744	6	lx-1556	signatura	noun	1686	1649	1723
1745	6	lx-1359	probabilitat	noun	1687	1549	1838
1746	6	lx-2109	òrbita	noun	1689	1890	1509
1747	6	lx-1282	cable	noun	1690	1696	1684
1748	6	lx-2340	consum	noun	1691	2230	1282
1749	6	lx-0426	infermer	noun	1691	1140	2509
1750	6	lx-0547	presentació	noun	1694	2010	1427
1751	6	lx-0562	taxi	noun	1696	1020	2820
1752	6	lx-1211	comentari	noun	1702	1725	1680
1753	6	lx-1760	ambaixador	noun	1703	1598	1815
1754	6	lx-1926	ferrocarril	noun	1704	2089	1390
1755	6	lx-0853	compra	noun	1706	1681	1731
1756	6	lx-3122	pila	noun	1707	1421	2050
1757	6	lx-3892	campana	noun	1708	1755	1662
1758	6	lx-0437	cinturó	noun	1708	1332	2190
1759	6	lx-3967	continent	noun	1710	1921	1522
1760	6	lx-1495	afecte	noun	1711	1303	2247
1761	6	lx-2394	espectador	noun	1712	2501	1172
1762	6	lx-0576	cèl·lula	noun	1713	3785	775
1763	6	lx-0561	autobús	noun	1713	1161	2528
1764	6	lx-0598	alegria	noun	1715	1375	2138
1765	6	lx-4089	demano	noun	1715	738	3985
1766	6	lx-2182	sensible	adjective	1716	1662	1771
1767	6	lx-4244	acusació	noun	1716	1639	1797
1768	6	lx-0668	lògica	noun	1716	1727	1706
1769	6	lx-2465	relleu	noun	1717	2641	1116
1770	6	lx-1744	refugiat	noun	1717	1694	1741
1771	6	lx-0294	poma	noun	1718	1114	2648
1772	6	lx-2541	universitari	adjective	1718	2305	1280
1773	6	lx-0449	dilluns	noun	1718	1353	2181
1774	6	lx-1657	nervi	noun	1721	1475	2007
1775	6	lx-1577	titular	noun	1721	2177	1360
1776	6	lx-3741	elegant	adjective	1722	1385	2141
1777	6	lx-1381	blat	noun	1725	1705	1746
1778	6	lx-4156	personalment	adverb	1725	1304	2283
1779	6	lx-1249	despesa	noun	1726	1708	1744
1780	6	lx-0918	patata	noun	1726	1177	2532
1781	6	lx-0474	esmorzar	verb	1727	959	3111
1782	6	lx-0337	col·legi	noun	1728	3337	895
1783	6	lx-1415	fang	noun	1728	1505	1985
1784	6	lx-0649	barat	adjective	1730	1478	2026
1785	6	lx-2166	servidor	noun	1733	1693	1773
1786	6	lx-1675	pilar	noun	1734	2360	1274
1787	6	lx-0946	avorrit	adjective	1734	953	3155
1788	6	lx-1200	pesca	noun	1737	1991	1515
1789	6	lx-0356	solter	adjective	1738	1315	2296
1790	6	lx-2133	crit	noun	1738	1330	2272
1791	6	lx-1587	portada	noun	1739	2055	1472
1792	6	lx-1264	senat	noun	1744	1794	1695
1793	6	lx-0494	curiós	adjective	1746	1348	2262
1794	6	lx-4087	construïda	noun	1746	2604	1171
1795	6	lx-4174	solucionar	verb	1747	1444	2114
1796	6	lx-1673	cúpula	noun	1747	1717	1778
1797	6	lx-0664	creença	noun	1748	1964	1556
1798	6	lx-2834	humit	adjective	1749	1996	1533
1799	6	lx-1876	llicència	noun	1749	1873	1634
1800	6	lx-4090	aconsellar	verb	1749	1480	2068
1801	6	lx-1455	rural	adjective	1750	2812	1089
1802	6	lx-2705	violí	noun	1750	2148	1426
1803	6	lx-1895	dinastia	noun	1752	2380	1290
1804	6	lx-4308	establert	noun	1752	2103	1460
1805	6	lx-2483	proporció	noun	1752	2300	1335
1806	6	lx-2122	radiació	noun	1754	1859	1654
1807	6	lx-3785	torneig	noun	1756	2442	1262
1808	6	lx-3915	documental	noun	1756	2662	1158
1809	6	lx-0951	sincer	adjective	1756	1063	2900
1810	6	lx-3969	partícula	noun	1756	2150	1434
1811	6	lx-1875	resolució	noun	1757	2574	1199
1812	6	lx-1995	càlcul	noun	1758	1924	1606
1813	6	lx-3959	manifestació	noun	1760	2260	1370
1814	6	lx-3246	jutjar	verb	1760	1325	2338
1815	6	lx-2940	robot	noun	1761	1477	2099
1816	6	lx-1068	conill	noun	1761	1322	2347
1817	6	lx-1561	manteniment	noun	1765	2022	1540
1818	6	lx-3826	admirar	verb	1765	1324	2353
1819	6	lx-4162	correcta	noun	1765	1503	2073
1820	6	lx-0944	ximple	adjective	1765	883	3529
1821	6	lx-0999	piscina	noun	1768	1445	2162
1822	6	lx-1708	assegurança	noun	1768	1267	2467
1823	6	lx-3146	receptor	noun	1768	2270	1377
1824	6	lx-1088	sabates	noun	1768	1260	2481
1825	6	lx-0574	còmode	adjective	1771	1285	2441
1826	6	lx-1581	emissió	noun	1771	2219	1414
1827	6	lx-1645	variable	noun	1772	2631	1194
1828	6	lx-2815	contemporani	adjective	1773	3145	999
1829	6	lx-3844	accelerar	verb	1774	1643	1915
1830	6	lx-3744	transferir	verb	1776	1871	1686
1831	6	lx-1112	ratllar	verb	1777	1623	1945
1832	6	lx-0500	múscul	noun	1777	1805	1750
1833	6	lx-0423	recuperació	noun	1778	1917	1650
1834	6	lx-1553	acusat	noun	1780	1776	1784
1835	6	lx-2864	cruel	adjective	1783	1222	2602
1836	6	lx-1941	subministrament	noun	1784	1864	1707
1837	6	lx-2155	casc	noun	1785	1610	1978
1838	6	lx-1250	pressupost	noun	1787	2076	1539
1839	6	lx-4227	freqüent	adjective	1787	2953	1082
1840	6	lx-3874	fracàs	noun	1788	1874	1705
1841	6	lx-2505	patrulla	noun	1789	1312	2439
1842	6	lx-0710	pastís	noun	1789	1002	3194
1843	6	lx-0862	fantasia	noun	1792	1532	2097
1844	6	lx-3852	passadís	noun	1793	1354	2374
1845	7	lx-0637	descarregar	verb	1793	1624	1980
1846	7	lx-1869	taxa	noun	1793	2337	1376
1847	7	lx-1877	veí	noun	1793	1597	2014
1848	7	lx-2452	independència	noun	1794	3110	1035
1849	7	lx-3857	tenda	noun	1795	1439	2239
1850	7	lx-1882	mandat	noun	1796	2413	1337
1851	7	lx-0718	xocolata	noun	1797	1382	2337
1852	7	lx-0804	curiositat	noun	1797	1410	2291
1853	7	lx-2540	acadèmic	adjective	1798	2783	1162
1854	7	lx-1637	progrés	noun	1798	1715	1886
1855	7	lx-2107	galàxia	noun	1800	1652	1961
1856	7	lx-2059	resar	verb	1801	1115	2910
1857	7	lx-4032	proveir	verb	1802	2070	1568
1858	7	lx-2323	fusió	noun	1803	1985	1637
1859	7	lx-4286	advertir	verb	1803	1590	2044
1860	7	lx-1412	drama	noun	1803	1950	1667
1861	7	lx-0599	orgull	noun	1804	1342	2425
1862	7	lx-1688	plànol	noun	1805	1637	1991
1863	7	lx-0733	llavi	noun	1807	1359	2402
1864	7	lx-1966	narrador	noun	1807	1465	2230
1865	7	lx-4223	formal	adjective	1808	2129	1535
1866	7	lx-2804	enderrocar	verb	1808	2050	1595
1867	7	lx-3850	aterrar	verb	1808	1275	2565
1868	7	lx-1745	pacte	noun	1808	1885	1735
1869	7	lx-2175	honest	adjective	1810	1126	2908
1870	7	lx-1234	infecció	noun	1810	2172	1508
1871	7	lx-2255	patrimoni	noun	1812	2930	1120
1872	7	lx-2022	negociació	noun	1812	2016	1628
1873	7	lx-0433	camisa	noun	1812	1329	2471
1874	7	lx-2151	equilibri	noun	1814	2168	1517
1875	7	lx-0919	pasta	noun	1814	1483	2219
1876	7	lx-2828	etern	adjective	1815	1407	2342
1877	7	lx-0483	relaxar	verb	1815	1179	2795
1878	7	lx-3905	empremta	noun	1816	1336	2468
1879	7	lx-2342	transició	noun	1817	2327	1418
1880	7	lx-2533	pràctiques	noun	1819	2086	1586
1881	7	lx-0419	lesió	noun	1821	2136	1552
1882	7	lx-4326	excusa	noun	1822	1224	2712
1883	7	lx-1191	ceràmica	noun	1827	2759	1210
1884	7	lx-1279	democràcia	noun	1828	2005	1666
1885	7	lx-0915	pollastre	noun	1829	1284	2605
1886	7	lx-1150	sentència	noun	1829	1952	1714
1887	7	lx-1454	urbà	adjective	1830	3155	1061
1888	7	lx-2291	fenomen	noun	1830	2315	1447
1889	7	lx-0142	castellà	noun	1830	3475	964
1890	7	lx-1560	obligació	noun	1832	1850	1814
1891	7	lx-4198	especialitzat	adjective	1832	2596	1293
1892	7	lx-1194	cant	noun	1833	2672	1257
1893	7	lx-3415	jurament	noun	1834	1345	2501
1894	7	lx-0355	divorciar	verb	1835	1656	2034
1895	7	lx-1410	comèdia	noun	1836	2286	1474
1896	7	lx-3234	justificar	verb	1836	1808	1864
1897	7	lx-1179	prat	noun	1836	2541	1327
1898	7	lx-0452	dijous	noun	1837	1365	2472
1899	7	lx-3807	informàtic	noun	1841	1983	1709
1900	7	lx-0901	ulleres	noun	1841	1340	2530
1901	7	lx-3217	sostenir	verb	1842	1881	1803
1902	7	lx-0796	terminal	noun	1847	1932	1765
1903	7	lx-0409	medicament	noun	1847	1581	2157
1904	7	lx-2176	mentider	noun	1847	975	3498
1905	7	lx-2125	atmosfera	noun	1848	2162	1580
1906	7	lx-1683	fonament	noun	1848	2048	1668
1907	7	lx-2951	classificació	noun	1851	3119	1098
1908	7	lx-2697	crònic	adjective	1851	2452	1397
1909	7	lx-0679	valorar	verb	1852	1912	1793
1910	7	lx-0394	forn	noun	1852	2128	1612
1911	7	lx-1780	alarma	noun	1854	1297	2649
1912	7	lx-1542	emmagatzemar	verb	1854	2273	1512
1913	7	lx-2824	encantador	adjective	1854	1106	3109
1914	7	lx-0524	quaranta	numeral	1854	2083	1651
1915	7	lx-2493	homicidi	noun	1855	1331	2585
1916	7	lx-4272	afavorir	verb	1855	2339	1471
1917	7	lx-0560	barca	noun	1857	1832	1882
1918	7	lx-4159	instal·lació	noun	1859	3135	1102
1919	7	lx-2937	precisió	noun	1859	2141	1615
1920	7	lx-1048	estalviar	verb	1863	1373	2527
1921	7	lx-4176	reprendre	verb	1863	2471	1405
1922	7	lx-4143	necessària	noun	1864	2121	1639
1923	7	lx-2722	melodia	noun	1867	2190	1591
1924	7	lx-2623	acollir	verb	1867	2138	1630
1925	7	lx-3884	escalfar	verb	1869	1551	2252
1926	7	lx-1017	destinació	noun	1869	1919	1821
1927	7	lx-1140	detenció	noun	1869	1751	1996
1928	7	lx-1253	factura	noun	1870	1550	2256
1929	7	lx-0573	desplaçar	verb	1870	2730	1281
1930	7	lx-0557	turista	noun	1870	1676	2087
1931	7	lx-2238	pop	noun	1871	2154	1625
1932	7	lx-1066	cabra	noun	1873	1762	1992
1933	7	lx-1344	sindicat	noun	1875	2077	1692
1934	7	lx-1686	terrat	noun	1880	1882	1878
1935	7	lx-2377	promoció	noun	1884	2386	1487
1936	7	lx-0949	covard	adjective	1884	1046	3394
1937	7	lx-1767	terratrèmol	noun	1885	1665	2133
1938	7	lx-3990	resident	noun	1885	2271	1564
1939	7	lx-2455	llenç	noun	1885	1686	2107
1940	7	lx-0742	abric	noun	1885	1318	2696
1941	7	lx-1195	escacs	noun	1885	2122	1675
1942	7	lx-0752	passejar	verb	1888	1449	2459
1943	7	lx-0518	tretze	numeral	1888	2058	1732
1944	7	lx-2514	ostatge	noun	1888	1399	2548
1945	7	lx-1736	ambaixada	noun	1888	1619	2202
1946	7	lx-0860	hipòtesi	noun	1891	2359	1516
1947	7	lx-3858	far	noun	1892	1806	1982
1948	7	lx-2270	vèncer	verb	1892	1742	2056
1949	7	lx-0421	cirurgia	noun	1896	1862	1930
1950	7	lx-3768	assajar	verb	1897	1970	1826
1951	7	lx-2071	bíblia	noun	1897	1743	2065
1952	7	lx-1568	electricitat	noun	1900	1855	1946
1953	7	lx-1072	mico	noun	1900	1300	2778
1954	7	lx-0911	muller	noun	1901	1819	1986
1955	7	lx-1227	febre	noun	1903	1565	2313
1956	7	lx-0785	assessor	noun	1903	1946	1861
1957	7	lx-3144	antena	noun	1906	1769	2054
1958	7	lx-0969	horari	noun	1906	1785	2036
1959	7	lx-1246	transferència	noun	1907	1886	1928
1960	7	lx-3895	interrogar	verb	1907	1497	2430
1961	7	lx-1237	ambulància	noun	1908	1361	2676
1962	7	lx-4197	inscriure	verb	1909	2335	1560
1963	7	lx-1681	maó	noun	1910	2948	1237
1964	7	lx-3964	protesta	noun	1911	2397	1523
1965	7	lx-4068	trasllat	noun	1913	2152	1701
1966	7	lx-1654	pulmó	noun	1913	1530	2393
1967	7	lx-1770	evacuar	verb	1914	1737	2108
1968	7	lx-1786	auxili	noun	1914	1281	2860
1969	7	lx-2436	decret	noun	1916	2619	1402
1970	7	lx-3169	evolucionar	verb	1916	2432	1510
1971	7	lx-3803	pescador	noun	1919	1980	1860
1972	7	lx-1108	coure	verb	1919	2264	1627
1973	7	lx-1453	assentament	noun	1919	2527	1458
1974	7	lx-0507	tardor	noun	1920	2481	1486
1975	7	lx-4351	vaca	noun	1921	1697	2174
1976	7	lx-4129	adonat	noun	1923	1039	3560
1977	7	lx-2437	votació	noun	1924	1900	1948
1978	7	lx-1793	virtut	noun	1924	2079	1781
1979	7	lx-2021	disputa	noun	1925	2593	1429
1980	7	lx-3177	reformar	verb	1926	2502	1483
1981	7	lx-2308	carboni	noun	1927	2275	1633
1982	7	lx-0906	neta	noun	1928	1395	2664
1983	7	lx-1866	regidor	noun	1928	2390	1555
1984	7	lx-2127	accent	noun	1930	1772	2101
1985	7	lx-2306	carbó	noun	1931	2037	1830
1986	7	lx-2933	aprenentatge	noun	1931	2568	1452
1987	7	lx-0824	diàleg	noun	1931	2415	1544
1988	7	lx-1591	publicitat	noun	1934	2149	1740
1989	7	lx-3407	manifest	noun	1934	2462	1519
1990	7	lx-2899	lentament	adverb	1934	1793	2086
1991	7	lx-1636	cooperació	noun	1935	2073	1807
1992	7	lx-1967	trama	noun	1937	2666	1408
1993	7	lx-1364	agricultura	noun	1938	3116	1205
1994	7	lx-3853	estada	noun	1938	2344	1602
1995	7	lx-0428	teràpia	noun	1939	1771	2122
1996	7	lx-2016	infinit	noun	1941	1865	2020
1997	7	lx-3783	pescar	verb	1942	1427	2644
1998	7	lx-1338	ascens	noun	1944	2208	1712
1999	7	lx-0395	tassa	noun	1946	1307	2897
2000	7	lx-2099	percebre	verb	1948	2049	1852
2001	7	lx-2002	diàmetre	noun	1948	2740	1385
2002	7	lx-1239	diagnòstic	noun	1950	2026	1877
2003	7	lx-1411	tragèdia	noun	1951	1744	2182
2004	7	lx-3215	qüestionar	verb	1952	1870	2038
2005	7	lx-1192	fusteria	noun	1952	3052	1249
2006	7	lx-2081	pudor	noun	1954	1158	3296
2007	7	lx-3944	equipament	noun	1954	2207	1730
2008	7	lx-2258	prima	noun	1955	1863	2051
2009	7	lx-0992	parada	noun	1955	1616	2366
2010	7	lx-1755	intervenir	verb	1956	2125	1800
2011	7	lx-1334	vaga	noun	1957	2192	1747
2012	7	lx-1265	diputat	noun	1958	3079	1245
2013	7	lx-3212	concloure	verb	1958	2592	1479
2014	7	lx-2943	autònom	adjective	1958	3065	1251
2015	7	lx-2157	onada	noun	1962	2015	1910
2016	7	lx-0811	igualtat	noun	1962	2102	1831
2017	7	lx-3855	turístic	adjective	1964	2552	1511
2018	7	lx-3182	madurar	verb	1964	1824	2115
2019	7	lx-0487	dèbil	adjective	1965	1370	2817
2020	7	lx-0537	examen	noun	1965	1858	2078
2021	7	lx-2051	ascensor	noun	1967	1482	2611
2022	7	lx-1996	equació	noun	1967	2157	1794
2023	7	lx-1939	avinguda	noun	1968	2447	1582
2024	7	lx-1988	molècula	noun	1968	2680	1445
2025	7	lx-0379	moble	noun	1968	2106	1839
2026	7	lx-3756	consulta	noun	1969	2217	1748
2027	7	lx-0548	col·laborar	verb	1969	3785	1024
2028	7	lx-3140	fibra	noun	1969	2306	1681
2029	7	lx-1508	conservació	noun	1969	3107	1248
2030	7	lx-2001	radi	noun	1969	2039	1902
2031	7	lx-1886	antiguitat	noun	1970	2546	1524
2032	7	lx-1445	immigrant	noun	1970	2173	1786
2033	7	lx-1012	metro	noun	1970	1987	1954
2034	7	lx-1970	mite	noun	1971	2209	1759
2035	7	lx-2256	garantia	noun	1974	1877	2075
2036	7	lx-2497	segrest	noun	1974	1490	2616
2037	7	lx-1816	divorci	noun	1975	1670	2335
2038	7	lx-1619	retrocedir	verb	1978	1562	2504
2039	7	lx-1660	crani	noun	1981	1833	2140
2040	7	lx-2875	estricte	adjective	1982	2139	1837
2041	7	lx-4121	híbrid	noun	1982	1774	2215
2042	7	lx-2905	constantment	adverb	1985	2072	1901
2043	7	lx-1203	videojoc	noun	1986	2835	1391
2044	7	lx-1520	matinada	noun	1987	1812	2178
2045	7	lx-3812	empresari	noun	1988	2334	1693
2046	7	lx-1518	hàbit	noun	1988	2014	1962
2047	7	lx-4132	penedir	verb	1989	1409	2809
2048	7	lx-2393	comunicat	noun	1991	2090	1896
2049	7	lx-0805	tolerar	verb	1994	1842	2158
2050	7	lx-0527	dutxar	verb	1996	1256	3171
2051	7	lx-2188	humil	adjective	1996	1750	2276
2052	7	lx-1655	estómac	noun	1997	1538	2592
2053	7	lx-1448	comarca	noun	1998	3392	1177
2054	7	lx-1292	martell	noun	1999	1594	2506
2055	7	lx-0957	ovella	noun	1999	1982	2017
2056	7	lx-1482	confusió	noun	2000	2060	1941
2057	7	lx-3854	pensió	noun	2001	1783	2246
2058	7	lx-1461	piràmide	noun	2002	2111	1898
2059	7	lx-2110	gravetat	noun	2002	1973	2031
2060	7	lx-0858	saviesa	noun	2005	1644	2445
2061	7	lx-0652	venedor	noun	2006	1733	2322
2062	7	lx-0703	terrassa	noun	2006	2933	1372
2063	7	lx-1477	depressió	noun	2006	2321	1734
2064	7	lx-0194	ploure	verb	2007	1443	2791
2065	7	lx-1329	passatge	noun	2007	2096	1922
2066	7	lx-1384	vinya	noun	2007	2332	1728
2067	7	lx-3791	fotògraf	noun	2008	2237	1802
2068	7	lx-4362	tou	adjective	2008	1963	2055
2069	7	lx-1369	collita	noun	2009	1944	2076
2070	7	lx-4199	penal	adjective	2009	2176	1855
2071	7	lx-0997	perruqueria	noun	2009	2763	1461
2072	7	lx-0450	dimarts	noun	2010	1504	2685
2073	7	lx-2278	herència	noun	2014	2167	1872
2074	7	lx-2093	contemplar	verb	2014	2018	2011
2075	7	lx-4064	sorprèn	noun	2016	1393	2917
2076	7	lx-0534	paral·lel	adjective	2017	3681	1105
2077	7	lx-0897	samarreta	noun	2017	1663	2446
2078	7	lx-4269	tieta	noun	2017	1232	3302
2079	7	lx-0704	reparar	verb	2018	1880	2166
2080	7	lx-1612	escalar	verb	2019	1789	2279
2081	7	lx-1003	passaport	noun	2020	1386	2944
2082	7	lx-1139	comissaria	noun	2020	1396	2923
2083	7	lx-3975	altitud	noun	2020	2684	1521
2084	7	lx-1470	seguidors	noun	2021	2348	1739
2085	7	lx-2760	pànic	noun	2021	1563	2613
2086	7	lx-4083	paciència	noun	2023	1251	3271
2087	7	lx-0367	armari	noun	2023	1367	2995
2088	7	lx-2944	sensor	noun	2025	2134	1921
2089	7	lx-4158	comès	noun	2025	1554	2638
2090	7	lx-1650	avaluació	noun	2025	2258	1816
2091	7	lx-2749	síndrome	noun	2026	2140	1918
2092	7	lx-3876	laboral	adjective	2026	2421	1696
2093	7	lx-4137	abundant	adjective	2026	2771	1482
2094	7	lx-4164	mati	noun	2030	1355	3041
2095	7	lx-0490	satisfet	adjective	2030	1640	2513
2096	7	lx-0899	jaqueta	noun	2031	1302	3168
2097	7	lx-3799	cambrer	noun	2031	1448	2849
2098	7	lx-1321	retard	noun	2031	1938	2129
2099	7	lx-2117	coet	noun	2032	2132	1937
2100	7	lx-3737	prim	adjective	2033	1883	2194
2101	7	lx-0745	seda	noun	2033	1888	2189
2102	7	lx-2058	oració	noun	2034	2195	1884
2103	7	lx-0399	salsa	noun	2038	1595	2604
2104	7	lx-4225	valencià	adjective	2038	3661	1135
2105	7	lx-1345	jornada	noun	2039	2353	1767
2106	7	lx-2304	reducció	noun	2040	2665	1562
2107	7	lx-2780	inconscient	noun	2041	1608	2591
2108	7	lx-2909	antigament	adverb	2042	2846	1465
2109	7	lx-2817	danyat	adjective	2042	1854	2250
2110	7	lx-1060	empitjorar	verb	2044	1625	2570
2111	7	lx-3156	amplada	noun	2045	2913	1436
2112	7	lx-2485	traç	noun	2046	2160	1938
2113	7	lx-1090	botes	noun	2047	1573	2663
2114	7	lx-4329	resolt	noun	2048	1481	2833
2115	7	lx-0673	sospita	noun	2048	1739	2413
2116	7	lx-1693	campanar	noun	2050	3238	1298
2117	7	lx-1004	maleta	noun	2050	1216	3457
2118	7	lx-1559	lloguer	noun	2052	1684	2500
2119	7	lx-1599	nedar	verb	2053	1695	2487
2120	7	lx-1503	residu	noun	2053	2212	1906
2121	7	lx-4261	avís	noun	2055	1514	2788
2122	7	lx-2178	generós	adjective	2055	1519	2779
2123	7	lx-1765	bomber	noun	2055	1834	2302
2124	7	lx-3701	parcial	noun	2057	2395	1766
2125	7	lx-3999	desar	verb	2057	2051	2064
2126	7	lx-3245	avaluar	verb	2058	2364	1791
2127	7	lx-2014	perímetre	noun	2059	1843	2300
2128	7	lx-3127	autorització	noun	2060	1798	2360
2129	7	lx-3198	expandir	verb	2061	2469	1720
2130	7	lx-0930	garatge	noun	2061	1593	2666
2131	7	lx-1752	coalició	noun	2063	2489	1710
2132	7	lx-0526	seixanta	numeral	2069	2564	1669
2133	7	lx-0596	península	noun	2070	2918	1468
2134	7	lx-2321	lideratge	noun	2071	2229	1924
2135	7	lx-1529	muntatge	noun	2073	2374	1810
2136	7	lx-3837	furgoneta	noun	2076	1289	3342
2137	7	lx-1874	expedient	noun	2076	1512	2850
2138	7	lx-1908	noblesa	noun	2078	2515	1717
2139	7	lx-2300	adaptació	noun	2078	2965	1457
2140	7	lx-0991	correus	noun	2079	1726	2503
2141	7	lx-1989	àtom	noun	2080	2268	1908
2142	7	lx-0965	deures	noun	2080	1603	2700
2143	7	lx-1732	morter	noun	2081	2336	1853
2144	7	lx-3174	renovar	verb	2081	2905	1491
2145	7	lx-1397	estrena	noun	2082	3157	1373
2146	7	lx-0791	turisme	noun	2084	2919	1488
2147	7	lx-1362	essència	noun	2085	2034	2137
2148	7	lx-0563	bicicleta	noun	2086	2112	2060
2149	7	lx-2500	tràfic	noun	2086	1915	2273
2150	7	lx-1977	tela	noun	2088	2486	1753
2151	7	lx-0866	tàctica	noun	2088	2159	2019
2152	7	lx-1158	beca	noun	2088	2215	1968
2153	7	lx-4357	gras	adjective	2088	1709	2552
2154	7	lx-1380	cereal	noun	2089	2234	1953
2155	7	lx-0784	coordinar	verb	2089	2223	1964
2156	7	lx-0807	autonomia	noun	2090	2751	1588
2157	7	lx-1142	cel·la	noun	2092	2464	1777
2158	7	lx-1076	cérvol	noun	2096	1922	2286
2159	7	lx-2509	delinqüent	noun	2096	1655	2655
2160	7	lx-1580	redacció	noun	2097	2381	1846
2161	7	lx-2911	últimament	adverb	2097	1341	3278
2162	7	lx-1821	vincle	noun	2097	2396	1835
2163	7	lx-1162	campus	noun	2098	2085	2112
2164	7	lx-4290	afectat	noun	2099	2161	2039
2165	7	lx-3669	estança	noun	2099	2065	2134
2166	7	lx-0817	deduir	verb	2100	2098	2102
2167	7	lx-1447	densitat	noun	2102	2935	1505
2168	7	lx-2906	contínuament	adverb	2104	2105	2103
2169	7	lx-1590	propaganda	noun	2104	2282	1940
2170	7	lx-0425	farmàcia	noun	2106	2191	2024
2171	7	lx-0831	recomanació	noun	2106	2064	2149
2172	7	lx-4232	vàlid	adjective	2107	2370	1873
2173	7	lx-2916	prèviament	adverb	2107	2739	1621
2174	7	lx-2028	postura	noun	2107	2235	1987
2175	7	lx-2430	electró	noun	2108	2660	1670
2176	7	lx-3301	fallida	noun	2108	1954	2274
2177	7	lx-0420	fractura	noun	2108	1723	2579
2178	7	lx-2043	immobiliària	noun	2108	2882	1542
2179	7	lx-3203	consolidar	verb	2112	2833	1575
2180	7	lx-0451	dimecres	noun	2115	1591	2811
2181	7	lx-3141	òptic	adjective	2115	2725	1642
2182	7	lx-3928	contenidor	noun	2115	1979	2261
2183	7	lx-1658	vena	noun	2116	1747	2562
2184	7	lx-0392	suc	noun	2116	1748	2561
2185	7	lx-1707	préstec	noun	2116	2042	2193
2186	7	lx-4245	saludar	verb	2120	1522	2952
2187	7	lx-0755	corregir	verb	2120	2117	2123
2188	7	lx-2698	agut	adjective	2120	2548	1764
2189	7	lx-1164	seminari	noun	2120	2658	1691
2190	7	lx-0181	euro	noun	2121	2542	1770
2191	7	lx-3809	electricista	noun	2123	3232	1395
2192	7	lx-1166	tesi	noun	2124	2856	1579
2193	7	lx-3819	besar	verb	2125	1415	3190
2194	7	lx-3845	frenar	verb	2125	1929	2341
2195	7	lx-2325	proveïdor	noun	2125	2115	2136
2196	7	lx-2450	esmena	noun	2127	1647	2746
2197	7	lx-0348	neboda	noun	2127	1634	2768
2198	7	lx-1934	escombraries	noun	2127	1464	3090
2199	7	lx-0581	insecte	noun	2127	2496	1813
2200	7	lx-0826	reflexió	noun	2130	2582	1757
2201	7	lx-0418	trastorn	noun	2133	2777	1638
2202	7	lx-0544	imprimir	verb	2134	2199	2071
2203	7	lx-1459	descens	noun	2134	2409	1891
2204	7	lx-1629	pobresa	noun	2137	2311	1977
2205	7	lx-1652	fetge	noun	2138	1815	2518
2206	7	lx-2164	programari	noun	2140	2977	1538
2207	7	lx-3897	apunyalar	verb	2140	1462	3132
2208	7	lx-1506	extinció	noun	2140	2312	1981
2209	7	lx-1106	fregir	verb	2141	1633	2807
2210	7	lx-1014	autopista	noun	2141	2040	2248
2211	7	lx-2387	informatiu	noun	2142	2243	2045
2212	7	lx-3942	dieta	noun	2145	2385	1929
2213	7	lx-0713	recepta	noun	2146	1942	2371
2214	7	lx-1549	rendiment	noun	2146	3058	1506
2215	7	lx-1277	minoria	noun	2146	2595	1775
2216	7	lx-3776	entreteniment	noun	2146	2126	2167
2217	7	lx-0924	menjador	noun	2147	1901	2424
2218	7	lx-0597	delta	noun	2147	2100	2195
2219	7	lx-0896	pastilla	noun	2148	1466	3146
2220	7	lx-0931	coixí	noun	2149	1673	2761
2221	7	lx-4310	prestigi	noun	2150	2698	1713
2222	7	lx-4092	demanen	noun	2151	1553	2980
2223	7	lx-1758	delegació	noun	2153	2528	1834
2224	7	lx-1460	estadística	noun	2154	2424	1914
2225	7	lx-1218	etiqueta	noun	2155	2290	2028
2226	7	lx-1152	condemna	noun	2156	2087	2228
2227	7	lx-0719	galeta	noun	2160	1582	2949
2228	7	lx-0646	ratolí	noun	2160	2110	2212
2229	7	lx-2222	harmonia	noun	2160	2559	1824
2230	7	lx-0626	vuitanta	numeral	2161	2569	1817
2231	7	lx-1982	marbre	noun	2161	2511	1859
2232	7	lx-1881	corrupció	noun	2161	2437	1916
2233	7	lx-1439	cens	noun	2161	3482	1341
2234	7	lx-1308	pany	noun	2161	1852	2522
2235	7	lx-1067	gallina	noun	2162	1703	2744
2236	7	lx-2196	creuer	noun	2162	2531	1847
2237	7	lx-2056	mesquita	noun	2165	2404	1950
2238	7	lx-2281	membrana	noun	2165	3138	1494
2239	7	lx-3026	perforar	verb	2166	1837	2555
2240	7	lx-2806	aïllat	adjective	2167	2313	2030
2241	7	lx-2702	simfonia	noun	2167	2766	1698
2242	7	lx-1071	elefant	noun	2167	2045	2297
2243	7	lx-2141	xerrada	noun	2168	1585	2965
2244	7	lx-2435	espectre	noun	2169	2587	1818
2245	7	lx-2399	enquesta	noun	2170	2265	2079
2246	7	lx-1312	rajola	noun	2170	2664	1768
2247	7	lx-2338	subministrar	verb	2170	2341	2012
2248	7	lx-1159	matrícula	noun	2171	1699	2773
2249	7	lx-4170	cartera	noun	2171	1661	2837
2250	7	lx-0374	assecar	verb	2171	2224	2119
2251	7	lx-1080	mosca	noun	2171	1763	2674
2252	7	lx-1129	agressió	noun	2171	1941	2429
2253	7	lx-0416	vacuna	noun	2172	1958	2410
2254	7	lx-1386	plaga	noun	2174	2092	2260
2255	7	lx-2384	difusió	noun	2176	3233	1464
2256	7	lx-0675	percepció	noun	2177	2323	2040
2257	7	lx-0812	cooperar	verb	2177	1791	2646
2258	7	lx-1375	hort	noun	2179	3062	1550
2259	7	lx-1565	lampisteria	noun	2179	3785	1254
2260	7	lx-2515	fugitiu	noun	2180	1867	2546
2261	7	lx-2205	benestar	noun	2181	2142	2220
2262	7	lx-1467	actualitzar	verb	2183	2433	1958
2263	7	lx-2247	finançament	noun	2184	2654	1798
2264	7	lx-4178	dictar	verb	2185	2246	2125
2265	7	lx-1698	gòtic	noun	2185	3287	1453
2266	7	lx-1661	costella	noun	2190	1711	2803
2267	7	lx-1081	abella	noun	2191	2239	2144
2268	7	lx-0625	setanta	numeral	2191	2697	1780
2269	7	lx-3883	refredar	verb	2192	2020	2379
2270	7	lx-1492	compassió	noun	2192	1543	3115
2271	7	lx-2271	genètica	noun	2193	2356	2042
2272	7	lx-0298	sopa	noun	2194	1552	3101
2273	7	lx-0996	supermercat	noun	2194	2025	2377
2274	7	lx-1920	bacteri	noun	2195	2544	1894
2275	7	lx-0424	rehabilitació	noun	2195	2372	2032
2276	7	lx-1552	recurs	noun	2196	2407	2003
2277	7	lx-1366	conreu	noun	2196	2950	1635
2278	7	lx-2772	dependència	noun	2198	3396	1422
2279	7	lx-3394	llinatge	noun	2202	2351	2063
2280	7	lx-4322	resum	noun	2203	2252	2156
2281	7	lx-0447	cotó	noun	2205	2322	2093
2282	7	lx-0384	llibreria	noun	2205	2524	1926
2283	7	lx-2077	olorar	verb	2205	1372	3545
2284	7	lx-2597	misèria	noun	2206	1778	2736
2285	7	lx-1917	cicatriu	noun	2206	1654	2943
2286	7	lx-3265	induir	verb	2207	2598	1874
2287	7	lx-1367	sembrar	verb	2210	2000	2443
2288	7	lx-4214	espatllar	verb	2211	1457	3356
2289	7	lx-3996	portàtil	noun	2212	1937	2526
2290	7	lx-2277	reproducció	noun	2213	2987	1640
2291	7	lx-1128	frau	noun	2213	1899	2580
2292	7	lx-3828	lligam	noun	2214	2113	2320
2293	7	lx-4499	rodó	adjective	2218	2485	1979
2294	7	lx-2334	panell	noun	2220	2584	1907
2295	7	lx-1531	maquinària	noun	2222	2411	2047
2296	7	lx-2315	corporació	noun	2222	2294	2153
2297	7	lx-3322	petjada	noun	2223	1905	2595
2298	7	lx-2008	matriu	noun	2223	2765	1788
2299	7	lx-1609	tremolar	verb	2224	1450	3410
2300	7	lx-2390	capçalera	noun	2225	3006	1647
2301	7	lx-0297	arròs	noun	2227	2279	2177
2302	7	lx-4122	suspensió	noun	2228	2605	1905
2303	7	lx-2383	emissora	noun	2232	2719	1833
2304	7	lx-3031	tèrmic	adjective	2234	2498	1998
2305	7	lx-2445	escon	noun	2236	2473	2021
2306	7	lx-1696	absis	noun	2237	3785	1322
2307	7	lx-1070	tigre	noun	2238	1835	2729
2308	7	lx-2508	botí	noun	2240	1961	2559
2309	7	lx-4000	virtual	adjective	2241	3005	1671
2310	7	lx-1638	estabilitat	noun	2241	2747	1828
2311	7	lx-1743	diplomàtic	noun	2242	2449	2053
2312	7	lx-2084	sord	adjective	2242	1907	2637
2313	7	lx-0950	tímid	adjective	2243	1892	2658
2314	7	lx-2236	tortuga	noun	2243	2263	2223
2315	7	lx-1500	escalfament	noun	2246	1934	2608
2316	7	lx-1294	cargol	noun	2247	2158	2339
2317	7	lx-0520	setze	numeral	2247	2560	1972
2318	7	lx-2007	integral	noun	2247	2710	1863
2319	7	lx-3117	intèrpret	noun	2249	2872	1761
2320	7	lx-2337	emmagatzematge	noun	2249	2561	1975
2321	7	lx-3798	cuiner	noun	2250	1761	2874
2322	7	lx-3848	embarcar	verb	2252	2343	2164
2323	7	lx-3947	intensitat	noun	2253	2928	1733
2324	7	lx-2144	insult	noun	2254	1764	2881
2325	7	lx-2781	infraestructura	noun	2255	2760	1842
2326	7	lx-4163	llamp	noun	2257	1807	2819
2327	7	lx-3732	certesa	noun	2258	2054	2482
2328	7	lx-0446	llana	noun	2259	2375	2148
2329	7	lx-3981	immigració	noun	2259	2250	2269
2330	7	lx-2078	tastar	verb	2262	1339	3821
2331	7	lx-1078	granota	noun	2263	1903	2691
2332	7	lx-4078	excel·lent	adjective	2263	3356	1526
2333	7	lx-1178	pantà	noun	2263	2295	2232
2334	7	lx-1764	treva	noun	2264	2186	2344
2335	7	lx-3320	hàbitat	noun	2264	3140	1632
2336	7	lx-4194	complexa	noun	2264	2748	1865
2337	7	lx-4107	plenament	adverb	2267	2613	1966
2338	7	lx-0505	llapis	noun	2268	1918	2682
2339	7	lx-0495	simpàtic	adjective	2269	1822	2825
2340	7	lx-2786	planificació	noun	2269	2617	1967
2341	7	lx-0729	ungla	noun	2269	1700	3029
2342	7	lx-0803	entusiasme	noun	2270	2187	2356
2343	7	lx-1156	doctorat	noun	2271	2667	1933
2344	7	lx-2844	llunyà	adjective	2272	2046	2524
2345	7	lx-0499	precís	adjective	2273	2101	2460
2346	7	lx-2744	estrès	noun	2274	2003	2581
2347	7	lx-1365	pagès	noun	2274	2439	2121
2348	7	lx-3910	subtítol	noun	2275	1936	2673
2349	7	lx-3755	farmacèutic	noun	2276	2244	2308
2350	7	lx-2292	extingir	verb	2278	2225	2332
2351	7	lx-1016	hostal	noun	2279	1988	2612
2352	7	lx-3159	descàrrega	noun	2279	2487	2089
2353	7	lx-0388	cortina	noun	2279	1908	2723
2354	7	lx-2346	aïllament	noun	2281	2510	2072
2355	7	lx-0519	catorze	numeral	2281	2693	1932
2356	7	lx-1851	coca	noun	2282	1884	2763
2357	7	lx-4327	nevar	verb	2282	2340	2225
2358	7	lx-3993	configuració	noun	2283	2970	1755
2359	7	lx-0619	excursió	noun	2285	2171	2404
2360	7	lx-1323	vagó	noun	2285	2012	2594
2361	7	lx-2733	fossa	noun	2285	2535	2059
2362	7	lx-1670	circulació	noun	2286	2734	1911
2363	7	lx-3646	conjuntament	adverb	2288	3104	1687
2364	7	lx-2717	arpa	noun	2289	1830	2862
2365	7	lx-0893	panxa	noun	2289	1574	3330
2366	7	lx-2327	innovació	noun	2290	3057	1715
2367	7	lx-2634	denúncia	noun	2291	2419	2170
2368	7	lx-1945	borsa	noun	2291	2088	2514
2369	7	lx-0934	opinar	verb	2292	1911	2749
2370	7	lx-0441	cosir	verb	2293	1840	2857
2371	7	lx-3870	requisit	noun	2295	2782	1893
2372	7	lx-2544	obligatori	adjective	2295	2549	2067
2373	7	lx-2169	actualització	noun	2296	2491	2117
2374	7	lx-1778	runa	noun	2298	2135	2473
2375	7	lx-1632	integració	noun	2298	2968	1779
2376	7	lx-1151	multa	noun	2299	2107	2508
2377	7	lx-3249	lloar	verb	2301	2222	2382
2378	7	lx-3907	repartiment	noun	2302	3311	1601
2379	7	lx-1421	puntes	noun	2304	2474	2145
2380	7	lx-0926	catifa	noun	2305	2109	2519
2381	7	lx-1804	bondat	noun	2306	1810	2938
2382	7	lx-2539	impartir	verb	2307	2949	1805
2383	7	lx-1499	contaminació	noun	2307	2316	2299
2384	7	lx-3209	argumentar	verb	2308	2890	1843
2385	7	lx-3987	acollida	noun	2310	2434	2192
2386	7	lx-3015	biga	noun	2316	2831	1895
2387	7	lx-2312	gerent	noun	2316	2147	2499
2388	7	lx-1912	grip	noun	2317	1948	2755
2389	7	lx-2314	inversor	noun	2317	2193	2448
2390	7	lx-2026	concessió	noun	2317	2822	1903
2391	7	lx-1515	rutina	noun	2318	1975	2720
2392	7	lx-0623	tennis	noun	2318	2509	2142
2393	7	lx-3787	xerrar	verb	2320	1428	3768
2394	7	lx-0717	raïm	noun	2320	2253	2389
2395	7	lx-1079	aranya	noun	2321	2028	2656
2396	7	lx-2463	escultor	noun	2325	3150	1716
2397	7	lx-2349	hidrogen	noun	2326	2636	2052
2398	7	lx-1709	salari	noun	2327	2492	2172
2399	7	lx-4247	bolet	noun	2327	2097	2582
2400	7	lx-0385	escriptori	noun	2328	1768	3065
2401	7	lx-1478	fàstic	noun	2332	1416	3839
2402	7	lx-0351	cunyat	noun	2333	1990	2734
2403	7	lx-1606	doblegar	verb	2334	2019	2697
2404	7	lx-2225	ratpenat	noun	2335	2013	2709
2405	7	lx-3157	sincronització	noun	2336	1809	3017
2406	7	lx-1980	alumini	noun	2336	2440	2237
2407	7	lx-0306	verdura	noun	2337	2218	2463
2408	7	lx-0746	cuir	noun	2338	2277	2401
2409	7	lx-1513	inundació	noun	2339	2626	2083
2410	7	lx-1792	ètica	noun	2340	2484	2204
2411	7	lx-0964	pissarra	noun	2340	2164	2531
2412	7	lx-2955	paràmetre	noun	2341	2855	1919
2413	7	lx-1311	canonada	noun	2342	2241	2447
2414	7	lx-0961	goma	noun	2342	2293	2392
2415	7	lx-1255	xec	noun	2343	1548	3546
2416	7	lx-2695	diagnosticar	verb	2344	2307	2381
2417	7	lx-1216	fòrum	noun	2344	2580	2130
2418	7	lx-1097	guants	noun	2345	1792	3068
2419	7	lx-1888	renaixement	noun	2345	2648	2077
2420	7	lx-2279	enzim	noun	2346	3166	1738
2421	7	lx-3183	envellir	verb	2346	2001	2750
2422	7	lx-4186	arriscat	adjective	2346	1782	3088
2423	7	lx-2831	fràgil	adjective	2346	2261	2434
2424	7	lx-2086	perfum	noun	2347	1781	3092
2425	7	lx-1165	tutor	noun	2347	2127	2590
2426	7	lx-0748	setmanal	adjective	2347	2547	2163
2427	7	lx-2484	avantguarda	noun	2347	2558	2154
2428	7	lx-0905	cosina	noun	2349	1895	2912
2429	7	lx-1983	formigó	noun	2349	2556	2159
2430	7	lx-3739	moreno	adjective	2351	2221	2488
2431	7	lx-2369	renovació	noun	2354	2929	1892
2432	7	lx-0438	lila	adjective	2357	1813	3063
2433	7	lx-2646	testificar	verb	2357	1866	2977
2434	7	lx-1595	exclusiva	noun	2358	2444	2275
2435	7	lx-1680	cornisa	noun	2359	3100	1795
2436	7	lx-2171	algorisme	noun	2360	2838	1963
2437	7	lx-2907	temporalment	adverb	2361	2606	2139
2438	7	lx-3745	cèntim	noun	2362	1945	2869
2439	7	lx-3194	simplificar	verb	2363	2791	2000
2440	7	lx-0743	tèxtil	noun	2364	3382	1652
2441	7	lx-0651	comprador	noun	2364	2114	2643
2442	7	lx-3961	dimitir	verb	2364	2787	2005
2443	7	lx-1704	finances	noun	2367	2443	2293
2444	7	lx-3766	afició	noun	2367	2519	2224
2445	7	lx-0986	carnisseria	noun	2367	2231	2512
2446	7	lx-1475	adjunt	noun	2374	2832	1990
2447	7	lx-3160	pujada	noun	2374	2521	2236
2448	7	lx-1910	dictadura	noun	2375	2752	2049
2449	7	lx-1653	ronyó	noun	2376	1928	2928
2450	7	lx-0959	aula	noun	2378	2692	2100
2451	7	lx-2527	qualificació	noun	2378	2457	2301
2452	7	lx-2118	satèl·lit	noun	2379	3785	1495
2453	7	lx-1313	ciment	noun	2379	2448	2312
2454	7	lx-2591	barraca	noun	2380	2675	2118
2455	7	lx-4209	presidenta	noun	2382	2696	2104
2456	7	lx-1102	collaret	noun	2383	1977	2873
2457	7	lx-3714	llicenciat	noun	2384	2828	2010
2458	7	lx-0800	ràbia	noun	2385	1896	3000
2459	7	lx-1181	glacera	noun	2385	2454	2318
2460	7	lx-1998	fracció	noun	2386	2588	2199
2461	7	lx-3747	transacció	noun	2386	2242	2539
2462	7	lx-1563	rodet	noun	2386	2093	2721
2463	7	lx-0677	reflexionar	verb	2387	2357	2418
2464	7	lx-2070	profeta	noun	2388	2350	2426
2465	7	lx-1892	monarquia	noun	2388	2982	1912
2466	7	lx-0478	planificar	verb	2389	2431	2348
2467	7	lx-4316	formular	verb	2390	2368	2412
2468	7	lx-2257	quota	noun	2390	2453	2329
2469	7	lx-1083	papallona	noun	2391	2174	2630
2470	7	lx-1586	micròfon	noun	2392	2011	2844
2471	7	lx-3721	decepció	noun	2392	1956	2924
2472	7	lx-0722	pebrot	noun	2392	1618	3537
2473	7	lx-2324	adquisició	noun	2394	2818	2033
2474	7	lx-4338	recaure	verb	2394	2503	2290
2475	7	lx-0605	satisfacció	noun	2395	2163	2651
2476	7	lx-0470	pentinar	verb	2396	1994	2878
2477	7	lx-1781	sirena	noun	2396	2031	2826
2478	7	lx-0925	sofà	noun	2399	1659	3469
2479	7	lx-2213	equilibrar	verb	2400	2634	2186
2480	7	lx-3121	confirmació	noun	2400	2183	2639
2481	7	lx-3963	portaveu	noun	2401	2703	2132
2482	7	lx-2116	astronauta	noun	2401	2194	2628
2483	7	lx-1110	pelar	verb	2402	1841	3133
2484	7	lx-1717	picada	noun	2405	2317	2497
2485	7	lx-1890	il·lustració	noun	2408	3785	1532
2486	7	lx-1682	bastida	noun	2409	2989	1942
2487	7	lx-3935	suar	verb	2410	1894	3067
2488	7	lx-3982	diversitat	noun	2412	3469	1677
2489	7	lx-1486	solitud	noun	2413	2081	2797
2490	7	lx-4126	filosòfic	adjective	2414	3091	1885
2491	7	lx-1053	fitxer	noun	2414	3165	1841
2492	7	lx-2902	ocasionalment	adverb	2414	2853	2043
2493	7	lx-3297	licitar	verb	2415	1534	3802
2494	7	lx-1873	instància	noun	2416	2991	1951
2495	7	lx-2853	ambiciós	adjective	2416	2393	2440
2496	7	lx-1370	llavor	noun	2417	2202	2652
2497	7	lx-1569	interruptor	noun	2417	2008	2909
2498	7	lx-2179	egoista	adjective	2418	1710	3419
2499	7	lx-0694	nora	noun	2418	2038	2870
2500	7	lx-0723	injecció	noun	2419	2233	2620
2501	7	lx-0522	divuit	numeral	2420	2517	2327
2502	7	lx-0627	noranta	numeral	2420	2754	2127
2503	7	lx-2193	allotjament	noun	2420	2446	2395
2504	7	lx-1232	respiració	noun	2421	2146	2731
2505	7	lx-2468	subhasta	noun	2423	2144	2738
2506	7	lx-3817	fidelitat	noun	2423	2756	2131
2507	7	lx-2088	oïda	noun	2423	2198	2672
2508	7	lx-0943	intel·ligent	adjective	2426	3296	1785
2509	7	lx-0333	diner	noun	2426	1931	3047
2510	7	lx-1171	cascada	noun	2427	2677	2200
2511	7	lx-1402	vestuari	noun	2430	2475	2386
2512	7	lx-2904	regularment	adverb	2430	3229	1829
2513	7	lx-0521	disset	numeral	2431	2736	2160
2514	7	lx-3761	guix	noun	2432	2477	2387
2515	7	lx-2748	addicció	noun	2432	2091	2828
2516	7	lx-3076	controvèrsia	noun	2432	3073	1925
2517	7	lx-0469	afaitar	verb	2433	1872	3162
2518	7	lx-2397	plató	noun	2435	2405	2465
2519	7	lx-2025	consens	noun	2435	2688	2206
2520	7	lx-3706	biologia	noun	2435	2562	2315
2521	7	lx-1490	gelosia	noun	2436	2284	2599
2522	7	lx-3707	internat	noun	2436	2417	2456
2523	7	lx-1889	barroc	noun	2437	3742	1587
2524	7	lx-2128	dialecte	noun	2437	3785	1569
2525	7	lx-3863	pneumàtic	noun	2437	2466	2409
2526	7	lx-0917	ceba	noun	2438	2066	2876
2527	7	lx-1000	gimnàs	noun	2439	2124	2801
2528	7	lx-2492	retaule	noun	2439	3785	1572
2529	7	lx-2395	impremta	noun	2440	2860	2081
2530	7	lx-3846	aparcar	verb	2443	1775	3363
2531	7	lx-1747	cimera	noun	2443	2166	2756
2532	7	lx-4112	calaix	noun	2446	1879	3183
2533	7	lx-3091	polèmica	noun	2448	3308	1811
2534	7	lx-1809	racional	adjective	2448	2589	2314
2535	7	lx-2830	exòtic	adjective	2448	2500	2397
2536	8	lx-3181	perfeccionar	verb	2448	2470	2427
2537	8	lx-2170	intel·ligència	noun	2449	3785	1584
2538	8	lx-2641	estatut	noun	2449	3403	1763
2539	8	lx-2080	visualitzar	verb	2451	2468	2435
2540	8	lx-4268	acostumat	noun	2452	1706	3523
2541	8	lx-2276	mutació	noun	2453	2768	2173
2542	8	lx-1245	ingrés	noun	2453	2796	2152
2543	8	lx-4335	prometedor	adjective	2454	2156	2794
2544	8	lx-2476	mural	noun	2455	3060	1970
2545	8	lx-2707	viola	noun	2457	2563	2355
2546	8	lx-4086	detinguts	noun	2457	2646	2282
2547	8	lx-0307	postres	noun	2458	2057	2936
2548	8	lx-2774	repressió	noun	2458	3319	1820
2549	8	lx-0971	bàsquet	noun	2458	2920	2069
2550	8	lx-0721	farina	noun	2460	2438	2483
2551	8	lx-4255	capsa	noun	2461	1981	3057
2552	8	lx-1005	equipatge	noun	2463	1875	3236
2553	8	lx-4257	salpar	verb	2465	1913	3176
2554	8	lx-1570	cola	noun	2466	2204	2760
2555	8	lx-1603	empènyer	verb	2467	2165	2812
2556	8	lx-2115	astrònom	noun	2469	2389	2551
2557	8	lx-2855	astut	adjective	2470	1836	3324
2558	8	lx-2616	asil	noun	2473	2285	2677
2559	8	lx-4095	loteria	noun	2475	1897	3228
2560	8	lx-1155	màster	noun	2476	2773	2210
2561	8	lx-2185	groller	adjective	2476	1823	3364
2562	8	lx-1823	trauma	noun	2478	2024	3033
2563	8	lx-0229	lleig	adjective	2479	1844	3333
2564	8	lx-2928	expressament	adverb	2479	2309	2662
2565	8	lx-3801	dependent	noun	2480	2952	2084
2566	8	lx-3939	saludable	adjective	2482	2063	2987
2567	8	lx-1494	admiració	noun	2483	2345	2629
2568	8	lx-2386	tirada	noun	2483	2236	2758
2569	8	lx-0747	planxar	verb	2484	2550	2419
2570	8	lx-2714	trompa	noun	2485	2299	2686
2571	8	lx-2223	mamífer	noun	2486	3133	1973
2572	8	lx-3192	enriquir	verb	2488	2732	2265
2573	8	lx-1098	gorra	noun	2488	2075	2983
2574	8	lx-2938	predicció	noun	2491	2723	2278
2575	8	lx-3977	hemisferi	noun	2494	2625	2370
2576	8	lx-1426	joieria	noun	2495	2571	2421
2577	8	lx-3205	enfortir	verb	2495	2554	2438
2578	8	lx-0645	teclat	noun	2496	2973	2096
2579	8	lx-1100	mocador	noun	2497	2027	3076
2580	8	lx-0830	suggeriment	noun	2498	2292	2722
2581	8	lx-2900	freqüentment	adverb	2499	3221	1939
2582	8	lx-2464	textura	noun	2502	3260	1920
2583	8	lx-3727	simpatia	noun	2506	2583	2432
2584	8	lx-2190	flexible	adjective	2506	2781	2259
2585	8	lx-1416	fuster	noun	2507	2726	2306
2586	8	lx-3029	llosa	noun	2508	3541	1776
2587	8	lx-1099	corbata	noun	2508	1730	3637
2588	8	lx-3224	insinuar	verb	2509	2053	3066
2589	8	lx-1832	màniga	noun	2509	2259	2787
2590	8	lx-3109	interfície	noun	2510	3292	1913
2591	8	lx-3084	metàfora	noun	2510	2362	2668
2592	8	lx-1697	pedrera	noun	2511	2886	2184
2593	8	lx-3201	emmascarar	verb	2511	2119	2976
2594	8	lx-1837	taló	noun	2513	2080	3036
2595	8	lx-1742	sobirania	noun	2514	3343	1890
2596	8	lx-1075	guineu	noun	2517	2061	3075
2597	8	lx-0414	sanitat	noun	2519	2638	2405
2598	8	lx-2783	cruïlla	noun	2519	2346	2705
2599	8	lx-2750	psiquiatre	noun	2519	2030	3127
2600	8	lx-2854	arrogant	adjective	2523	1992	3196
2601	8	lx-2254	passiu	noun	2525	2903	2196
2602	8	lx-2427	bombolla	noun	2525	2178	2927
2603	8	lx-2876	exigent	adjective	2526	2329	2739
2604	8	lx-2947	processament	noun	2526	3217	1983
2605	8	lx-1379	falcó	noun	2526	2211	2886
2606	8	lx-2082	aroma	noun	2526	2423	2634
2607	8	lx-1762	bloqueig	noun	2530	2685	2384
2608	8	lx-1589	censura	noun	2530	3106	2061
2609	8	lx-2371	conveni	noun	2530	2944	2175
2610	8	lx-0578	arbust	noun	2531	2907	2203
2611	8	lx-2863	confiat	adjective	2531	2104	3045
2612	8	lx-2626	veredicte	noun	2532	2004	3199
2613	8	lx-0939	tristesa	noun	2532	2200	2914
2614	8	lx-3188	corrompre	verb	2535	1999	3214
2615	8	lx-3230	debatre	verb	2535	2553	2517
2616	8	lx-1401	maquillatge	noun	2536	2188	2939
2617	8	lx-2075	ritu	noun	2537	3003	2143
2618	8	lx-2757	obsessió	noun	2537	2254	2856
2619	8	lx-2359	dimissió	noun	2538	2737	2354
2620	8	lx-2230	àguila	noun	2538	2537	2540
2621	8	lx-0299	amanida	noun	2539	1993	3234
2622	8	lx-2354	plantilla	noun	2540	2922	2208
2623	8	lx-2554	dorsal	noun	2541	3312	1949
2624	8	lx-1585	presentador	noun	2541	2825	2285
2625	8	lx-1994	geometria	noun	2542	2927	2207
2626	8	lx-2915	simultàniament	adverb	2542	3439	1879
2627	8	lx-0827	síntesi	noun	2542	3593	1799
2628	8	lx-2173	processador	noun	2543	3273	1976
2629	8	lx-1372	regar	verb	2547	2844	2281
2630	8	lx-4366	amarg	adjective	2547	2545	2549
2631	8	lx-2381	motivació	noun	2547	2585	2510
2632	8	lx-1336	jubilació	noun	2547	2744	2365
2633	8	lx-1481	desesperació	noun	2550	2181	2981
2634	8	lx-2296	agreujar	verb	2551	2505	2598
2635	8	lx-1671	batec	noun	2552	1967	3310
2636	8	lx-1476	ansietat	noun	2552	2402	2711
2637	8	lx-2561	muscular	adjective	2552	2776	2346
2638	8	lx-1399	aplaudiment	noun	2553	2116	3080
2639	8	lx-2192	duana	noun	2554	2262	2883
2640	8	lx-2237	tauró	noun	2554	2196	2970
2641	8	lx-0848	altaveu	noun	2555	2425	2692
2642	8	lx-1775	urgència	noun	2555	2248	2905
2643	8	lx-4349	àrbitre	noun	2556	2690	2428
2644	8	lx-2699	partitura	noun	2556	3285	1989
2645	8	lx-2519	atracar	verb	2557	2052	3186
2646	8	lx-3304	especular	verb	2558	2770	2362
2647	8	lx-2926	accidentalment	adverb	2558	2441	2681
2648	8	lx-2489	bust	noun	2558	2668	2453
2649	8	lx-2692	ressonància	noun	2559	2618	2502
2650	8	lx-3106	rèplica	noun	2561	2814	2331
2651	8	lx-2706	violoncel	noun	2562	3132	2095
2652	8	lx-2650	demandar	verb	2563	2504	2624
2653	8	lx-3731	menyspreu	noun	2566	2278	2890
2654	8	lx-3135	icona	noun	2569	2847	2319
2655	8	lx-3088	ironia	noun	2570	2213	2984
2656	8	lx-2019	simetria	noun	2573	3336	1984
2657	8	lx-3831	locomotora	noun	2573	2786	2376
2658	8	lx-0432	sabata	noun	2573	1935	3422
2659	8	lx-3099	èmfasi	noun	2573	3355	1974
2660	8	lx-1056	contrasenya	noun	2577	2074	3201
2661	8	lx-1610	relliscar	verb	2577	2033	3267
2662	8	lx-0898	faldilla	noun	2579	2427	2741
2663	8	lx-2632	magistrat	noun	2581	2870	2321
2664	8	lx-1907	burgesia	noun	2582	2957	2255
2665	8	lx-2161	esquí	noun	2583	2939	2271
2666	8	lx-3391	vestigi	noun	2584	3219	2074
2667	8	lx-1584	locutor	noun	2586	2210	3026
2668	8	lx-2219	suplement	noun	2588	2767	2420
2669	8	lx-1899	croada	noun	2588	2695	2486
2670	8	lx-2227	balena	noun	2590	2331	2877
2671	8	lx-0737	colze	noun	2590	2175	3085
2672	8	lx-2382	corresponsal	noun	2591	2352	2854
2673	8	lx-2950	simulació	noun	2591	2659	2525
2674	8	lx-2448	ciutadania	noun	2591	3369	1993
2675	8	lx-3110	directori	noun	2592	2525	2660
2676	8	lx-2351	mobilitat	noun	2592	3117	2155
2677	8	lx-1010	ferri	noun	2593	2576	2610
2678	8	lx-2163	rampa	noun	2593	2714	2478
2679	8	lx-3180	modelar	verb	2594	3021	2227
2680	8	lx-1335	atur	noun	2594	2566	2622
2681	8	lx-2114	observatori	noun	2595	3220	2091
2682	8	lx-2033	tolerància	noun	2596	2650	2544
2683	8	lx-3236	reivindicar	verb	2597	3087	2185
2684	8	lx-2446	legislatura	noun	2599	3199	2111
2685	8	lx-1897	vassall	noun	2601	3056	2213
2686	8	lx-2165	maquinari	noun	2601	2840	2383
2687	8	lx-2432	neutró	noun	2603	2540	2667
2688	8	lx-1659	artèria	noun	2603	2451	2765
2689	8	lx-3976	latitud	noun	2603	2873	2359
2690	8	lx-0665	convicció	noun	2604	2591	2618
2691	8	lx-2378	mentor	noun	2604	2616	2593
2692	8	lx-2822	efímer	adjective	2605	2676	2535
2693	8	lx-0744	teixir	verb	2605	2401	2827
2694	8	lx-2412	exportació	noun	2606	3381	2009
2695	8	lx-1548	normativa	noun	2607	3407	1995
2696	8	lx-1174	volcà	noun	2610	3067	2221
2697	8	lx-3943	competitiu	adjective	2610	2900	2349
2698	8	lx-3036	rasa	noun	2611	2780	2452
2699	8	lx-2596	almoina	noun	2611	2383	2861
2700	8	lx-4130	errada	noun	2612	2095	3256
2701	8	lx-1985	argila	noun	2612	2741	2490
2702	8	lx-2006	derivada	noun	2615	3271	2090
2703	8	lx-0564	motocicleta	noun	2618	3160	2169
2704	8	lx-1288	telescopi	noun	2619	2988	2295
2705	8	lx-1611	ensopegar	verb	2619	2068	3318
2706	8	lx-2871	enginyós	adjective	2620	2361	2907
2707	8	lx-3176	deteriorar	verb	2620	3430	2001
2708	8	lx-3830	comboi	noun	2622	2699	2547
2709	8	lx-3729	angoixa	noun	2622	2522	2726
2710	8	lx-0829	elogi	noun	2623	2727	2523
2711	8	lx-2709	flauta	noun	2623	3085	2231
2712	8	lx-0641	online	adverb	2625	2609	2641
2713	8	lx-1976	cartró	noun	2626	2379	2898
2714	8	lx-2329	balanç	noun	2629	2829	2444
2715	8	lx-0716	pera	noun	2630	2463	2808
2716	8	lx-1430	esculpir	verb	2630	3409	2029
2717	8	lx-3810	carnisser	noun	2631	2041	3391
2718	8	lx-0305	plàtan	noun	2631	2330	2972
2719	8	lx-1557	notari	noun	2632	3086	2244
2720	8	lx-1769	huracà	noun	2632	2889	2398
2721	8	lx-2874	espavilat	adjective	2632	1851	3743
2722	8	lx-2027	exigència	noun	2633	2942	2357
2723	8	lx-3199	minvar	verb	2636	2901	2396
2724	8	lx-3717	vocació	noun	2637	3134	2218
2725	8	lx-2040	fiança	noun	2638	2247	3096
2726	8	lx-4042	manicomi	noun	2638	1971	3532
2727	8	lx-0773	festiu	noun	2639	3421	2035
2728	8	lx-1776	catàstrofe	noun	2639	2526	2757
2729	8	lx-1403	il·luminació	noun	2639	3785	1840
2730	8	lx-2866	descuidat	adjective	2640	1960	3556
2731	8	lx-1054	carpeta	noun	2643	2320	3010
2732	8	lx-2298	prevenció	noun	2643	3047	2292
2733	8	lx-2330	eficiència	noun	2643	3227	2165
2734	8	lx-2495	atracament	noun	2645	1976	3540
2735	8	lx-4147	demanaré	noun	2649	1635	4292
2736	8	lx-1065	tonto	adjective	2649	1869	3755
2737	8	lx-0835	natació	noun	2650	2923	2403
2738	8	lx-3788	acampar	verb	2650	2678	2623
2739	8	lx-4251	vigor	noun	2651	3099	2267
2740	8	lx-2599	bretxa	noun	2651	2476	2838
2741	8	lx-3680	romanç	noun	2651	2632	2670
2742	8	lx-2923	progressivament	adverb	2652	3668	1917
2743	8	lx-1196	trencaclosques	noun	2652	2201	3195
2744	8	lx-1377	tractor	noun	2655	2280	3091
2745	8	lx-3940	nodrir	verb	2655	2597	2715
2746	8	lx-2139	gramàtica	noun	2655	3208	2198
2747	8	lx-2946	dron	noun	2656	1995	3535
2748	8	lx-1385	olivera	noun	2656	3383	2085
2749	8	lx-4248	rient	noun	2656	1916	3682
2750	8	lx-1405	taquilla	noun	2658	2601	2717
2751	8	lx-0444	estampar	verb	2658	2682	2635
2752	8	lx-1215	blog	noun	2660	2507	2823
2753	8	lx-1022	desavantatge	noun	2662	2811	2521
2754	8	lx-1489	enveja	noun	2663	2249	3154
2755	8	lx-2536	matricular	verb	2664	2681	2647
2756	8	lx-2821	durador	adjective	2664	2779	2554
2757	8	lx-4502	sabó	noun	2664	2349	3022
2758	8	lx-3145	transmissor	noun	2664	2422	2931
2759	8	lx-1817	adopció	noun	2665	3048	2330
2760	8	lx-2922	successivament	adverb	2666	3206	2217
2761	8	lx-1679	capitell	noun	2668	3679	1935
2762	8	lx-3934	fauna	noun	2671	3663	1947
2763	8	lx-1667	glàndula	noun	2673	2775	2574
2764	8	lx-0403	nevera	noun	2673	1972	3623
2765	8	lx-1050	tauleta	noun	2673	2888	2474
2766	8	lx-0761	optimista	adjective	2674	2289	3123
2767	8	lx-2723	ària	noun	2676	3030	2363
2768	8	lx-3072	retòrica	noun	2676	2652	2701
2769	8	lx-2499	contraban	noun	2677	2228	3217
2770	8	lx-1390	pastura	noun	2678	3371	2128
2771	8	lx-1759	immunitat	noun	2680	2377	3021
2772	8	lx-1668	hormona	noun	2680	2755	2607
2773	8	lx-2524	catedràtic	noun	2680	3324	2161
2774	8	lx-1474	safata	noun	2682	2151	3343
2775	8	lx-2486	esbossar	verb	2683	2990	2408
2776	8	lx-2199	massatge	noun	2683	1943	3706
2777	8	lx-1204	artesania	noun	2684	3026	2380
2778	8	lx-1579	reportatge	noun	2687	2876	2511
2779	8	lx-3784	taulell	noun	2691	2382	3039
2780	8	lx-0396	cullera	noun	2691	2296	3153
2781	8	lx-2631	reglament	noun	2692	3228	2245
2782	8	lx-2013	vèrtex	noun	2692	3455	2098
2783	8	lx-3204	afeblir	verb	2693	2472	2933
2784	8	lx-3362	subornar	verb	2693	2240	3237
2785	8	lx-1641	dada	noun	2694	2805	2588
2786	8	lx-3933	brutícia	noun	2697	2206	3298
2787	8	lx-3957	coordinació	noun	2698	3340	2179
2788	8	lx-2791	carril	noun	2699	2941	2476
2789	8	lx-3175	degenerar	verb	2699	2267	3213
2790	8	lx-0445	brodat	noun	2699	2721	2678
2791	8	lx-1628	desigualtat	noun	2701	3095	2358
2792	8	lx-1694	claustre	noun	2702	3662	1994
2793	8	lx-2788	suburbi	noun	2702	2716	2689
2794	8	lx-3193	aprofundir	verb	2704	2936	2491
2795	8	lx-2542	docent	adjective	2706	3785	1934
2796	8	lx-3242	minimitzar	verb	2707	3009	2436
2797	8	lx-1059	carregador	noun	2707	2532	2895
2798	8	lx-3143	node	noun	2709	3674	1997
2799	8	lx-2156	paracaigudes	noun	2710	2565	2863
2800	8	lx-2661	tuberculosi	noun	2711	2612	2813
2801	8	lx-2105	aspre	adjective	2711	2892	2541
2802	8	lx-2696	rehabilitar	verb	2711	3010	2442
2803	8	lx-1999	polígon	noun	2714	3147	2340
2804	8	lx-2138	vocabulari	noun	2714	3042	2422
2805	8	lx-3806	comptable	noun	2715	2488	2963
2806	8	lx-2439	míting	noun	2715	2319	3179
2807	8	lx-2240	cranc	noun	2717	2630	2806
2808	8	lx-1228	tos	noun	2717	2506	2946
2809	8	lx-1502	brossa	noun	2718	2645	2793
2810	8	lx-2789	eixample	noun	2718	3298	2240
2811	8	lx-2496	estafa	noun	2719	2170	3407
2812	8	lx-2009	vector	noun	2721	3785	1956
2813	8	lx-4343	sancionar	verb	2723	2717	2730
2814	8	lx-2356	currículum	noun	2725	2420	3069
2815	8	lx-1091	mitjons	noun	2726	2084	3566
2816	8	lx-3139	amplificador	noun	2727	2708	2747
2817	8	lx-1512	sequera	noun	2729	2998	2484
2818	8	lx-1437	tisores	noun	2729	2182	3413
2819	8	lx-3270	analític	adjective	2730	3268	2280
2820	8	lx-0963	motxilla	noun	2732	2238	3336
2821	8	lx-3877	competent	adjective	2733	2824	2645
2822	8	lx-1024	similitud	noun	2733	3499	2135
2823	8	lx-0503	pebre	noun	2733	2414	3095
2824	8	lx-2320	jerarquia	noun	2734	3483	2146
2825	8	lx-0735	turmell	noun	2734	2428	3079
2826	8	lx-0693	gendre	noun	2737	2530	2960
2827	8	lx-2366	aptitud	noun	2737	2871	2609
2828	8	lx-1444	migració	noun	2737	3557	2106
2829	8	lx-2449	moció	noun	2737	2483	3018
2830	8	lx-1608	sacsejar	verb	2738	2599	2885
2831	8	lx-3040	vici	noun	2739	2586	2902
2832	8	lx-3186	capgirar	verb	2742	2272	3309
2833	8	lx-2357	vacant	noun	2742	2875	2615
2834	8	lx-2113	cometa	noun	2742	2830	2657
2835	8	lx-2487	fosa	noun	2743	3167	2375
2836	8	lx-0715	olla	noun	2743	2772	2714
2837	8	lx-3705	raonar	verb	2744	2499	3012
2838	8	lx-2224	senglar	noun	2745	2392	3151
2839	8	lx-1487	alleujament	noun	2746	2373	3178
2840	8	lx-1317	andana	noun	2746	2712	2781
2841	8	lx-1631	discriminació	noun	2747	3231	2336
2842	8	lx-1087	jersei	noun	2748	2189	3450
2843	8	lx-3740	bigoti	noun	2749	2130	3548
2844	8	lx-3136	clic	noun	2750	2570	2942
2845	8	lx-2910	darrerament	adverb	2751	2795	2708
2846	8	lx-1302	filferro	noun	2752	2689	2816
2847	8	lx-3134	píxel	noun	2754	3274	2317
2848	8	lx-3775	entretenir	verb	2757	2430	3128
2849	8	lx-2885	ingenu	adjective	2757	2354	3230
2850	8	lx-0352	sogre	noun	2758	2629	2893
2851	8	lx-1656	intestí	noun	2758	2718	2799
2852	8	lx-3273	metodologia	noun	2760	3022	2520
2853	8	lx-1355	paradoxa	noun	2763	2575	2964
2854	8	lx-3916	curtmetratge	noun	2764	3785	2018
2855	8	lx-3864	recanvi	noun	2765	2328	3283
2856	8	lx-2189	tossut	adjective	2765	1926	3970
2857	8	lx-4263	allau	noun	2765	2572	2973
2858	8	lx-3113	bucle	noun	2765	2845	2688
2859	8	lx-3704	memoritzar	verb	2766	2274	3365
2860	8	lx-0972	atletisme	noun	2766	3345	2288
2861	8	lx-4293	ras	adjective	2767	2826	2710
2862	8	lx-3208	modular	verb	2767	3259	2350
2863	8	lx-2712	trompeta	noun	2768	3149	2433
2864	8	lx-2431	protó	noun	2768	2887	2654
2865	8	lx-1376	hivernacle	noun	2768	2387	3210
2866	8	lx-3222	ratificar	verb	2768	3090	2480
2867	8	lx-4200	tracti	noun	2771	2615	2937
2868	8	lx-1307	bombeta	noun	2774	2461	3126
2869	8	lx-1911	refredat	noun	2774	2310	3331
2870	8	lx-1213	seguidor	noun	2774	2883	2669
2871	8	lx-2447	suborn	noun	2775	2429	3170
2872	8	lx-1349	raonament	noun	2783	2863	2706
2873	8	lx-1940	paviment	noun	2785	3275	2368
2874	8	lx-1443	envelliment	noun	2787	2810	2764
2875	8	lx-1916	inflamació	noun	2787	2800	2775
2876	8	lx-1993	àlgebra	noun	2788	2962	2625
2877	8	lx-3769	billar	noun	2790	2376	3276
2878	8	lx-2939	algoritme	noun	2791	2820	2762
2879	8	lx-0799	itinerari	noun	2793	2819	2767
2880	8	lx-1566	fuita	noun	2793	2663	2930
2881	8	lx-3628	altrament	adverb	2795	2749	2841
2882	8	lx-1182	congost	noun	2795	2864	2727
2883	8	lx-3253	contradir	verb	2796	2906	2690
2884	8	lx-3172	mutar	verb	2799	3082	2542
2885	8	lx-2360	indemnització	noun	2800	2704	2899
2886	8	lx-1690	vorera	noun	2803	2706	2903
2887	8	lx-2773	negació	noun	2803	2655	2959
2888	8	lx-2068	monja	noun	2803	2797	2810
2889	8	lx-0843	ioga	noun	2804	2600	3023
2890	8	lx-3778	escalada	noun	2804	3043	2583
2891	8	lx-2111	eclipsi	noun	2804	2607	3015
2892	8	lx-2565	contracció	noun	2805	3247	2423
2893	8	lx-1607	torçar	verb	2807	2369	3325
2894	8	lx-0523	dinou	numeral	2807	2917	2702
2895	8	lx-3118	desplegament	noun	2810	3196	2470
2896	8	lx-1533	engranatge	noun	2810	2895	2728
2897	8	lx-2732	auditori	noun	2810	2874	2748
2898	8	lx-3460	substrat	noun	2811	3785	2088
2899	8	lx-3250	elogiar	verb	2811	3278	2411
2900	8	lx-2316	filial	noun	2812	3528	2242
2901	8	lx-2307	diòxid	noun	2813	3111	2543
2902	8	lx-0540	llibreta	noun	2815	2287	3464
2903	8	lx-1327	trajecte	noun	2815	3218	2462
2904	8	lx-2368	incorporació	noun	2815	3785	2094
2905	8	lx-4066	truita	noun	2816	2388	3320
2906	8	lx-1664	articulació	noun	2817	3361	2361
2907	8	lx-2847	minúscul	adjective	2817	2843	2792
2908	8	lx-1706	accionista	noun	2818	2898	2740
2909	8	lx-1114	remenar	verb	2818	2137	3716
2910	8	lx-3834	aerolínia	noun	2819	2455	3238
2911	8	lx-0916	tomàquet	noun	2819	2398	3315
2912	8	lx-2262	diferencial	noun	2819	3054	2603
2913	8	lx-1082	formiga	noun	2820	3013	2640
2914	8	lx-4044	temperament	noun	2821	2808	2835
2915	8	lx-2089	tacte	noun	2822	2516	3165
2916	8	lx-1272	urna	noun	2823	2979	2675
2917	8	lx-0861	il·lusió	noun	2823	3638	2191
2918	8	lx-0415	higiene	noun	2824	2801	2847
2919	8	lx-4237	apujar	verb	2826	2245	3557
2920	8	lx-1442	mortalitat	noun	2826	3124	2557
2921	8	lx-0429	psicòleg	noun	2828	2673	2991
2922	8	lx-3917	llargmetratge	noun	2828	3785	2113
2923	8	lx-3390	diplomàtica	noun	2829	2743	2918
2924	8	lx-1281	impressora	noun	2830	2802	2858
2925	8	lx-1901	colonització	noun	2830	3531	2268
2926	8	lx-4242	cancel·lar	verb	2830	3785	2116
2927	8	lx-1013	tramvia	noun	2831	3235	2477
2928	8	lx-3028	maçoneria	noun	2832	3449	2326
2929	8	lx-1389	ramaderia	noun	2833	3785	2120
2930	8	lx-4007	mercantil	adjective	2834	3223	2492
2931	8	lx-2535	esborrany	noun	2835	3066	2621
2932	8	lx-1238	urgències	noun	2835	2281	3524
2933	8	lx-1431	motlle	noun	2836	3137	2563
2934	8	lx-4182	adono	noun	2836	1898	4237
2935	8	lx-3037	revestiment	noun	2836	3364	2391
2936	8	lx-2777	patologia	noun	2836	3025	2659
2937	8	lx-1468	reiniciar	verb	2836	2467	3261
2938	8	lx-3200	distorsionar	verb	2837	2683	2999
2939	8	lx-2442	referèndum	noun	2837	3785	2126
2940	8	lx-0541	bolígraf	noun	2837	2324	3463
2941	8	lx-1997	teorema	noun	2837	3611	2229
2942	8	lx-3735	bota	noun	2839	2436	3308
2943	8	lx-0674	intuïció	noun	2839	2761	2920
2944	8	lx-1870	subvenció	noun	2840	3071	2627
2945	8	lx-2403	ressenya	noun	2842	3264	2475
2946	8	lx-0834	oci	noun	2844	3103	2606
2947	8	lx-0842	meditació	noun	2844	2850	2839
2948	8	lx-3093	objecció	noun	2845	2669	3032
2949	8	lx-2568	excèntric	adjective	2846	3007	2693
2950	8	lx-1189	costura	noun	2847	2881	2814
2951	8	lx-0922	forquilla	noun	2848	2581	3143
2952	8	lx-3871	acomiadament	noun	2849	2711	2994
2953	8	lx-3308	contingent	noun	2849	3360	2416
2954	8	lx-0714	cuinera	noun	2849	2308	3518
2955	8	lx-2729	soprano	noun	2851	3404	2388
2956	8	lx-3296	franquícia	noun	2851	3402	2390
2957	8	lx-2967	singularitat	noun	2852	2904	2800
2958	8	lx-2232	mussol	noun	2852	2394	3397
2959	8	lx-0539	assignatura	noun	2853	3174	2564
2960	8	lx-1519	diàriament	adverb	2853	3183	2558
2961	8	lx-2600	marginat	noun	2855	2720	2996
2962	8	lx-3765	antibiòtic	noun	2857	2769	2947
2963	8	lx-2104	brillantor	noun	2859	3112	2626
2964	8	lx-2453	diplomàcia	noun	2859	2602	3142
2965	8	lx-3021	aliatge	noun	2861	3037	2695
2966	8	lx-1348	premissa	noun	2861	3004	2725
2967	8	lx-2742	cognitiu	adjective	2862	3284	2494
2968	8	lx-1175	jungla	noun	2869	2758	2985
2969	8	lx-3207	intensificar	verb	2874	3182	2596
2970	8	lx-2799	claveguera	noun	2874	2495	3311
2971	8	lx-1462	demogràfic	adjective	2878	3762	2201
2972	8	lx-3327	nínxol	noun	2879	3295	2515
2973	8	lx-1015	càmping	noun	2880	2816	2945
2974	8	lx-3839	remolc	noun	2881	2674	3103
2975	8	lx-2920	sobtadament	adverb	2881	3038	2733
2976	8	lx-3178	reorganitzar	verb	2882	3391	2449
2977	8	lx-1805	maldat	noun	2882	2355	3527
2978	8	lx-4279	urbanístic	adjective	2884	3785	2197
2979	8	lx-3459	flexió	noun	2885	2709	3072
2980	8	lx-1963	rima	noun	2885	2679	3107
2981	8	lx-1119	microones	noun	2887	2610	3193
2982	8	lx-2413	importació	noun	2888	3350	2489
2983	8	lx-3149	codificació	noun	2889	3478	2400
2984	8	lx-3955	àgil	adjective	2890	2778	3007
2985	8	lx-2094	xiuxiuejar	verb	2891	1947	4292
2986	8	lx-3272	hipotètic	adjective	2892	3011	2777
2987	8	lx-2231	voltor	noun	2893	2418	3462
2988	8	lx-2272	genoma	noun	2894	3574	2343
2989	8	lx-3235	al·legar	verb	2895	3785	2214
2990	8	lx-1952	sucursal	noun	2895	2715	3087
2991	8	lx-3014	grua	noun	2896	2823	2971
2992	8	lx-1310	aixeta	noun	2897	2325	3609
2993	8	lx-0914	fuet	noun	2897	2512	3341
2994	8	lx-1791	moralitat	noun	2897	2518	3334
2995	8	lx-3111	desenvolupador	noun	2897	3580	2345
2996	8	lx-2512	estafador	noun	2898	2333	3600
2997	8	lx-2736	afinar	verb	2898	2909	2888
2998	8	lx-1382	ordi	noun	2899	2969	2830
2999	8	lx-2358	reclutament	noun	2899	3035	2769
3000	8	lx-3921	recital	noun	2899	3318	2533
3001	8	lx-2049	parcel·la	noun	2900	3785	2222
3002	8	lx-1953	clàusula	noun	2900	2879	2922
3003	8	lx-2779	mentalitat	noun	2902	3039	2771
3004	8	lx-1247	caixer	noun	2903	2628	3206
3005	8	lx-1418	forja	noun	2903	3256	2589
3006	8	lx-1096	pijama	noun	2903	2257	3735
3007	8	lx-3655	teòricament	adverb	2905	2914	2896
3008	8	lx-3968	geologia	noun	2907	2794	3025
3009	8	lx-4249	anècdota	noun	2908	3014	2805
3010	8	lx-1741	sanció	noun	2908	3652	2316
3011	8	lx-3281	pilastra	noun	2909	3785	2235
3012	8	lx-2140	ortografia	noun	2910	3451	2454
3013	8	lx-3239	subratllar	verb	2911	3433	2469
3014	8	lx-0401	torrada	noun	2912	2400	3533
3015	8	lx-2529	postgrau	noun	2912	3294	2575
3016	8	lx-3257	paradigma	noun	2913	3045	2786
3017	8	lx-1428	adobar	verb	2913	2788	3043
3018	8	lx-0353	sogra	noun	2914	2513	3379
3019	8	lx-1356	dilema	noun	2916	2742	3100
3020	8	lx-2520	estafar	verb	2916	2220	3830
3021	8	lx-1822	autoestima	noun	2917	2567	3314
3022	8	lx-1432	esmalt	noun	2917	3198	2661
3023	8	lx-3966	escó	noun	2919	2967	2871
3024	8	lx-3474	antologia	noun	2919	3785	2251
3025	8	lx-2556	abdominal	noun	2920	2834	3009
3026	8	lx-4184	mullat	adjective	2923	2301	3712
3027	8	lx-4234	pèssim	adjective	2923	2538	3366
3028	8	lx-2728	tenor	noun	2923	3785	2258
3029	8	lx-2414	balança	noun	2924	2849	3001
3030	8	lx-1510	ecosistema	noun	2927	3496	2450
3031	8	lx-3906	coartada	noun	2927	2153	3980
3032	8	lx-2856	audaç	adjective	2928	2656	3227
3033	8	lx-3983	racisme	noun	2928	3023	2836
3034	8	lx-3980	botànica	noun	2929	3299	2600
3035	8	lx-1834	cremallera	noun	2931	2774	3097
3036	8	lx-2778	terapeuta	noun	2932	2291	3753
3037	8	lx-0763	impacient	adjective	2933	2216	3881
3038	8	lx-0501	paraigua	noun	2933	2724	3158
3039	8	lx-2290	abocador	noun	2934	2702	3187
3040	8	lx-2929	fixament	adverb	2936	2203	3913
3041	8	lx-0726	muscle	noun	2936	2534	3402
3042	8	lx-2865	descarat	adjective	2937	2399	3596
3043	8	lx-1872	tràmit	noun	2937	2997	2879
3044	8	lx-3753	embenat	noun	2938	2338	3692
3045	8	lx-0439	guant	noun	2939	2478	3485
3046	8	lx-2850	obsolet	adjective	2941	3281	2636
3047	8	lx-1414	coreografia	noun	2942	3359	2576
3048	8	lx-1880	transparència	noun	2942	3262	2653
3049	8	lx-2416	dèficit	noun	2942	3517	2461
3050	8	lx-0825	monòleg	noun	2944	2938	2950
3051	8	lx-2841	insòlit	adjective	2947	2839	3060
3052	8	lx-2860	cínic	adjective	2949	2539	3425
3053	8	lx-1712	primerament	adverb	2951	3241	2687
3054	8	lx-2214	vitalitat	noun	2951	3041	2864
3055	8	lx-1915	vòmit	noun	2952	2707	3219
3056	8	lx-2273	cromosoma	noun	2954	3785	2305
3057	8	lx-2239	medusa	noun	2954	2627	3322
3058	8	lx-1092	calçotets	noun	2956	2036	4292
3059	8	lx-1207	navegador	noun	2957	3339	2619
3060	8	lx-3677	mètrica	noun	2959	3554	2464
3061	8	lx-0386	butaca	noun	2960	2691	3255
3062	8	lx-1927	aqüeducte	noun	2960	3248	2698
3063	8	lx-0422	anestèsia	noun	2961	2757	3180
3064	8	lx-3284	fotó	noun	2961	3143	2790
3065	8	lx-1496	tendresa	noun	2962	2798	3136
3066	8	lx-2457	esbós	noun	2964	2921	3008
3067	8	lx-0775	descompte	noun	2964	2603	3376
3068	8	lx-1093	calces	noun	2966	2251	3908
3069	8	lx-3700	semestre	noun	2968	2642	3335
3070	8	lx-1044	tiquet	noun	2969	2384	3697
3071	8	lx-2720	compàs	noun	2969	3204	2751
3072	8	lx-2761	deliri	noun	2969	2458	3587
3073	8	lx-1243	hipoteca	noun	2970	2533	3483
3074	8	lx-1287	microscopi	noun	2975	3114	2843
3075	8	lx-2609	opressió	noun	2976	2964	2988
3076	8	lx-2112	meteorit	noun	2977	3142	2821
3077	8	lx-2425	recessió	noun	2979	2865	3098
3078	8	lx-3426	morfologia	noun	2979	3750	2367
3079	8	lx-3025	drenatge	noun	2983	3257	2732
3080	8	lx-3202	camuflar	verb	2984	2790	3191
3081	8	lx-1751	veto	noun	2984	3016	2953
3082	8	lx-2241	corall	noun	2987	3072	2904
3083	8	lx-1400	teló	noun	2987	2924	3052
3084	8	lx-2400	filtració	noun	2988	2947	3030
3085	8	lx-2881	gandul	adjective	2989	2304	3877
3086	8	lx-2662	pneumònia	noun	2990	2869	3116
3087	8	lx-2628	apel·lació	noun	2991	3785	2364
3088	8	lx-2506	escorcoll	noun	2991	2416	3704
3089	8	lx-2532	citació	noun	2992	3034	2951
3090	8	lx-2242	pingüí	noun	2992	2925	3061
3091	8	lx-1971	pròleg	noun	2993	3684	2431
3092	8	lx-0806	empatia	noun	2993	2614	3427
3093	8	lx-3220	desmentir	verb	2994	2954	3035
3094	8	lx-2569	fatiga	noun	2995	3033	2957
3095	8	lx-1924	embassament	noun	2996	3785	2372
3096	8	lx-2671	hepatitis	noun	2999	2318	3880
3097	8	lx-2884	impulsiu	adjective	2999	2497	3603
3098	8	lx-0983	sardana	noun	3000	3785	2378
3099	8	lx-4238	afectarà	noun	3001	2640	3411
3100	8	lx-2657	migranya	noun	3003	2633	3426
3101	8	lx-1868	ordenança	noun	3004	2946	3064
3102	8	lx-3724	tranquil·litat	noun	3005	3096	2916
3103	8	lx-3030	resina	noun	3005	3237	2789
3104	8	lx-1672	suor	noun	3005	2520	3583
3105	8	lx-1801	dogma	noun	3010	3146	2880
3106	8	lx-2743	conductual	adjective	3011	2705	3352
3107	8	lx-3367	insurrecció	noun	3012	3164	2867
3108	8	lx-2481	pigment	noun	3012	3723	2437
3109	8	lx-2805	acollidor	adjective	3012	2459	3690
3110	8	lx-2645	embargar	verb	3013	2371	3828
3111	8	lx-3733	indiferència	noun	3013	2867	3166
3112	8	lx-1919	curació	noun	3013	3040	2986
3113	8	lx-4131	adonen	noun	3015	2750	3306
3114	8	lx-1107	rostir	verb	3016	2555	3559
3115	8	lx-2925	intencionadament	adverb	3017	2694	3378
3116	8	lx-1524	passejada	noun	3018	2480	3673
3117	8	lx-2097	ceguesa	noun	3019	2701	3375
3118	8	lx-2479	pedestal	noun	3022	3202	2852
3119	8	lx-1217	xat	noun	3022	2590	3526
3120	8	lx-2525	docència	noun	3023	3785	2414
3121	8	lx-2642	infracció	noun	3028	2974	3082
3122	8	lx-4006	apoderat	noun	3029	2848	3221
3123	8	lx-3829	convivència	noun	3029	3462	2650
3124	8	lx-2586	exclusió	noun	3029	3487	2632
3125	8	lx-2375	prestació	noun	3030	3666	2505
3126	8	lx-1937	asfalt	noun	3031	3036	3027
3127	8	lx-1863	rostit	noun	3032	2611	3521
3128	8	lx-1853	mató	noun	3032	2639	3484
3129	8	lx-0670	justificació	noun	3033	3210	2865
3130	8	lx-3271	empíric	adjective	3036	3172	2906
3131	8	lx-2785	vianant	noun	3036	3527	2614
3132	8	lx-1748	amnistia	noun	3039	3101	2978
3133	8	lx-2588	vulnerabilitat	noun	3040	3333	2772
3134	8	lx-3932	ecologista	noun	3040	2910	3175
3135	8	lx-1353	deducció	noun	3040	2536	3644
3136	8	lx-2191	visat	noun	3040	2885	3204
3137	8	lx-2186	hipòcrita	adjective	3041	2426	3811
3138	8	lx-1491	frustració	noun	3041	2799	3304
3139	8	lx-2289	ozó	noun	3043	3113	2975
3140	8	lx-3800	forner	noun	3043	3059	3028
3141	8	lx-3336	contaminant	noun	3044	3173	2921
3142	8	lx-3658	explícitament	adverb	3044	3315	2796
3143	8	lx-3861	peatge	noun	3046	2976	3118
3144	8	lx-2941	robòtica	noun	3047	2813	3301
3145	8	lx-3309	càrtel	noun	3048	2653	3501
3146	8	lx-2000	circumferència	noun	3048	3650	2545
3147	8	lx-3675	lira	noun	3049	2897	3209
3148	8	lx-2927	periòdicament	adverb	3052	3495	2665
3149	8	lx-0998	quiosc	noun	3052	3046	3058
3150	8	lx-2653	infart	noun	3052	2868	3248
3151	8	lx-3931	reutilitzar	verb	3053	3651	2553
3152	8	lx-3457	derivació	noun	3053	3365	2770
3153	8	lx-3881	pastar	verb	3054	2578	3617
3154	8	lx-2174	programador	noun	3054	3635	2566
3155	8	lx-2613	escassetat	noun	3055	3785	2466
3156	8	lx-3085	analogia	noun	3056	3192	2925
3157	8	lx-2228	foca	noun	3056	2687	3475
3158	8	lx-1220	viral	noun	3056	3283	2845
3159	8	lx-1921	asma	noun	3057	2557	3654
3160	8	lx-3158	telecomunicació	noun	3061	3342	2804
3161	8	lx-2469	mecenes	noun	3062	3190	2940
3162	8	lx-2813	caòtic	adjective	3063	3176	2954
3163	8	lx-3248	censurar	verb	3063	3250	2887
3164	8	lx-2547	cardiovascular	adjective	3064	3024	3104
3165	8	lx-1933	semàfor	noun	3067	2577	3650
3166	8	lx-1295	trepant	noun	3067	2621	3590
3167	8	lx-2861	compassiu	adjective	3068	2460	3827
3168	8	lx-0279	adeu	interjection	3069	2283	4125
3169	8	lx-1689	urbanisme	noun	3069	3514	2680
3170	8	lx-1914	nàusea	noun	3069	2784	3383
3171	8	lx-4165	sorteig	noun	3072	3097	3048
3172	8	lx-2846	majestuós	adjective	3073	2896	3260
3173	8	lx-1539	exportar	verb	3073	3785	2495
3174	8	lx-1787	col·lapse	noun	3075	3785	2498
3175	8	lx-3252	refutar	verb	3079	3163	2998
3176	8	lx-1545	logística	noun	3080	3338	2842
3177	8	lx-2640	procurador	noun	3080	3367	2818
3178	8	lx-3868	mirador	noun	3080	3785	2507
3179	8	lx-2727	tempo	noun	3081	3373	2815
3180	8	lx-1962	estrofa	noun	3082	3697	2569
3181	8	lx-2183	insensible	adjective	3083	2579	3686
3182	8	lx-2802	urbanitzar	verb	3085	3680	2586
3183	8	lx-1473	notificació	noun	3086	2994	3181
3184	8	lx-1118	paella	noun	3087	3120	3055
3185	8	lx-0589	oasi	noun	3087	3305	2884
3186	8	lx-2363	productivitat	noun	3090	3470	2752
3187	8	lx-4100	demanis	noun	3091	2226	4292
3188	8	lx-2023	mediació	noun	3094	3477	2753
3189	8	lx-2570	sobrecàrrega	noun	3095	2975	3220
3190	8	lx-1918	xarop	noun	3096	2861	3350
3191	8	lx-2328	auditoria	noun	3096	2915	3288
3192	8	lx-2355	nòmina	noun	3096	2529	3791
3193	8	lx-3299	estandarditzar	verb	3098	3785	2536
3194	8	lx-3835	embarcament	noun	3099	2738	3507
3195	8	lx-3095	validesa	noun	3099	3785	2537
3196	8	lx-2391	cronista	noun	3099	3785	2538
3197	8	lx-2630	plet	noun	3100	3597	2671
3198	8	lx-2243	creditor	noun	3101	3122	3081
3199	8	lx-0350	cunyada	noun	3102	2735	3519
3200	8	lx-3645	sistemàticament	adverb	3102	3302	2915
3201	8	lx-3196	diversificar	verb	3103	3550	2713
3202	8	lx-3497	sonet	noun	3105	3175	3037
3203	8	lx-1950	inflació	noun	3107	3215	3002
3204	8	lx-4224	mallorquí	adjective	3107	3785	2550
3205	8	lx-3557	sublim	adjective	3108	2817	3429
3206	8	lx-3073	oratòria	noun	3109	2912	3319
3207	8	lx-1913	mareig	noun	3109	2551	3790
3208	8	lx-1361	contingència	noun	3110	2891	3345
3209	8	lx-4348	preocupant	adjective	3110	2945	3284
3210	8	lx-3292	conglomerat	noun	3110	3118	3102
3211	8	lx-2401	pamflet	noun	3112	2951	3282
3212	8	lx-2385	subscripció	noun	3113	3785	2560
3213	8	lx-3428	fonètica	noun	3113	3320	2919
3214	8	lx-1534	operari	noun	3114	2981	3252
3215	8	lx-1117	cassola	noun	3114	3070	3159
3216	8	lx-2376	subsidi	noun	3118	2992	3249
3217	8	lx-3722	avorriment	noun	3118	2649	3671
3218	8	lx-2921	inesperadament	adverb	3119	3189	3050
3219	8	lx-1871	padró	noun	3119	3055	3184
3220	8	lx-3298	consorci	noun	3120	3501	2780
3221	8	lx-1383	fruiter	noun	3120	3581	2719
3222	8	lx-2503	maltractament	noun	3121	3156	3086
3223	8	lx-3425	semàntica	noun	3121	3092	3150
3224	8	lx-0628	irresponsable	adjective	3122	2877	3387
3225	8	lx-3170	revolucionar	verb	3122	3161	3083
3226	8	lx-3424	incompliment	noun	3123	2993	3258
3227	8	lx-3074	persuasió	noun	3124	2686	3633
3228	8	lx-1419	teler	noun	3125	3028	3225
3229	8	lx-3406	edicte	noun	3126	3191	3062
3230	8	lx-2417	divisa	noun	3126	3269	2989
3231	8	lx-2545	magistral	adjective	3126	3224	3031
3232	8	lx-0479	prioritzar	verb	3126	3089	3164
3233	8	lx-2149	flexibilitat	noun	3129	3785	2587
3234	8	lx-2611	segregació	noun	3129	3330	2941
3235	8	lx-1055	auriculars	noun	3133	2807	3496
3236	8	lx-1378	arada	noun	3136	2827	3479
3237	8	lx-1086	dofí	noun	3137	3170	3105
3238	8	lx-1326	maquinista	noun	3138	2972	3313
3239	8	lx-4031	portuari	adjective	3138	3540	2782
3240	8	lx-3782	patinar	verb	3139	2728	3613
3241	8	lx-0754	meditar	verb	3141	2731	3612
3242	8	lx-3147	modulació	noun	3141	3649	2704
3243	8	lx-1157	apunts	noun	3144	3216	3074
3244	8	lx-1252	saldo	noun	3146	3061	3233
3245	8	lx-2639	litigi	noun	3146	3310	2990
3246	8	lx-2840	inoblidable	adjective	3147	2852	3472
3247	8	lx-3562	perenne	adjective	3147	3785	2617
3248	8	lx-1202	acampada	noun	3153	2644	3760
3249	8	lx-1089	sabatilles	noun	3153	2700	3683
3250	8	lx-2869	dòcil	adjective	3154	2841	3502
3251	8	lx-1374	secà	noun	3156	3616	2754
3252	8	lx-3432	etimologia	noun	3157	3785	2633
3253	8	lx-2124	cosmos	noun	3157	3239	3077
3254	8	lx-1094	sostenidors	noun	3158	3031	3291
3255	8	lx-3232	deliberar	verb	3158	3154	3163
3256	8	lx-1790	sagnat	noun	3159	2793	3573
3257	8	lx-3089	sarcasme	noun	3159	2670	3738
3258	8	lx-1737	consolat	noun	3160	3331	2997
3259	8	lx-3951	exercitar	verb	3160	2842	3513
3260	8	lx-2079	acústic	adjective	3160	3406	2932
3261	8	lx-0695	besavi	noun	3160	2960	3374
3262	8	lx-2651	diabetis	noun	3161	3185	3138
3263	8	lx-2490	esgrafiat	noun	3162	3785	2642
3264	8	lx-2275	metabolisme	noun	3165	3513	2851
3265	8	lx-2210	infusió	noun	3166	3084	3251
3266	8	lx-3033	constructora	noun	3167	3236	3099
3267	8	lx-3666	consonància	noun	3167	2911	3445
3268	8	lx-2758	paranoia	noun	3168	2764	3632
3269	8	lx-3189	rectificar	verb	3170	3179	3161
3270	8	lx-1783	salvament	noun	3172	3121	3224
3271	8	lx-1351	falsedat	noun	3173	2943	3420
3272	8	lx-3879	empanar	verb	3173	2543	3958
3273	8	lx-1101	arracades	noun	3173	2862	3517
3274	8	lx-2711	clarinet	noun	3173	3724	2703
3275	8	lx-3696	assolar	verb	3174	3569	2822
3276	8	lx-4142	impopular	adjective	3174	3151	3198
3277	8	lx-2823	escarpat	adjective	3175	3734	2699
3278	8	lx-3676	madrigal	noun	3175	2753	3662
3279	8	lx-3268	quantificar	verb	3177	3544	2848
3280	8	lx-3836	autovia	noun	3180	3509	2882
3281	8	lx-1446	emigrant	noun	3180	3713	2724
3282	8	lx-0700	vidu	adjective	3182	3245	3120
3283	8	lx-4296	funcionaria	noun	3182	2479	4085
3284	8	lx-1594	retransmissió	noun	3183	2986	3393
3285	8	lx-2649	apel·lar	verb	3184	3785	2679
3286	8	lx-3927	paperera	noun	3185	3169	3202
3287	8	lx-2407	rotatiu	noun	3186	3551	2859
3288	8	lx-3709	autodidacta	adjective	3187	3785	2684
3289	8	lx-3300	optimitzar	verb	3187	3704	2743
3290	8	lx-2287	esgotament	noun	3191	3226	3157
3291	8	lx-1273	papereta	noun	3192	2983	3415
3292	8	lx-3251	secundar	verb	3192	3063	3326
3293	8	lx-1493	rancúnia	noun	3192	2620	3890
3294	8	lx-2953	supervisat	adjective	3193	3178	3208
3295	8	lx-2740	subconscient	noun	3193	2523	4041
3296	8	lx-2710	oboè	noun	3193	3785	2694
3297	8	lx-1885	prehistòria	noun	3197	3579	2855
3298	8	lx-2091	olfacte	noun	3197	3044	3357
3299	8	lx-1830	vellut	noun	3198	3126	3272
3300	8	lx-2343	reciclar	verb	3200	3289	3113
3301	8	lx-4503	agre	adjective	3200	2894	3538
3302	8	lx-3164	digitalitzar	verb	3200	3188	3212
3303	8	lx-2837	inaccessible	adjective	3201	3258	3145
3304	8	lx-0389	estora	noun	3201	3049	3361
3305	8	lx-2936	biaix	noun	3202	3594	2853
3306	8	lx-1735	rovell	noun	3203	2821	3636
3307	8	lx-3107	compilar	verb	3204	3629	2829
3308	8	lx-2120	nebulosa	noun	3206	3461	2969
3309	8	lx-1373	regadiu	noun	3206	3785	2716
3310	8	lx-0750	trinxar	verb	3206	2729	3767
3311	8	lx-2672	insuficiència	noun	3207	3424	3004
3312	8	lx-2819	desolat	adjective	3208	2899	3550
3313	8	lx-3802	botiguer	noun	3210	2934	3511
3314	8	lx-2419	fluctuació	noun	3212	3252	3173
3315	8	lx-1666	tendó	noun	3213	3249	3177
3316	8	lx-4334	dràstic	adjective	3214	3395	3042
3317	8	lx-2177	mandrós	adjective	3214	2878	3589
3318	8	lx-0984	passatemps	noun	3216	3130	3305
3319	9	lx-1857	esqueixada	noun	3217	3785	2735
3320	9	lx-0920	vinagre	noun	3218	2966	3491
3321	9	lx-2389	sintonitzar	verb	3218	3012	3438
3322	9	lx-3726	indignació	noun	3218	3108	3332
3323	9	lx-2724	recitatiu	noun	3219	3785	2737
3324	9	lx-2440	sufragi	noun	3219	3735	2774
3325	9	lx-2952	regressió	noun	3219	3558	2913
3326	9	lx-1691	clavegueram	noun	3220	3225	3216
3327	9	lx-1501	reciclatge	noun	3221	3197	3245
3328	9	lx-3919	acústica	noun	3221	3703	2802
3329	9	lx-2083	acariciar	verb	3221	2792	3717
3330	9	lx-2398	tertúlia	noun	3222	3785	2742
3331	9	lx-2152	adrenalina	noun	3223	2514	4132
3332	9	lx-1782	simulacre	noun	3224	2733	3804
3333	9	lx-3763	farmaciola	noun	3225	2508	4147
3334	9	lx-1936	cablejat	noun	3225	2984	3486
3335	9	lx-4094	expliqués	noun	3227	2608	3992
3336	9	lx-2498	extorsió	noun	3229	2624	3974
3337	9	lx-2438	escrutini	noun	3230	3109	3355
3338	9	lx-3937	rutinari	adjective	3231	3074	3395
3339	9	lx-3688	superposició	noun	3231	3751	2783
3340	9	lx-2456	cavallet	noun	3231	3200	3263
3341	9	lx-4288	bestreta	noun	3234	2745	3809
3342	9	lx-0762	pessimista	adjective	3234	2932	3568
3343	9	lx-3206	atenuar	verb	3235	3542	2955
3344	9	lx-3712	didàctica	noun	3238	3685	2846
3345	9	lx-1485	nostàlgia	noun	3239	3201	3277
3346	9	lx-1646	estadístic	adjective	3239	3617	2901
3347	9	lx-1188	jardineria	noun	3240	3186	3295
3348	9	lx-2119	constel·lació	noun	3241	3785	2776
3349	9	lx-3911	doblatge	noun	3242	3774	2785
3350	9	lx-3780	lleure	noun	3243	3636	2892
3351	9	lx-0398	pastisseria	noun	3243	3105	3388
3352	9	lx-4076	cregués	noun	3244	2643	3981
3353	9	lx-0894	metgessa	noun	3244	3243	3246
3354	9	lx-3065	postulat	noun	3245	3598	2926
3355	9	lx-3748	diarrea	noun	3246	3194	3299
3356	9	lx-1811	axioma	noun	3246	3386	3112
3357	9	lx-1647	bibliografia	noun	3246	3785	2784
3358	9	lx-3104	veracitat	noun	3251	3504	3016
3359	9	lx-2658	epilèpsia	noun	3252	2851	3709
3360	9	lx-0836	ciclisme	noun	3254	3785	2798
3361	9	lx-1923	fanal	noun	3255	3263	3247
3362	9	lx-2441	abstenció	noun	3256	3148	3367
3363	9	lx-0476	berenar	verb	3256	3068	3456
3364	9	lx-2057	sinagoga	noun	3257	3471	3056
3365	9	lx-3372	expropiar	verb	3258	3088	3437
3366	9	lx-3695	extirpar	verb	3259	2956	3593
3367	9	lx-2494	furt	noun	3259	2713	3915
3368	9	lx-1425	bufat	adjective	3260	3053	3481
3369	9	lx-4028	excedent	noun	3260	3397	3129
3370	9	lx-2263	embargament	noun	3260	3349	3174
3371	9	lx-2553	pectoral	noun	3261	3539	3005
3372	9	lx-2665	alzheimer	noun	3264	3244	3285
3373	9	lx-2041	inquilí	noun	3265	2937	3630
3374	9	lx-0900	bufanda	noun	3266	2809	3797
3375	9	lx-3019	topografia	noun	3266	3533	3019
3376	9	lx-0940	enuig	noun	3267	2961	3605
3377	9	lx-2147	pulsació	noun	3269	3144	3398
3378	9	lx-3851	finestreta	noun	3269	3051	3503
3379	9	lx-3581	subversiu	adjective	3270	3272	3268
3380	9	lx-4175	avaria	noun	3271	3075	3480
3381	9	lx-3241	emfatitzar	verb	3273	3785	2831
3382	9	lx-3356	proliferació	noun	3274	3785	2832
3383	9	lx-3702	repàs	noun	3275	2959	3625
3384	9	lx-3115	sintaxi	noun	3275	3785	2834
3385	9	lx-2627	demandant	noun	3277	3094	3471
3386	9	lx-2619	empobrir	verb	3278	3432	3130
3387	9	lx-3333	clímax	noun	3278	3366	3192
3388	9	lx-3924	ovació	noun	3278	3076	3494
3389	9	lx-2766	condicionament	noun	3279	3394	3167
3390	9	lx-1699	modernisme	noun	3279	3785	2840
3391	9	lx-3764	analgèsic	noun	3280	2722	3952
3392	9	lx-2964	humanoide	adjective	3281	3000	3588
3393	9	lx-2959	generalització	noun	3284	3755	2872
3394	9	lx-3578	feréstec	adjective	3286	2884	3744
3395	9	lx-3124	tallafocs	noun	3288	2857	3783
3396	9	lx-3860	autocar	noun	3289	3153	3430
3397	9	lx-3470	arquetip	noun	3290	3592	3014
3398	9	lx-1951	aval	noun	3292	3181	3406
3399	9	lx-1634	cohesió	noun	3294	3785	2866
3400	9	lx-0502	mitjó	noun	3294	2980	3641
3401	9	lx-3347	hegemonia	noun	3295	3785	2868
3402	9	lx-2098	assaborir	verb	3298	2635	4127
3403	9	lx-1763	mediador	noun	3298	3664	2968
3404	9	lx-3417	expropiació	noun	3300	3362	3239
3405	9	lx-1299	pinzell	noun	3301	3460	3149
3406	9	lx-1753	boicot	noun	3303	3334	3273
3407	9	lx-3187	trastocar	verb	3304	3019	3615
3408	9	lx-2825	enigmàtic	adjective	3304	3255	3354
3409	9	lx-3509	sistèmic	adjective	3305	3465	3152
3410	9	lx-1768	tsunami	noun	3305	3335	3275
3411	9	lx-0404	rentadora	noun	3307	2785	3926
3412	9	lx-4273	detriment	noun	3307	3785	2889
3413	9	lx-3338	renovable	adjective	3307	3655	2993
3414	9	lx-3373	historiografia	noun	3308	3785	2891
3415	9	lx-3221	corroborar	verb	3309	3538	3094
3416	9	lx-2782	calçada	noun	3310	3785	2894
3417	9	lx-1324	validar	verb	3312	3546	3093
3418	9	lx-1463	longevitat	noun	3313	3521	3117
3419	9	lx-3045	escepticisme	noun	3313	3370	3257
3420	9	lx-2903	puntualment	adverb	3313	3492	3144
3421	9	lx-3565	transcendent	adjective	3314	3270	3358
3422	9	lx-2735	arquet	noun	3314	3687	2979
3423	9	lx-3862	benzinera	noun	3314	2866	3833
3424	9	lx-3053	transcendència	noun	3317	3612	3046
3425	9	lx-2688	quimioteràpia	noun	3318	3029	3635
3426	9	lx-1197	bricolatge	noun	3319	3785	2911
3427	9	lx-2207	relaxació	noun	3322	3700	2982
3428	9	lx-2746	psicosi	noun	3323	2955	3736
3429	9	lx-4231	dirigim	noun	3327	2637	4197
3430	9	lx-3443	fonema	noun	3327	3732	2966
3431	9	lx-3518	edema	noun	3327	3131	3536
3432	9	lx-3626	endemés	adverb	3330	3785	2929
3433	9	lx-2726	cadència	noun	3330	3667	3024
3434	9	lx-1206	cercador	noun	3330	3568	3108
3435	9	lx-3096	coherència	noun	3331	3754	2956
3436	9	lx-1085	gavina	noun	3332	3158	3516
3437	9	lx-1509	ecologia	noun	3332	3785	2934
3438	9	lx-4340	col·legiat	adjective	3333	3785	2935
3439	9	lx-3751	pomada	noun	3334	2859	3889
3440	9	lx-4317	trencador	adjective	3335	2963	3754
3441	9	lx-4360	tebi	adjective	3335	3078	3614
3442	9	lx-2017	incògnita	noun	3337	3537	3148
3443	9	lx-4003	subsidiària	noun	3337	3426	3250
3444	9	lx-3179	reestructurar	verb	3337	3436	3241
3445	9	lx-3590	cúmul	noun	3340	3785	2948
3446	9	lx-3368	polaritzar	verb	3342	3567	3131
3447	9	lx-1972	epíleg	noun	3342	3213	3477
3448	9	lx-3770	bussejar	verb	3343	3020	3700
3449	9	lx-4039	estigma	noun	3343	3401	3286
3450	9	lx-2428	globalització	noun	3346	3785	2958
3451	9	lx-2130	fluïdesa	noun	3346	3454	3242
3452	9	lx-2787	perifèria	noun	3348	3785	2961
3453	9	lx-2730	baríton	noun	3348	3591	3121
3454	9	lx-2422	apreciació	noun	3349	3205	3499
3455	9	lx-1309	frontissa	noun	3351	3282	3421
3456	9	lx-3038	canalització	noun	3351	3785	2967
3457	9	lx-3827	enamorament	noun	3355	3128	3598
3458	9	lx-2458	aquarel·la	noun	3355	3785	2974
3459	9	lx-1483	apatia	noun	3355	3050	3691
3460	9	lx-2867	despistat	adjective	3356	2804	4017
3461	9	lx-1797	egoisme	noun	3356	2916	3863
3462	9	lx-2901	esporàdicament	adverb	3360	3676	3071
3463	9	lx-2404	noticiari	noun	3360	3398	3323
3464	9	lx-1813	metafísica	noun	3361	3670	3078
3465	9	lx-1417	ferreria	noun	3362	3444	3281
3466	9	lx-3310	viabilitat	noun	3362	3603	3137
3467	9	lx-3842	estacionament	noun	3364	3328	3400
3468	9	lx-1799	albir	noun	3365	3415	3316
3469	9	lx-1827	passarel·la	noun	3365	3785	2992
3470	9	lx-1320	revisor	noun	3368	3374	3362
3471	9	lx-1484	eufòria	noun	3368	3230	3512
3472	9	lx-2572	clavícula	noun	3369	2958	3836
3473	9	lx-3317	biodiversitat	noun	3371	3785	3003
3474	9	lx-4219	normatiu	adjective	3373	3785	3006
3475	9	lx-2638	absolució	noun	3373	2931	3882
3476	9	lx-2829	evasiu	adjective	3374	2789	4082
3477	9	lx-4034	prerrogativa	noun	3375	3279	3473
3478	9	lx-2858	benèvol	adjective	3375	3080	3699
3479	9	lx-3570	intrínsec	adjective	3376	3785	3011
3480	9	lx-4018	penyora	noun	3377	3093	3687
3481	9	lx-3715	pedagog	noun	3377	3785	3013
3482	9	lx-4041	hipnosi	noun	3379	3344	3414
3483	9	lx-3413	empar	noun	3381	3507	3259
3484	9	lx-2716	timbal	noun	3381	3422	3340
3485	9	lx-3624	nogensmenys	adverb	3381	3785	3020
3486	9	lx-1930	enllumenat	noun	3382	3620	3160
3487	9	lx-4021	abastiment	noun	3382	3445	3321
3488	9	lx-2309	metà	noun	3383	3530	3243
3489	9	lx-2659	anèmia	noun	3384	3363	3405
3490	9	lx-2095	fragància	noun	3384	3458	3312
3491	9	lx-2713	trombó	noun	3384	3672	3119
3492	9	lx-1371	adob	noun	3384	3267	3506
3493	9	lx-3210	rebatre	verb	3386	3001	3820
3494	9	lx-3757	vacunar	verb	3386	3171	3616
3495	9	lx-1190	ganxet	noun	3387	3425	3349
3496	9	lx-3331	caducifoli	adjective	3389	3785	3034
3497	9	lx-4037	dissonància	noun	3389	3639	3156
3498	9	lx-3882	fermentar	verb	3390	3605	3188
3499	9	lx-3108	depurar	verb	3391	3785	3038
3500	9	lx-3398	armistici	noun	3391	3783	3040
3501	9	lx-3560	inexpugnable	adjective	3393	3300	3489
3502	9	lx-3024	talús	noun	3394	3785	3044
3503	9	lx-3262	esbiaixar	verb	3395	3417	3373
3504	9	lx-3949	caloria	noun	3395	3408	3382
3505	9	lx-3710	cal·ligrafia	noun	3397	3785	3049
3506	9	lx-2643	providència	noun	3397	3214	3591
3507	9	lx-3370	dissidència	noun	3398	3505	3294
3508	9	lx-3153	topologia	noun	3398	3785	3051
3509	9	lx-2801	asfaltar	verb	3398	3626	3185
3510	9	lx-2762	esquizofrènia	noun	3399	3127	3694
3511	9	lx-2648	absoldre	verb	3399	3064	3770
3512	9	lx-3385	toponímia	noun	3399	3785	3053
3513	9	lx-1293	tornavís	noun	3400	2858	4044
3514	9	lx-1643	ponència	noun	3400	3604	3207
3515	9	lx-2792	enderrocament	noun	3400	3785	3054
3516	9	lx-1095	banyador	noun	3400	2940	3932
3517	9	lx-2862	condescendent	adjective	3401	2762	4188
3518	9	lx-2011	paràbola	noun	3401	3556	3253
3519	9	lx-3708	escolarització	noun	3401	3647	3172
3520	9	lx-2637	indult	noun	3403	3125	3705
3521	9	lx-3713	estudiós	adjective	3403	3785	3059
3522	9	lx-4014	exempció	noun	3404	3332	3478
3523	9	lx-2942	automatització	noun	3404	3722	3114
3524	9	lx-3034	licitació	noun	3405	3015	3845
3525	9	lx-1806	objectivitat	noun	3408	3534	3287
3526	9	lx-3125	xifratge	noun	3409	3785	3070
3527	9	lx-1678	vitrall	noun	3410	3785	3073
3528	9	lx-1387	pesticida	noun	3412	3261	3569
3529	9	lx-3228	discrepar	verb	3413	3180	3663
3530	9	lx-2660	leucèmia	noun	3413	3195	3646
3531	9	lx-2747	fòbia	noun	3413	3162	3685
3532	9	lx-2849	nítid	adjective	3414	3139	3713
3533	9	lx-1058	wifi	noun	3414	3321	3510
3534	9	lx-2690	biòpsia	noun	3415	3303	3530
3535	9	lx-2677	úlcera	noun	3416	3393	3439
3536	9	lx-2567	concèntric	adjective	3417	3785	3084
3537	9	lx-3903	evasió	noun	3417	3354	3482
3538	9	lx-0658	import	noun	3418	3756	3110
3539	9	lx-1746	bilateral	adjective	3419	3785	3089
3540	9	lx-1724	triturar	verb	3419	3555	3289
3541	9	lx-3847	facturar	verb	3420	3018	3876
3542	9	lx-1864	guisat	noun	3422	3251	3601
3543	9	lx-2507	reclusió	noun	3422	3327	3520
3544	9	lx-3694	inhumar	verb	3422	3673	3189
3545	9	lx-3364	malversar	verb	3426	3008	3902
3546	9	lx-3796	perruquer	noun	3427	2908	4038
3547	9	lx-1729	sucar	verb	3429	2902	4051
3548	9	lx-2530	simposi	noun	3429	3695	3182
3549	9	lx-3849	mostrador	noun	3429	3027	3885
3550	9	lx-2159	busseig	noun	3429	3301	3563
3551	9	lx-3126	autenticació	noun	3430	3502	3360
3552	9	lx-1669	digestió	noun	3432	3412	3453
3553	9	lx-3103	preàmbul	noun	3435	3411	3459
3554	9	lx-4220	col·loquial	adjective	3438	3785	3122
3555	9	lx-2624	discriminar	verb	3438	3677	3215
3556	9	lx-2845	lúgubre	adjective	3439	3017	3919
3557	9	lx-0987	peixateria	noun	3439	3785	3124
3558	9	lx-2629	jurisprudència	noun	3439	3785	3125
3559	9	lx-2559	bíceps	noun	3441	2978	3977
3560	9	lx-1567	embús	noun	3442	2971	3988
3561	9	lx-3401	desamortització	noun	3444	3785	3134
3562	9	lx-4054	polarització	noun	3445	3785	3135
3563	9	lx-3049	dialèctica	noun	3447	3785	3139
3564	9	lx-1947	rendibilitat	noun	3447	3785	3140
3565	9	lx-1665	lligament	noun	3451	3486	3416
3566	9	lx-1354	inducció	noun	3451	3785	3147
3567	9	lx-4196	visiti	noun	3452	3032	3930
3568	9	lx-2322	facturació	noun	3452	3291	3621
3569	9	lx-0390	llàntia	noun	3454	3358	3552
3570	9	lx-4328	presentes	noun	3454	2803	4256
3571	9	lx-2244	deutor	noun	3454	3317	3597
3572	9	lx-1928	rotonda	noun	3455	3726	3203
3573	9	lx-2784	vial	noun	3455	3405	3505
3574	9	lx-3760	esquinç	noun	3455	2880	4145
3575	9	lx-3393	abdicació	noun	3455	3520	3392
3576	9	lx-3365	coaccionar	verb	3455	3083	3873
3577	9	lx-3994	privadesa	noun	3459	3352	3570
3578	9	lx-0496	antipàtic	adjective	3461	2985	4012
3579	9	lx-2548	cartílag	noun	3463	3785	3169
3580	9	lx-2810	atapeït	adjective	3465	3211	3740
3581	9	lx-2878	fanfarró	adjective	3465	2854	4208
3582	9	lx-3534	idealisme	noun	3465	3463	3468
3583	9	lx-3991	arrelament	noun	3466	3510	3423
3584	9	lx-2370	becari	noun	3466	3589	3348
3585	9	lx-3901	narcotràfic	noun	3467	3123	3849
3586	9	lx-3305	fideïcomís	noun	3469	3234	3722
3587	9	lx-3128	pedaç	noun	3471	3304	3647
3588	9	lx-2826	espaiós	adjective	3472	3549	3396
3589	9	lx-1684	gratacels	noun	3473	3498	3448
3590	9	lx-3329	aqüífer	noun	3474	3699	3262
3591	9	lx-2859	cautelós	adjective	3474	3177	3798
3592	9	lx-1779	extintor	noun	3476	2815	4292
3593	9	lx-1761	aranzel	noun	3477	3184	3796
3594	9	lx-2708	contrabaix	noun	3479	3785	3197
3595	9	lx-3772	col·leccionar	verb	3480	3785	3200
3596	9	lx-3066	imperatiu	noun	3481	3562	3401
3597	9	lx-2652	hipertensió	noun	3481	3474	3488
3598	9	lx-2809	angoixant	adjective	3481	3102	3907
3599	9	lx-1749	extradició	noun	3482	3457	3508
3600	9	lx-4330	tanqués	noun	3484	3346	3627
3601	9	lx-1420	brodar	verb	3485	3266	3718
3602	9	lx-3131	optimització	noun	3486	3785	3211
3603	9	lx-4277	impunitat	noun	3487	3209	3788
3604	9	lx-2656	artritis	noun	3487	3193	3807
3605	9	lx-2250	solvència	noun	3487	3307	3676
3606	9	lx-1846	botifarra	noun	3487	3588	3389
3607	9	lx-3023	argamassa	noun	3487	3689	3297
3608	9	lx-1909	proletariat	noun	3488	3348	3634
3609	9	lx-1306	endoll	noun	3488	3434	3543
3610	9	lx-2501	blanqueig	noun	3489	3309	3679
3611	9	lx-1818	criança	noun	3489	3658	3328
3612	9	lx-3734	pantaló	noun	3490	3785	3218
3613	9	lx-1208	pestanya	noun	3490	3565	3417
3614	9	lx-3382	subaltern	adjective	3491	3508	3474
3615	9	lx-3191	metamorfosar	verb	3492	3576	3409
3616	9	lx-3397	capitulació	noun	3492	3784	3222
3617	9	lx-3544	mol·lusc	noun	3493	3785	3223
3618	9	lx-3914	thriller	noun	3494	3785	3226
3619	9	lx-3808	lampista	noun	3495	3098	3943
3620	9	lx-2800	viaducte	noun	3496	3785	3229
3621	9	lx-3405	pragmàtica	noun	3496	3351	3648
3622	9	lx-2797	marquesina	noun	3497	3785	3231
3623	9	lx-2010	logaritme	noun	3498	3785	3232
3624	9	lx-3267	extrapolar	verb	3498	3481	3515
3625	9	lx-1441	natalitat	noun	3498	3772	3244
3626	9	lx-2935	inferència	noun	3499	3785	3235
3627	9	lx-1115	amanir	verb	3500	3634	3370
3628	9	lx-3719	conferenciant	noun	3502	3686	3327
3629	9	lx-1300	corró	noun	3502	3785	3240
3630	9	lx-3633	inherentment	adverb	3502	3440	3565
3631	9	lx-3811	oficinista	noun	3503	3152	3894
3632	9	lx-2474	vernís	noun	3507	3441	3574
3633	9	lx-4289	automobilístic	adjective	3509	3785	3254
3634	9	lx-3841	patinet	noun	3510	3168	3888
3635	9	lx-2836	immutable	adjective	3510	3476	3544
3636	9	lx-2816	costerut	adjective	3510	3683	3346
3637	9	lx-2511	atracador	noun	3511	3419	3606
3638	9	lx-4191	sufocant	adjective	3512	3077	4008
3639	9	lx-3087	eufemisme	noun	3512	3069	4020
3640	9	lx-3286	radiotelescopi	noun	3513	2893	4267
3641	9	lx-2883	impertinent	adjective	3514	2926	4221
3642	9	lx-1847	empedrat	noun	3515	3785	3264
3643	9	lx-3081	apologia	noun	3515	3484	3547
3644	9	lx-3486	epítet	noun	3515	3785	3265
3645	9	lx-3097	dicció	noun	3516	3468	3564
3646	9	lx-3047	humanisme	noun	3516	3785	3266
3647	9	lx-3244	ponderar	verb	3518	3785	3269
3648	9	lx-1199	senderisme	noun	3518	3785	3270
3649	9	lx-3142	latència	noun	3520	3785	3274
3650	9	lx-4010	adjudicació	noun	3525	3500	3551
3651	9	lx-3371	boicotejar	verb	3528	3675	3386
3652	9	lx-3359	oligarquia	noun	3528	3552	3504
3653	9	lx-2478	mecenatge	noun	3529	3785	3290
3654	9	lx-4153	tranquil·lament	adverb	3530	3785	3292
3655	9	lx-2451	descentralització	noun	3530	3785	3293
3656	9	lx-2235	cigonya	noun	3531	3316	3759
3657	9	lx-0699	enviudar	verb	3532	3423	3645
3658	9	lx-2848	monòton	adjective	3533	3414	3657
3659	9	lx-2129	pronúncia	noun	3534	3785	3300
3660	9	lx-2676	aneurisma	noun	3534	3325	3757
3661	9	lx-2012	tangent	noun	3536	3738	3344
3662	9	lx-3625	ensems	adverb	3536	3785	3303
3663	9	lx-2633	querella	noun	3536	3746	3338
3664	9	lx-2226	linx	noun	3538	3785	3307
3665	9	lx-2924	curosament	adverb	3539	3459	3620
3666	9	lx-2563	aeròbic	adjective	3540	3277	3824
3667	9	lx-3294	monopolitzar	verb	3540	3641	3442
3668	9	lx-2890	maliciós	adjective	3542	3288	3816
3669	9	lx-3075	eloqüència	noun	3543	3785	3317
3670	9	lx-1838	escudella	noun	3543	3375	3720
3671	9	lx-3634	intrínsecament	adverb	3545	3644	3449
3672	9	lx-2751	psicoanàlisi	noun	3547	3767	3339
3673	9	lx-3377	materialisme	noun	3550	3785	3329
3674	9	lx-2715	tuba	noun	3552	3353	3762
3675	9	lx-2721	pentagrama	noun	3553	3306	3818
3676	9	lx-4008	pròrroga	noun	3554	3785	3337
3677	9	lx-2754	alienació	noun	3557	3511	3604
3678	9	lx-2491	tríptic	noun	3559	3785	3347
3679	9	lx-3541	artròpode	noun	3560	3586	3534
3680	9	lx-2763	al·lucinació	noun	3561	3785	3351
3681	9	lx-3762	crosses	noun	3561	3115	4072
3682	9	lx-3997	auricular	noun	3562	3376	3758
3683	9	lx-3079	dissensió	noun	3562	3785	3353
3684	9	lx-3098	entonació	noun	3564	3696	3436
3685	9	lx-2891	melancòlic	adjective	3565	3390	3748
3686	9	lx-4287	antuvi	noun	3566	3785	3359
3687	9	lx-3691	determinista	adjective	3568	3596	3541
3688	9	lx-2838	incomprensible	adjective	3569	3253	3916
3689	9	lx-4298	encarir	verb	3570	3207	3973
3690	9	lx-2024	arbitratge	noun	3570	3785	3368
3691	9	lx-3484	elegia	noun	3571	3785	3369
3692	9	lx-2405	hemeroteca	noun	3572	3785	3371
3693	9	lx-1541	embalatge	noun	3573	3785	3372
3694	9	lx-1730	condiment	noun	3574	3413	3742
3695	9	lx-1754	geopolítica	noun	3575	3785	3377
3696	9	lx-1663	medul·la	noun	3577	3785	3380
3697	9	lx-4270	despit	noun	3577	3488	3668
3698	9	lx-3395	promulgació	noun	3577	3785	3381
3699	9	lx-2488	terracota	noun	3579	3785	3384
3700	9	lx-3150	ethernet	noun	3579	3785	3385
3701	9	lx-2602	redistribució	noun	3580	3519	3642
3702	9	lx-0697	rebesavi	noun	3581	3203	4003
3703	9	lx-4291	retruc	noun	3581	3590	3572
3704	9	lx-2693	ecografia	noun	3581	3293	3895
3705	9	lx-1859	bunyol	noun	3582	3357	3822
3706	9	lx-2798	parterre	noun	3582	3785	3390
3707	9	lx-3190	transfigurar	verb	3583	2995	4286
3708	9	lx-2617	desvalgut	adjective	3585	3532	3638
3709	9	lx-2564	estirament	noun	3585	3456	3719
3710	9	lx-3754	termòmetre	noun	3586	3587	3585
3711	9	lx-3554	apocalíptic	adjective	3587	3785	3399
3712	9	lx-2851	afable	adjective	3587	3453	3726
3713	9	lx-2132	murmuri	noun	3588	2999	4292
3714	9	lx-2689	radioteràpia	noun	3588	3503	3675
3715	9	lx-1831	estampat	noun	3588	3323	3875
3716	9	lx-2886	intransigent	adjective	3588	3570	3607
3717	9	lx-3119	repositori	noun	3589	3785	3403
3718	9	lx-1233	al·lèrgia	noun	3589	3785	3404
3719	9	lx-1427	argenter	noun	3592	3785	3408
3720	9	lx-1116	endolcir	verb	3592	3428	3764
3721	9	lx-2868	diligent	adjective	3593	3136	4117
3722	9	lx-2283	pol·lució	noun	3594	3785	3412
3723	9	lx-1861	torró	noun	3595	3582	3608
3724	9	lx-2252	liquiditat	noun	3597	3523	3672
3725	9	lx-2364	capacitació	noun	3597	3785	3418
3726	9	lx-3567	abjecte	adjective	3599	3280	3948
3727	9	lx-3711	croquis	noun	3600	3785	3424
3728	9	lx-3441	morfema	noun	3602	3785	3428
3729	9	lx-4275	recer	noun	3603	3719	3490
3730	9	lx-1434	filatura	noun	3604	3785	3431
3731	9	lx-1423	vímet	noun	3604	3512	3698
3732	9	lx-3345	recel	noun	3604	3785	3432
3733	9	lx-3430	sociolingüística	noun	3605	3785	3433
3734	9	lx-1687	claraboia	noun	3605	3559	3652
3735	9	lx-3238	recalcar	verb	3605	3785	3434
3736	9	lx-3260	deductiu	adjective	3606	3785	3435
3737	9	lx-3463	omniscient	adjective	3607	3443	3779
3738	9	lx-2584	electròlit	noun	3608	3785	3440
3739	9	lx-1723	escaldar	verb	3609	3553	3665
3740	9	lx-3017	encofrat	noun	3609	3785	3441
3741	9	lx-1727	safrà	noun	3609	3698	3522
3742	9	lx-3350	imperialisme	noun	3610	3766	3460
3743	9	lx-1193	col·leccionisme	noun	3610	3785	3443
3744	9	lx-3161	connectivitat	noun	3610	3785	3444
3745	9	lx-1798	determinisme	noun	3612	3785	3446
3746	9	lx-3261	dicotomia	noun	3612	3785	3447
3747	9	lx-1514	matinar	verb	3612	3141	4154
3748	9	lx-3936	musculatura	noun	3613	3781	3452
3749	9	lx-1633	marginació	noun	3614	3785	3451
3750	9	lx-2331	sostenibilitat	noun	3616	3785	3454
3751	9	lx-2738	virtuosisme	noun	3616	3785	3455
3752	9	lx-2555	lumbar	adjective	3617	3776	3465
3753	9	lx-2839	inconfusible	adjective	3617	3656	3579
3754	9	lx-3277	pluralisme	noun	3618	3785	3458
3755	9	lx-0696	besàvia	noun	3618	3472	3771
3756	9	lx-1756	pacificació	noun	3619	3716	3525
3757	9	lx-2731	mezzosoprano	noun	3619	3785	3461
3758	9	lx-2973	consegüentment	adverb	3622	3785	3466
3759	9	lx-2575	tíbia	noun	3622	3518	3730
3760	9	lx-3233	consensuar	verb	3623	3785	3467
3761	9	lx-2775	psicosomàtic	adjective	3623	3081	4260
3762	9	lx-3223	subscriure	verb	3624	3785	3470
3763	9	lx-2162	monopatí	noun	3626	3416	3848
3764	9	lx-2769	pulsió	noun	3626	3442	3819
3765	9	lx-3797	pastisser	noun	3626	3431	3832
3766	9	lx-2945	actuador	noun	3627	3785	3476
3767	9	lx-2880	frívol	adjective	3630	3608	3653
3768	9	lx-3293	amortitzar	verb	3631	3464	3806
3769	9	lx-3575	inexorable	adjective	3633	3384	3900
3770	9	lx-3068	cosmologia	noun	3633	3785	3487
3771	9	lx-2877	extravertit	adjective	3633	3473	3801
3772	9	lx-2795	gratacel	noun	3634	3438	3841
3773	9	lx-3856	hostaleria	noun	3635	3609	3661
3774	9	lx-3287	governança	noun	3636	3785	3492
3775	9	lx-1785	desmai	noun	3636	3571	3702
3776	9	lx-3116	compilador	noun	3636	3785	3493
3777	9	lx-3833	telefèric	noun	3637	3785	3495
3778	9	lx-3399	bel·ligerant	adjective	3638	3785	3497
3779	9	lx-2684	dermatitis	noun	3639	3322	3986
3780	9	lx-3137	commutador	noun	3640	3785	3500
3781	9	lx-3654	hipotèticament	adverb	3640	3242	4087
3782	9	lx-3355	dissuasió	noun	3641	3479	3810
3783	9	lx-2560	tríceps	noun	3641	3222	4114
3784	9	lx-3237	puntualitzar	verb	3643	3341	3972
3785	9	lx-2543	optatiu	adjective	3644	3785	3509
3786	9	lx-1949	cotització	noun	3646	3522	3775
3787	9	lx-2820	diàfan	adjective	3647	3785	3514
3788	9	lx-2872	envejós	adjective	3647	3379	3937
3789	9	lx-2154	arnès	noun	3648	3489	3814
3790	9	lx-1649	plagi	noun	3651	3614	3688
3791	9	lx-1523	puntualitat	noun	3651	3129	4261
3792	9	lx-1722	juliana	noun	3653	3721	3586
3793	9	lx-0400	espècia	noun	3653	3524	3787
3794	9	lx-3094	versemblança	noun	3654	3785	3528
3795	9	lx-2654	ictus	noun	3656	3785	3531
3796	9	lx-3941	hidratació	noun	3656	3329	4015
3797	9	lx-3414	atestat	noun	3659	3516	3808
3798	9	lx-2352	recàrrega	noun	3660	3740	3581
3799	9	lx-1404	cartellera	noun	3660	3692	3628
3800	9	lx-3328	albedo	noun	3660	3785	3539
3801	9	lx-3447	diftong	noun	3661	3785	3542
3802	9	lx-3318	biosfera	noun	3665	3785	3549
3803	9	lx-2044	taxació	noun	3666	3543	3793
3804	9	lx-2796	passera	noun	3667	3785	3553
3805	9	lx-3569	apòcrif	adjective	3668	3785	3554
3806	9	lx-3343	consternació	noun	3668	3506	3837
3807	9	lx-2202	xacra	noun	3668	3326	4045
3808	9	lx-3416	contenciós	noun	3668	3785	3555
3809	9	lx-2870	empàtic	adjective	3669	3399	3960
3810	9	lx-1316	abonament	noun	3670	3410	3949
3811	9	lx-3213	matisar	verb	3670	3785	3558
3812	9	lx-2765	neurociència	noun	3670	3240	4157
3813	9	lx-3452	bilingüisme	noun	3671	3785	3561
3814	9	lx-2332	biomassa	noun	3672	3785	3562
3815	9	lx-2579	estèrnum	noun	3674	3377	3997
3816	9	lx-1896	feudalisme	noun	3674	3678	3670
3817	9	lx-0607	pessimisme	noun	3674	3785	3567
3818	9	lx-3786	xalar	verb	3676	3276	4124
3819	9	lx-2741	psicoteràpia	noun	3676	3785	3571
3820	9	lx-3779	excursionisme	noun	3677	3715	3640
3821	9	lx-3311	competitivitat	noun	3679	3785	3575
3822	9	lx-3384	onomàstica	noun	3679	3694	3664
3823	9	lx-3524	remissió	noun	3679	3785	3576
3824	9	lx-2045	desnonament	noun	3680	3372	4016
3825	9	lx-3427	fonologia	noun	3680	3785	3578
3826	9	lx-3211	inferir	verb	3681	3785	3580
3827	9	lx-1772	socórrer	verb	3682	3785	3582
3828	9	lx-2622	pidolar	verb	3682	3159	4292
3829	9	lx-3380	superestructura	noun	3683	3785	3584
3830	9	lx-3609	encefalopatia	noun	3684	3347	4054
3831	9	lx-3454	calc	noun	3685	3778	3595
3832	9	lx-3521	letargia	noun	3686	3535	3844
3833	9	lx-2818	decrèpit	adjective	3687	3286	4137
3834	9	lx-3880	condimentar	verb	3687	3785	3592
3835	9	lx-4016	impagament	noun	3687	3665	3710
3836	9	lx-2835	idíl·lic	adjective	3688	3785	3594
3837	9	lx-2259	carència	noun	3689	3736	3643
3838	9	lx-4190	feiner	adjective	3691	3618	3765
3839	9	lx-1222	encaminador	noun	3691	3785	3599
3840	9	lx-3736	emprovar	verb	3692	3290	4143
3841	9	lx-3381	hegemònic	adjective	3692	3785	3602
3842	9	lx-4051	lapsus	noun	3693	3368	4050
3843	9	lx-3832	funicular	noun	3694	3707	3681
3844	9	lx-2153	alpinisme	noun	3696	3785	3610
3845	9	lx-2954	generatiu	adjective	3697	3785	3611
3846	9	lx-2134	xiuxiueig	noun	3698	3187	4290
3847	9	lx-3636	categòricament	adverb	3698	3437	3978
3848	9	lx-2361	excedència	noun	3699	3759	3639
3849	9	lx-3659	implícitament	adverb	3700	3779	3622
3850	9	lx-3360	caciquisme	noun	3701	3785	3618
3851	9	lx-2719	clavecí	noun	3701	3785	3619
3852	9	lx-3455	neologisme	noun	3701	3708	3695
3853	9	lx-3462	polifonia	noun	3704	3785	3624
3854	9	lx-2282	desgel	noun	3704	3624	3786
3855	9	lx-2415	superàvit	noun	3705	3785	3626
3856	9	lx-2857	avar	adjective	3705	3669	3741
3857	9	lx-3545	inefable	adjective	3705	3600	3813
3858	9	lx-2380	conciliació	noun	3706	3785	3629
3859	9	lx-3386	estratigrafia	noun	3707	3785	3631
3860	9	lx-3600	hipocamp	noun	3711	3564	3864
3861	9	lx-4047	compulsió	noun	3713	3212	4292
3862	9	lx-2685	melanoma	noun	3714	3254	4239
3863	9	lx-3598	sinapsi	noun	3714	3770	3659
3864	9	lx-3071	refutació	noun	3716	3785	3649
3865	9	lx-3479	sinopsi	noun	3717	3785	3651
3866	9	lx-2604	equitat	noun	3719	3785	3655
3867	9	lx-2686	limfoma	noun	3720	3785	3656
3868	9	lx-2348	autoconsum	noun	3722	3785	3660
3869	9	lx-2229	orca	noun	3722	3733	3711
3870	9	lx-2675	embòlia	noun	3725	3748	3703
3871	9	lx-2615	desnutrició	noun	3726	3785	3667
3872	9	lx-2852	altruista	adjective	3726	3427	4052
3873	9	lx-3657	empíricament	adverb	3727	3785	3669
3874	9	lx-2208	curandero	noun	3727	3314	4192
3875	9	lx-3042	racionalisme	noun	3729	3785	3674
3876	9	lx-1807	subjectivitat	noun	3731	3785	3677
3877	9	lx-2212	ungüent	noun	3731	3246	4288
3878	9	lx-4262	advertia	noun	3731	3785	3678
3879	9	lx-1808	fal·làcia	noun	3732	3785	3680
3880	9	lx-3376	positivisme	noun	3734	3621	3850
3881	9	lx-2576	peroné	noun	3734	3485	4001
3882	9	lx-2700	batuta	noun	3734	3785	3684
3883	9	lx-3138	cibernètic	adjective	3734	3545	3934
3884	9	lx-2461	cisell	noun	3736	3701	3772
3885	9	lx-2454	plebiscit	noun	3737	3785	3689
3886	9	lx-2669	cataracta	noun	3737	3573	3909
3887	9	lx-3725	melancolia	noun	3738	3632	3847
3888	9	lx-3130	escalabilitat	noun	3739	3785	3693
3889	9	lx-2319	organigrama	noun	3739	3727	3751
3890	9	lx-1803	utilitarisme	noun	3740	3446	4059
3891	9	lx-3483	panegíric	noun	3740	3785	3696
3892	9	lx-2388	teletip	noun	3740	3265	4285
3893	9	lx-4300	formulat	noun	3741	3706	3776
3894	9	lx-1123	davantal	noun	3741	3515	3982
3895	9	lx-1839	calçot	noun	3743	3785	3701
3896	9	lx-1795	filosofar	verb	3743	3536	3962
3897	9	lx-2832	gèlid	adjective	3744	3613	3879
3898	9	lx-1121	batedora	noun	3744	3447	4066
3899	9	lx-2755	introspecció	noun	3744	3631	3861
3900	9	lx-3032	ignífug	adjective	3745	3380	4150
3901	9	lx-1593	podcast	noun	3746	3785	3707
3902	9	lx-3703	enquadernar	verb	3746	3785	3708
3903	9	lx-3043	ontologia	noun	3749	3785	3714
3904	9	lx-1084	oreneta	noun	3750	3785	3715
3905	9	lx-3396	derogació	noun	3753	3785	3721
3906	9	lx-2587	precarietat	noun	3754	3785	3723
3907	9	lx-3340	sobreexplotació	noun	3754	3785	3724
3908	9	lx-2620	desnonar	verb	3755	3563	3957
3909	9	lx-3649	anàlogament	adverb	3755	3785	3725
3910	9	lx-2812	bulliciós	adjective	3755	3643	3871
3911	9	lx-2962	cibernètica	noun	3756	3657	3857
3912	9	lx-3052	absolutisme	noun	3756	3785	3727
3913	9	lx-2466	matís	noun	3756	3785	3728
3914	9	lx-3627	subsegüentment	adverb	3757	3785	3729
3915	9	lx-2477	pinacoteca	noun	3758	3785	3731
3916	9	lx-2471	clarobscur	noun	3758	3785	3732
3917	9	lx-2873	escrupolós	adjective	3759	3785	3733
3918	9	lx-2197	acupuntura	noun	3759	3491	4048
3919	9	lx-3444	lexema	noun	3759	3785	3734
3920	9	lx-1865	rebosteria	noun	3761	3785	3737
3921	9	lx-3326	tròfic	adjective	3762	3785	3739
3922	9	lx-2965	ciborg	noun	3763	3385	4184
3923	9	lx-3843	parquímetre	noun	3764	3448	4108
3924	9	lx-2966	heurística	noun	3765	3785	3745
3925	9	lx-2745	neurosi	noun	3765	3615	3922
3926	9	lx-2245	amortització	noun	3765	3785	3746
3927	9	lx-3022	impermeabilitzar	verb	3765	3765	3766
3928	9	lx-2594	analfabetisme	noun	3766	3785	3747
3929	9	lx-1757	multilateral	adjective	3767	3785	3749
3930	9	lx-3387	numismàtica	noun	3767	3785	3750
3931	9	lx-1862	sofregit	noun	3768	3785	3752
3932	9	lx-1842	trinxat	noun	3769	3313	4287
3933	9	lx-2808	anacrònic	adjective	3770	3785	3756
3934	9	lx-1788	paramèdic	noun	3771	3725	3817
3935	9	lx-2574	fèmur	noun	3772	3705	3840
3936	9	lx-1800	epistemologia	noun	3773	3785	3761
3937	9	lx-1731	gratinar	verb	3773	3378	4215
3938	9	lx-1564	vernissar	verb	3774	3785	3763
3939	9	lx-2103	ensordidor	adjective	3775	3389	4204
3940	9	lx-2771	sublimació	noun	3776	3688	3866
3941	9	lx-3820	prometatge	noun	3777	3420	4171
3942	9	lx-2666	parkinson	noun	3777	3785	3769
3943	9	lx-3392	exhumació	noun	3779	3717	3842
3944	9	lx-3163	coaxial	adjective	3779	3785	3773
3945	9	lx-3379	conjuntura	noun	3779	3785	3774
3946	9	lx-3374	anacronisme	noun	3780	3693	3869
3947	9	lx-3278	mainell	noun	3781	3785	3777
3948	9	lx-2687	metàstasi	noun	3781	3785	3778
3949	9	lx-3603	prosopagnòsia	noun	3782	3785	3780
3950	9	lx-3749	restrenyiment	noun	3783	3785	3781
3951	9	lx-3321	simbiosi	noun	3783	3785	3782
3952	9	lx-2668	glaucoma	noun	3784	3585	3994
3953	9	lx-3597	troposfera	noun	3784	3785	3784
3954	9	lx-3154	encaminament	noun	3785	3785	3785
3955	9	lx-3506	apoptosi	noun	3787	3785	3789
3956	9	lx-0624	pàdel	noun	3788	3785	3792
3957	9	lx-2549	biomecànica	noun	3789	3744	3834
3958	9	lx-2204	holístic	adjective	3789	3682	3899
3959	9	lx-3285	translació	noun	3789	3785	3794
3960	9	lx-3584	vehement	adjective	3790	3785	3795
3961	9	lx-3500	idiopàtic	adjective	3791	3771	3812
3962	9	lx-1296	alicates	noun	3792	3640	3950
3963	9	lx-3840	ciclomotor	noun	3792	3785	3799
3964	9	lx-3568	espuri	adjective	3792	3785	3800
3965	9	lx-3505	necrosi	noun	3794	3785	3803
3966	9	lx-1720	escabetx	noun	3795	3529	4080
3967	9	lx-3152	subxarxa	noun	3795	3785	3805
3968	9	lx-3478	epítom	noun	3799	3578	4033
3969	9	lx-4023	avituallament	noun	3800	3785	3815
3970	9	lx-3402	latifundi	noun	3801	3760	3843
3971	9	lx-2663	bronquitis	noun	3803	3637	3976
3972	9	lx-4020	reemborsament	noun	3803	3388	4269
3973	9	lx-1198	modelisme	noun	3804	3785	3823
3974	9	lx-1719	allioli	noun	3805	3785	3825
3975	9	lx-3442	al·lòfon	noun	3805	3785	3826
3976	9	lx-3549	taciturn	adjective	3807	3584	4043
3977	9	lx-3269	epistemològic	adjective	3807	3785	3829
3978	9	lx-3504	hipòxia	noun	3808	3602	4025
3979	9	lx-3617	homeòstasi	noun	3808	3785	3831
3980	9	lx-1422	cistelleria	noun	3810	3785	3835
3981	9	lx-1651	rectorat	noun	3811	3731	3892
3982	9	lx-3055	dualisme	noun	3811	3785	3838
3983	9	lx-3323	lixiviació	noun	3815	3785	3846
3984	9	lx-3064	agnosticisme	noun	3816	3490	4173
3985	9	lx-3057	pragmatisme	noun	3818	3785	3851
3986	9	lx-2423	proteccionisme	noun	3818	3785	3852
3987	9	lx-3339	reforestació	noun	3819	3785	3853
3988	9	lx-3051	relativisme	noun	3819	3785	3854
3989	9	lx-3445	sintagma	noun	3820	3785	3855
3990	9	lx-1796	altruisme	noun	3820	3758	3883
3991	9	lx-2473	bodegó	noun	3820	3785	3856
3992	9	lx-2160	bombona	noun	3820	3711	3933
3993	9	lx-3404	consuetudinari	adjective	3821	3785	3858
3994	9	lx-3302	insolvència	noun	3822	3627	4027
3995	9	lx-3256	corol·lari	noun	3822	3785	3859
3996	9	lx-2523	deganat	noun	3822	3785	3860
3997	9	lx-3758	esternudar	verb	3823	3418	4276
3998	9	lx-2607	apoderament	noun	3823	3785	3862
3999	9	lx-3332	perennifoli	adjective	3825	3785	3865
4000	9	lx-1319	transbordament	noun	3826	3785	3867
4001	9	lx-1642	congrès	noun	3826	3785	3868
4002	9	lx-3077	antítesi	noun	3827	3785	3870
4003	9	lx-2269	capitalitzar	verb	3828	3785	3872
4004	9	lx-1948	dividend	noun	3829	3785	3874
4005	9	lx-1844	neula	noun	3830	3633	4037
4006	9	lx-3456	barbarisme	noun	3830	3610	4064
4007	9	lx-2557	gluti	noun	3831	3785	3878
4008	9	lx-3016	excavadora	noun	3831	3595	4083
4009	9	lx-2794	descampat	noun	3834	3606	4076
4010	9	lx-3477	miscel·lània	noun	3834	3785	3884
4011	9	lx-3507	neoplàsia	noun	3835	3785	3886
4012	9	lx-1802	nihilisme	noun	3836	3785	3887
4013	9	lx-2963	andròmina	noun	3836	3560	4133
4014	9	lx-2887	irascible	adjective	3836	3653	4028
4015	9	lx-3280	formigonar	verb	3836	3775	3898
4016	9	lx-3556	ignominiós	adjective	3836	3547	4149
4017	9	lx-0472	desvestir	verb	3836	3429	4292
4018	9	lx-3410	prevaricació	noun	3837	3752	3924
4019	9	lx-3048	alteritat	noun	3838	3785	3891
4020	9	lx-2480	espàtula	noun	3838	3741	3938
4021	9	lx-3288	sinergia	noun	3838	3712	3969
4022	9	lx-2538	convalidar	verb	3839	3785	3893
4023	9	lx-3887	guacamole	noun	3840	3497	4216
4024	9	lx-1685	enrajolat	noun	3840	3785	3896
4025	9	lx-3781	manualitat	noun	3840	3480	4238
4026	9	lx-3499	etiologia	noun	3841	3785	3897
4027	9	lx-3728	antipatia	noun	3843	3785	3901
4028	9	lx-2618	marginar	verb	3844	3785	3903
4029	9	lx-2266	meritar	verb	3844	3785	3904
4030	9	lx-3422	delinquir	verb	3844	3709	3984
4031	9	lx-2215	desintoxicar	verb	3845	3785	3905
4032	9	lx-3664	alexandrí	noun	3845	3785	3906
4033	9	lx-2670	cirrosi	noun	3847	3785	3910
4034	9	lx-2582	creatina	noun	3847	3785	3911
4035	9	lx-3357	desarmament	noun	3848	3785	3912
4036	9	lx-4019	quitança	noun	3848	3450	4292
4037	9	lx-3886	cuscús	noun	3849	3690	4014
4038	9	lx-3464	focalització	noun	3849	3785	3914
4039	9	lx-2842	intangible	adjective	3850	3785	3917
4040	9	lx-1794	existencialisme	noun	3851	3785	3918
4041	9	lx-3342	melangia	noun	3852	3785	3920
4042	9	lx-2158	neoprè	noun	3852	3785	3921
4043	9	lx-2373	preavís	noun	3853	3785	3923
4044	9	lx-4133	penediran	noun	3854	3494	4251
4045	9	lx-2217	reiki	noun	3854	3785	3925
4046	9	lx-3435	sinonímia	noun	3855	3785	3927
4047	9	lx-4033	traçabilitat	noun	3856	3785	3928
4048	9	lx-2674	trombosi	noun	3856	3785	3929
4049	9	lx-3888	ceviche	noun	3857	3466	4292
4050	9	lx-2636	al·legat	noun	3857	3785	3931
4051	9	lx-4325	acceptarem	noun	3858	3467	4292
4052	9	lx-3291	deslocalitzar	verb	3859	3785	3935
4053	9	lx-1942	dèbit	noun	3860	3785	3936
4054	9	lx-2776	empatitzar	verb	3861	3599	4142
4055	9	lx-2344	ecologisme	noun	3861	3785	3939
4056	9	lx-4055	empoderament	noun	3862	3785	3940
4057	10	lx-2198	homeopatia	noun	3862	3785	3941
4058	10	lx-2577	húmer	noun	3863	3785	3942
4059	10	lx-3606	neurodegeneratiu	adjective	3864	3785	3944
4060	10	lx-2683	psoriasi	noun	3864	3785	3945
4061	10	lx-2534	tutoria	noun	3865	3785	3946
4062	10	lx-1718	marinada	noun	3865	3785	3947
4063	10	lx-1109	fornejar	verb	3865	3548	4211
4064	10	lx-2770	catarsi	noun	3867	3575	4182
4065	10	lx-2562	anaeròbic	adjective	3867	3785	3951
4066	10	lx-2655	artrosi	noun	3868	3785	3953
4067	10	lx-4045	aferrament	noun	3869	3785	3954
4068	10	lx-3516	atròfia	noun	3869	3785	3955
4069	10	lx-3319	eutrofització	noun	3870	3785	3956
4070	10	lx-1810	empirisme	noun	3871	3785	3959
4071	10	lx-0698	rebesàvia	noun	3872	3493	4292
4072	10	lx-3571	extrínsec	adjective	3872	3785	3961
4073	10	lx-3086	hipèrbole	noun	3873	3785	3963
4074	10	lx-3354	intervencionisme	noun	3873	3785	3964
4075	10	lx-2566	isomètric	adjective	3874	3785	3965
4076	10	lx-2598	empobriment	noun	3874	3785	3966
4077	10	lx-2667	osteoporosi	noun	3875	3785	3967
4078	10	lx-3412	usdefruit	noun	3875	3785	3968
4079	10	lx-1855	orxata	noun	3877	3785	3971
4080	10	lx-3586	anticicló	noun	3879	3785	3975
4081	10	lx-1728	escórrer	verb	3879	3577	4207
4082	10	lx-3490	cesura	noun	3881	3785	3979
4083	10	lx-2409	deflació	noun	3883	3785	3983
4084	10	lx-2420	devaluació	noun	3885	3785	3987
4085	10	lx-3513	endogen	adjective	3886	3785	3989
4086	10	lx-3542	equinoderm	noun	3886	3785	3990
4087	10	lx-2096	esguard	noun	3887	3785	3991
4088	10	lx-3537	gimnosperma	noun	3888	3785	3993
4089	10	lx-3631	irremissiblement	adverb	3888	3691	4096
4090	10	lx-2546	hipertròfia	noun	3889	3785	3995
4091	10	lx-3630	indefectiblement	adverb	3889	3785	3996
4092	10	lx-2558	panxell	noun	3890	3561	4249
4093	10	lx-2408	macroeconomia	noun	3890	3785	3998
4094	10	lx-4128	penedim	noun	3890	3526	4292
4095	10	lx-2286	mitigació	noun	3891	3785	3999
4096	10	lx-3620	neurobiologia	noun	3891	3785	4000
4097	10	lx-2912	properament	adverb	3892	3785	4002
4098	10	lx-3027	topògraf	noun	3893	3780	4009
4099	10	lx-3039	replanteig	noun	3893	3785	4004
4100	10	lx-2739	resiliència	noun	3893	3785	4005
4101	10	lx-3528	sedació	noun	3894	3785	4006
4102	10	lx-3661	subreptíciament	adverb	3894	3785	4007
4103	10	lx-3878	enfornar	verb	3896	3764	4032
4104	10	lx-1935	depuradora	noun	3896	3785	4010
4105	10	lx-2335	aerogenerador	noun	3896	3785	4011
4106	10	lx-4011	contraprestació	noun	3897	3785	4013
4107	10	lx-3067	deontologia	noun	3898	3671	4138
4108	10	lx-3720	diplomatura	noun	3900	3785	4018
4109	10	lx-3667	dístic	noun	3900	3785	4019
4110	10	lx-1122	escorredor	noun	3901	3619	4205
4111	10	lx-2734	faristol	noun	3901	3785	4021
4112	10	lx-4015	gravamen	noun	3902	3785	4022
4113	10	lx-3491	hemistiqui	noun	3902	3785	4023
4114	10	lx-2201	herbolari	noun	3903	3785	4024
4115	10	lx-1850	samfaina	noun	3903	3660	4162
4116	10	lx-2573	omòplat	noun	3903	3654	4169
4117	10	lx-3275	idiosincràsia	noun	3904	3785	4026
4118	10	lx-3449	isoglossa	noun	3905	3785	4029
4119	10	lx-3312	accionariat	noun	3906	3785	4030
4120	10	lx-3184	rejovenir	verb	3906	3572	4271
4121	10	lx-3493	elisió	noun	3906	3785	4031
4122	10	lx-3550	melangiós	adjective	3908	3785	4034
4123	10	lx-4053	mindfulness	noun	3908	3785	4035
4124	10	lx-3403	minifundi	noun	3908	3785	4036
4125	10	lx-3651	retrospectivament	adverb	3910	3785	4039
4126	10	lx-3070	sil·logisme	noun	3910	3785	4040
4127	10	lx-3366	subvertir	verb	3911	3785	4042
4128	10	lx-3547	inescrutable	adjective	3912	3625	4222
4129	10	lx-2265	endossar	verb	3912	3566	4292
4130	10	lx-4029	intermodal	adjective	3913	3785	4046
4131	10	lx-3988	aculturació	noun	3914	3785	4047
4132	10	lx-3672	hexàmetre	noun	3915	3785	4049
4133	10	lx-1725	amassar	verb	3917	3785	4053
4134	10	lx-2664	esclerosi	noun	3918	3785	4055
4135	10	lx-3591	evapotranspiració	noun	3918	3785	4056
4136	10	lx-3061	hermenèutica	noun	3919	3785	4057
4137	10	lx-3950	tonificar	verb	3919	3785	4058
4138	10	lx-3389	vexil·lologia	noun	3920	3785	4060
4139	10	lx-1848	xató	noun	3921	3785	4061
4140	10	lx-3530	apriorisme	noun	3921	3785	4062
4141	10	lx-2578	cúbit	noun	3922	3583	4292
4142	10	lx-3573	atzarós	adjective	3922	3785	4063
4143	10	lx-2592	barraquisme	noun	3923	3785	4065
4144	10	lx-4024	cabotatge	noun	3923	3785	4067
4145	10	lx-3514	catabolisme	noun	3924	3785	4068
4146	10	lx-3400	censatari	adjective	3924	3785	4069
4147	10	lx-2528	convalidació	noun	3925	3785	4070
4148	10	lx-3650	correlativament	adverb	3925	3785	4071
4149	10	lx-2681	còlic	noun	3926	3785	4073
4150	10	lx-3418	dació	noun	3927	3785	4074
4151	10	lx-2421	depreciació	noun	3927	3785	4075
4152	10	lx-4048	despersonalització	noun	3928	3785	4077
4153	10	lx-3538	dicotiledònia	noun	3929	3785	4078
4154	10	lx-3102	digressió	noun	3929	3785	4079
4155	10	lx-3956	esprintar	verb	3930	3785	4081
4156	10	lx-4046	catatonia	noun	3931	3601	4292
4157	10	lx-3290	externalitzar	verb	3932	3785	4084
4158	10	lx-2756	narcisisme	noun	3932	3768	4104
4159	10	lx-2004	hipotenusa	noun	3933	3785	4086
4160	10	lx-3473	incunable	noun	3934	3785	4088
4161	10	lx-2603	indigència	noun	3934	3785	4089
4162	10	lx-3580	indolent	adjective	3935	3785	4090
4163	10	lx-3585	eixarreït	adjective	3935	3607	4292
4164	10	lx-3576	infaust	adjective	3935	3785	4091
4165	10	lx-3638	inqüestionablement	adverb	3936	3785	4092
4166	10	lx-2644	interlocutòria	noun	3936	3785	4093
4167	10	lx-1465	internauta	noun	3936	3785	4094
4168	10	lx-3561	inveterat	adjective	3937	3785	4095
4169	10	lx-2311	acidificació	noun	3938	3785	4097
4170	10	lx-3551	efervescent	adjective	3938	3785	4098
4171	10	lx-2410	estagflació	noun	3939	3785	4099
4172	10	lx-3100	exordi	noun	3939	3785	4100
4173	10	lx-1721	maridatge	noun	3940	3785	4101
4174	10	lx-2595	mendicitat	noun	3940	3785	4102
4175	10	lx-3148	multiplexació	noun	3941	3785	4103
4176	10	lx-3610	narcolèpsia	noun	3942	3785	4105
4177	10	lx-3501	nosocomial	adjective	3942	3785	4106
4178	10	lx-3480	palimpsest	noun	3943	3785	4107
4179	10	lx-3529	auscultar	verb	3943	3622	4292
4180	10	lx-4179	saludat	noun	3943	3623	4292
4181	10	lx-4005	plusvàlua	noun	3944	3785	4109
4182	10	lx-3502	profilaxi	noun	3944	3785	4110
4183	10	lx-3520	prurit	noun	3945	3785	4111
4184	10	lx-3555	catàrtic	adjective	3945	3720	4183
4185	10	lx-2593	subdesenvolupament	noun	3945	3785	4112
4186	10	lx-3699	temari	noun	3946	3785	4113
4187	10	lx-1854	melindro	noun	3946	3628	4292
4188	10	lx-3984	xenofòbia	noun	3947	3785	4115
4189	10	lx-1836	sabatilla	noun	3947	3642	4277
4190	10	lx-3431	dialectologia	noun	3947	3785	4116
4191	10	lx-1304	pegament	noun	3947	3630	4292
4192	10	lx-3471	exegesi	noun	3948	3785	4118
4193	10	lx-3450	koiné	noun	3948	3785	4119
4194	10	lx-3503	anamnesi	noun	3949	3785	4120
4195	10	lx-1613	gatejar	verb	3949	3702	4213
4196	10	lx-2203	aromateràpia	noun	3949	3785	4121
4197	10	lx-3353	aïllacionisme	noun	3950	3785	4122
4198	10	lx-1713	segonament	adverb	3950	3785	4123
4199	10	lx-2673	arrítmia	noun	3952	3785	4126
4200	10	lx-3274	empastament	noun	3952	3718	4201
4201	10	lx-2085	palpar	verb	3952	3757	4158
4202	10	lx-3548	atàvic	adjective	3953	3785	4128
4203	10	lx-3587	borrasca	noun	3953	3785	4129
4204	10	lx-2005	catet	noun	3954	3785	4130
4205	10	lx-3614	somatosensorial	adjective	3954	3785	4131
4206	10	lx-3361	clientelisme	noun	3955	3645	4292
4207	10	lx-3989	empadronament	noun	3956	3785	4134
4208	10	lx-3363	prevaricar	verb	3956	3646	4292
4209	10	lx-3325	escorrentia	noun	3956	3785	4135
4210	10	lx-3553	dantesc	adjective	3957	3785	4136
4211	10	lx-3306	testaferro	noun	3957	3648	4292
4212	10	lx-3307	desregular	verb	3958	3785	4139
4213	10	lx-3083	tautologia	noun	3958	3659	4282
4214	10	lx-3080	diatriba	noun	3959	3785	4140
4215	10	lx-3468	diegètic	adjective	3959	3785	4141
4216	10	lx-1856	ensaïmada	noun	3960	3785	4144
4217	10	lx-4027	estibar	verb	3961	3785	4146
4218	10	lx-3448	hiat	noun	3962	3785	4148
4219	10	lx-3563	impertorbable	adjective	3964	3785	4151
4220	10	lx-2843	laberíntic	adjective	3964	3785	4152
4221	10	lx-2221	mantra	noun	3965	3785	4153
4222	10	lx-3263	metaanàlisi	noun	3966	3785	4155
4223	10	lx-3056	monisme	noun	3966	3785	4156
4224	10	lx-3451	pidgin	noun	3968	3785	4159
4225	10	lx-2434	proveta	noun	3968	3785	4160
4226	10	lx-3536	pteridòfit	noun	3969	3785	4161
4227	10	lx-3546	sempitern	adjective	3970	3785	4163
4228	10	lx-3266	subsumir	verb	3970	3785	4164
4229	10	lx-3335	conservacionisme	noun	3970	3763	4189
4230	10	lx-3682	tetràmetre	noun	3970	3785	4165
4231	10	lx-2072	corà	noun	3971	3785	4166
4232	10	lx-3899	extorquir	verb	3971	3785	4167
4233	10	lx-3060	fenomenologia	noun	3972	3785	4168
4234	10	lx-2581	fascitis	noun	3972	3749	4209
4235	10	lx-3259	prolegomen	noun	3973	3785	4170
4236	10	lx-3059	teodicea	noun	3974	3785	4172
4237	10	lx-3411	comís	noun	3975	3773	4187
4238	10	lx-2679	apendicitis	noun	3975	3785	4174
4239	10	lx-3495	assonància	noun	3975	3785	4175
4240	10	lx-3358	bel·ligerància	noun	3976	3785	4176
4241	10	lx-3330	biogàs	noun	3976	3785	4177
4242	10	lx-3369	bipartidisme	noun	3977	3785	4178
4243	10	lx-3114	booleà	adjective	3977	3785	4179
4244	10	lx-1843	caneló	noun	3978	3785	4180
4245	10	lx-1733	caramel·litzar	verb	3978	3785	4181
4246	10	lx-3543	cnidari	noun	3980	3785	4185
4247	10	lx-3090	demagògia	noun	3980	3777	4194
4248	10	lx-3334	compostatge	noun	3980	3785	4186
4249	10	lx-3652	retroactivament	adverb	3982	3710	4273
4250	10	lx-4025	consignatari	noun	3982	3785	4190
4251	10	lx-3572	consubstancial	adjective	3983	3785	4191
4252	10	lx-2285	deforestació	noun	3984	3785	4193
4253	10	lx-2612	desposseïment	noun	3985	3785	4195
4254	10	lx-3378	diacronia	noun	3985	3785	4196
4255	10	lx-4049	disfòria	noun	3986	3785	4198
4256	10	lx-4038	egocentrisme	noun	3987	3785	4199
4257	10	lx-3533	emergentisme	noun	3987	3785	4200
4258	10	lx-3889	hummus	noun	3988	3769	4219
4259	10	lx-3489	encavalcament	noun	3988	3785	4202
4260	10	lx-2691	endoscòpia	noun	3989	3785	4203
4261	10	lx-2580	escàpula	noun	3990	3785	4206
4262	10	lx-3613	psicometria	noun	3991	3739	4259
4263	10	lx-3637	fefaentment	adverb	3992	3785	4210
4264	10	lx-1858	xuxo	noun	3993	3714	4292
4265	10	lx-2678	gastritis	noun	3993	3785	4212
4266	10	lx-3344	gaubança	noun	3994	3785	4214
4267	10	lx-3564	immanent	adjective	3995	3782	4220
4268	10	lx-3258	heurístic	adjective	3995	3785	4217
4269	10	lx-3517	hipovolèmic	adjective	3996	3785	4218
4270	10	lx-3264	intertextualitat	noun	3998	3785	4223
4271	10	lx-2767	introversió	noun	3998	3785	4224
4272	10	lx-3349	irredemptisme	noun	3999	3785	4225
4273	10	lx-2550	isquiotibial	noun	3999	3785	4226
4274	10	lx-3044	axiologia	noun	4000	3785	4227
4275	10	lx-3718	xuleta	noun	4000	3728	4292
4276	10	lx-3605	electroencefalografia	noun	4000	3785	4228
4277	10	lx-1517	dormilega	noun	4001	3729	4292
4278	10	lx-2590	estigmatització	noun	4001	3785	4229
4279	10	lx-4040	euforia	noun	4001	3730	4292
4280	10	lx-1812	estoïcisme	noun	4001	3785	4230
4281	10	lx-3046	hedonisme	noun	4002	3785	4231
4282	10	lx-3434	homonímia	noun	4002	3785	4232
4283	10	lx-3481	oxímoron	noun	4003	3785	4233
4284	10	lx-3579	letàrgic	adjective	4003	3785	4234
4285	10	lx-3429	lexicologia	noun	4004	3785	4235
4286	10	lx-2424	lliurecanvisme	noun	4004	3785	4236
4287	10	lx-0402	xarcuteria	noun	4005	3737	4292
4288	10	lx-3439	metonímia	noun	4006	3785	4240
4289	10	lx-3604	mielinització	noun	4007	3785	4241
4290	10	lx-3539	monocotiledònia	noun	4007	3785	4242
4291	10	lx-3678	monodia	noun	4007	3785	4243
4292	10	lx-3469	mímesi	noun	4008	3785	4244
4293	10	lx-4001	avalador	noun	4008	3743	4292
4294	10	lx-3599	neuroplasticitat	noun	4008	3785	4245
4295	10	lx-3619	neurotoxicitat	noun	4009	3785	4246
4296	10	lx-4035	corporativisme	noun	4009	3745	4292
4297	10	lx-3607	neurotròfic	adjective	4009	3785	4247
4298	10	lx-1845	panellet	noun	4010	3785	4248
4299	10	lx-1328	transbordar	verb	4010	3747	4292
4300	10	lx-3498	patogènesi	noun	4011	3785	4250
4301	10	lx-3640	peremptòriament	adverb	4012	3785	4252
4302	10	lx-2680	peritonitis	noun	4012	3785	4253
4303	10	lx-3324	permafrost	noun	4013	3785	4254
4304	10	lx-3662	plausiblement	adverb	4013	3785	4255
4305	10	lx-3078	sofisma	noun	4013	3753	4292
4306	10	lx-3303	proactivitat	noun	4014	3785	4257
4307	10	lx-3612	psicoacústica	noun	4015	3785	4258
4308	10	lx-2345	pèl·let	noun	4016	3785	4262
4309	10	lx-3496	quarteta	noun	4017	3785	4263
4310	10	lx-3488	quiasme	noun	4017	3785	4264
4311	10	lx-4012	desgravació	noun	4018	3761	4292
4312	10	lx-3552	quimèric	adjective	4018	3785	4265
4313	10	lx-2551	quàdriceps	noun	4018	3785	4266
4314	10	lx-3582	recalcitrant	adjective	4019	3785	4268
4315	10	lx-1943	reintegrament	noun	4020	3785	4270
4316	10	lx-3243	relativitzar	verb	4021	3785	4272
4317	10	lx-3375	revisionisme	noun	4022	3785	4274
4318	10	lx-3716	revàlida	noun	4023	3785	4275
4319	10	lx-3492	sinalefa	noun	4024	3785	4278
4320	10	lx-3647	solidàriament	adverb	4024	3785	4279
4321	10	lx-2753	somatitzar	verb	4025	3785	4280
4322	10	lx-3648	subsidiàriament	adverb	4025	3785	4281
4323	10	lx-3635	taxativament	adverb	4026	3785	4283
4324	10	lx-3058	teleologia	noun	4027	3785	4284
4325	10	lx-3663	versemblantment	adverb	4029	3785	4289
4326	10	lx-3341	zooplàncton	noun	4030	3785	4291
4327	10	lx-4266	de debò	phrase	4031	3785	4292
4328	10	lx-1716	sofregir	verb	4031	3785	4292
4329	10	lx-0019	per què	adverb	4031	3785	4292
4330	10	lx-0156	cap a	preposition	4031	3785	4292
4331	10	lx-0157	des de	preposition	4031	3785	4292
4332	10	lx-0160	per això	conjunction	4031	3785	4292
4333	10	lx-0167	de vegades	adverb	4031	3785	4292
4334	10	lx-0284	bon dia	phrase	4031	3785	4292
4335	10	lx-0285	bona nit	phrase	4031	3785	4292
4336	10	lx-0286	molt de gust	phrase	4031	3785	4292
4337	10	lx-0287	fins després	phrase	4031	3785	4292
4338	10	lx-0288	de res	phrase	4031	3785	4292
4339	10	lx-0515	encara que	conjunction	4031	3785	4292
4340	10	lx-0685	a sobre	preposition	4031	3785	4292
4341	10	lx-0688	com si	conjunction	4031	3785	4292
4342	10	lx-0868	d'altra banda	conjunction	4031	3785	4292
4343	10	lx-0870	d'aquella manera	adverb	4031	3785	4292
4344	10	lx-0871	per exemple	conjunction	4031	3785	4292
4345	10	lx-0874	des d'aleshores	conjunction	4031	3785	4292
4346	10	lx-0875	d'ençà	preposition	4031	3785	4292
4347	10	lx-0876	fins i tot	conjunction	4031	3785	4292
4348	10	lx-0880	com més	conjunction	4031	3785	4292
4349	10	lx-0881	tant com	conjunction	4031	3785	4292
4350	10	lx-0882	a mesura que	conjunction	4031	3785	4292
4351	10	lx-0913	pa amb tomàquet	noun	4031	3785	4292
4352	10	lx-1034	així que	conjunction	4031	3785	4292
4353	10	lx-1035	per tant	conjunction	4031	3785	4292
4354	10	lx-1036	a més	adverb	4031	3785	4292
4355	10	lx-1037	a vegades	adverb	4031	3785	4292
4356	10	lx-1039	d'hora	adverb	4031	3785	4292
4357	10	lx-1051	correu electrònic	noun	4031	3785	4292
4358	10	lx-1161	quadrimestre	noun	4031	3785	4292
4359	10	lx-1172	penya-segat	noun	4031	3785	4292
4360	10	lx-1212	m'agrada	noun	4031	3785	4292
4361	10	lx-1214	influenciador	noun	4031	3785	4292
4362	10	lx-1297	clau anglesa	noun	4031	3785	4292
4363	10	lx-1298	cinta mètrica	noun	4031	3785	4292
4364	10	lx-1301	caixa d'eines	noun	4031	3785	4292
4365	10	lx-1305	cinta aïllant	noun	4031	3785	4292
4366	10	lx-1388	males herbes	noun	4031	3785	4292
4367	10	lx-1471	viralitzar	verb	4031	3785	4292
4368	10	lx-1525	donar gat per llebre	verb	4031	3785	4292
4369	10	lx-1710	ja que	conjunction	4031	3785	4292
4370	10	lx-1711	tot i que	conjunction	4031	3785	4292
4371	10	lx-1714	en resum	adverb	4031	3785	4292
4372	10	lx-1715	és a dir	adverb	4031	3785	4292
4373	10	lx-1829	emprovador	noun	4031	3785	4292
4374	10	lx-1840	romesco	noun	4031	3785	4292
4375	10	lx-1841	suquet	noun	4031	3785	4292
4376	10	lx-1849	fricandó	noun	4031	3785	4292
4377	10	lx-1852	escalivada	noun	4031	3785	4292
4378	10	lx-1860	carquinyoli	noun	4031	3785	4292
4379	10	lx-2032	contraproposta	noun	4031	3785	4292
4380	10	lx-2123	big-bang	noun	4031	3785	4292
4381	10	lx-2200	naturopatia	noun	4031	3785	4292
4382	10	lx-2209	reflexologia	noun	4031	3785	4292
4383	10	lx-2211	ayurveda	noun	4031	3785	4292
4384	10	lx-2216	osteopatia	noun	4031	3785	4292
4385	10	lx-2218	quiromassatge	noun	4031	3785	4292
4386	10	lx-2220	ayunar	verb	4031	3785	4292
4387	10	lx-2246	euríbor	noun	4031	3785	4292
4388	10	lx-2251	morositat	noun	4031	3785	4292
4389	10	lx-2260	subrogació	noun	4031	3785	4292
4390	10	lx-2261	novació	noun	4031	3785	4292
4391	10	lx-2264	pignorar	verb	4031	3785	4292
4392	10	lx-2284	desertificació	noun	4031	3785	4292
4393	10	lx-2350	descarbonització	noun	4031	3785	4292
4394	10	lx-2379	teletreball	noun	4031	3785	4292
4395	10	lx-2472	autorretrat	noun	4031	3785	4292
4396	10	lx-2526	tesina	noun	4031	3785	4292
4397	10	lx-2552	deltoide	noun	4031	3785	4292
4398	10	lx-2571	cinesiologia	noun	4031	3785	4292
4399	10	lx-2585	sensellarisme	noun	4031	3785	4292
4400	10	lx-2601	acaparament	noun	4031	3785	4292
4401	10	lx-2605	iniquitat	noun	4031	3785	4292
4402	10	lx-2606	assistencialisme	noun	4031	3785	4292
4403	10	lx-2610	infrahabitatge	noun	4031	3785	4292
4404	10	lx-2625	precaritzar	verb	4031	3785	4292
4405	10	lx-2682	herniació	noun	4031	3785	4292
4406	10	lx-2694	electrocardiograma	noun	4031	3785	4292
4407	10	lx-2752	assertivitat	noun	4031	3785	4292
4408	10	lx-2759	bipolaritat	noun	4031	3785	4292
4409	10	lx-2764	hipocondria	noun	4031	3785	4292
4410	10	lx-2790	superilla	noun	4031	3785	4292
4411	10	lx-2803	vianantitzar	verb	4031	3785	4292
4412	10	lx-2882	gasiu	adjective	4031	3785	4292
4413	10	lx-2893	de sobte	phrase	4031	3785	4292
4414	10	lx-2894	tot just	phrase	4031	3785	4292
4415	10	lx-2895	a poc a poc	phrase	4031	3785	4292
4416	10	lx-2896	de mica en mica	phrase	4031	3785	4292
4417	10	lx-2897	de pressa	phrase	4031	3785	4292
4418	10	lx-2917	tot seguit	phrase	4031	3785	4292
4419	10	lx-2918	de seguida	phrase	4031	3785	4292
4420	10	lx-2958	sobreajustament	noun	4031	3785	4292
4421	10	lx-2968	optimitzador	noun	4031	3785	4292
4422	10	lx-2969	preguntar per	verb	4031	3785	4292
4423	10	lx-2970	no obstant això	phrase	4031	3785	4292
4424	10	lx-2971	així doncs	phrase	4031	3785	4292
4425	10	lx-2972	en conseqüència	phrase	4031	3785	4292
4426	10	lx-2974	per contra	phrase	4031	3785	4292
4427	10	lx-2975	en canvi	phrase	4031	3785	4292
4428	10	lx-2976	a més a més	phrase	4031	3785	4292
4429	10	lx-2977	així mateix	phrase	4031	3785	4292
4430	10	lx-2979	en primer lloc	phrase	4031	3785	4292
4431	10	lx-2980	d'entrada	phrase	4031	3785	4292
4432	10	lx-2981	en darrer terme	phrase	4031	3785	4292
4433	10	lx-2982	per concloure	phrase	4031	3785	4292
4434	10	lx-2983	en definitiva	phrase	4031	3785	4292
4435	10	lx-2984	a tall de conclusió	phrase	4031	3785	4292
4436	10	lx-2985	de fet	phrase	4031	3785	4292
4437	10	lx-2986	en realitat	phrase	4031	3785	4292
4438	10	lx-2987	en efecte	phrase	4031	3785	4292
4439	10	lx-2989	en particular	phrase	4031	3785	4292
4440	10	lx-2992	a saber	phrase	4031	3785	4292
4441	10	lx-2993	o sigui	phrase	4031	3785	4292
4442	10	lx-2994	això és	phrase	4031	3785	4292
4443	10	lx-2995	de la mateixa manera	phrase	4031	3785	4292
4444	10	lx-2996	en qualsevol cas	phrase	4031	3785	4292
4445	10	lx-2997	de tota manera	phrase	4031	3785	4292
4446	10	lx-2998	sigui com sigui	phrase	4031	3785	4292
4447	10	lx-2999	a fi de comptes	phrase	4031	3785	4292
4448	10	lx-3000	si més no	phrase	4031	3785	4292
4449	10	lx-3001	posat que	phrase	4031	3785	4292
4450	10	lx-3002	atès que	phrase	4031	3785	4292
4451	10	lx-3003	vist que	phrase	4031	3785	4292
4452	10	lx-3004	com que	phrase	4031	3785	4292
4453	10	lx-3005	a causa de	phrase	4031	3785	4292
4454	10	lx-3006	gràcies a	phrase	4031	3785	4292
4455	10	lx-3007	pel que fa a	phrase	4031	3785	4292
4456	10	lx-3008	quant a	phrase	4031	3785	4292
4457	10	lx-3009	respecte a	phrase	4031	3785	4292
4458	10	lx-3010	al cap i a la fi	phrase	4031	3785	4292
4459	10	lx-3011	en comptes de	phrase	4031	3785	4292
4460	10	lx-3012	a condició que	phrase	4031	3785	4292
4461	10	lx-3013	per tal que	phrase	4031	3785	4292
4462	10	lx-3020	sismorresistent	adjective	4031	3785	4292
4463	10	lx-3050	solipsisme	noun	4031	3785	4292
4464	10	lx-3054	immanència	noun	4031	3785	4292
4465	10	lx-3062	panteïsme	noun	4031	3785	4292
4466	10	lx-3063	deisme	noun	4031	3785	4292
4467	10	lx-3069	ataràxia	noun	4031	3785	4292
4468	10	lx-3082	pleonasme	noun	4031	3785	4292
4469	10	lx-3092	contraargument	noun	4031	3785	4292
4470	10	lx-3101	peroració	noun	4031	3785	4292
4471	10	lx-3105	fal·libilitat	noun	4031	3785	4292
4472	10	lx-3185	transmudar	verb	4031	3785	4292
4473	10	lx-3276	integrisme	noun	4031	3785	4292
4474	10	lx-3279	sismoresistent	adjective	4031	3785	4292
4475	10	lx-3282	horitzó d'esdeveniments	noun	4031	3785	4292
4476	10	lx-3283	mecànica quàntica	noun	4031	3785	4292
4477	10	lx-3289	palanquejament	noun	4031	3785	4292
4478	10	lx-3295	oligopoli	noun	4031	3785	4292
4479	10	lx-3314	amb tot	adverb	4031	3785	4292
4480	10	lx-3315	ben mirat	adverb	4031	3785	4292
4481	10	lx-3316	deixant de banda	phrase	4031	3785	4292
4482	10	lx-3337	edàfic	adjective	4031	3785	4292
4483	10	lx-3346	esbalaïment	noun	4031	3785	4292
4484	10	lx-3348	plutocràcia	noun	4031	3785	4292
4485	10	lx-3351	bilateralisme	noun	4031	3785	4292
4486	10	lx-3352	multilateralisme	noun	4031	3785	4292
4487	10	lx-3383	prosopografia	noun	4031	3785	4292
4488	10	lx-3388	sigil·lografia	noun	4031	3785	4292
4489	10	lx-3408	derrogar	verb	4031	3785	4292
4490	10	lx-3409	alienable	adjective	4031	3785	4292
4491	10	lx-3419	peremptori	adjective	4031	3785	4292
4492	10	lx-3420	fedatari	noun	4031	3785	4292
4493	10	lx-3421	concussió	noun	4031	3785	4292
4494	10	lx-3423	eximent	noun	4031	3785	4292
4495	10	lx-3433	polisèmia	noun	4031	3785	4292
4496	10	lx-3436	antonímia	noun	4031	3785	4292
4497	10	lx-3437	hiponímia	noun	4031	3785	4292
4498	10	lx-3438	hiperonímia	noun	4031	3785	4292
4499	10	lx-3440	deïxi	noun	4031	3785	4292
4500	10	lx-3446	coarticulació	noun	4031	3785	4292
4501	10	lx-3453	diglòssia	noun	4031	3785	4292
4502	10	lx-3458	parasíntesi	noun	4031	3785	4292
4503	10	lx-3461	metaficció	noun	4031	3785	4292
4504	10	lx-3465	narratari	noun	4031	3785	4292
4505	10	lx-3466	analepsi	noun	4031	3785	4292
4506	10	lx-3467	prolepsi	noun	4031	3785	4292
4507	10	lx-3472	codicologia	noun	4031	3785	4292
4508	10	lx-3475	crestomatia	noun	4031	3785	4292
4509	10	lx-3476	florilegi	noun	4031	3785	4292
4510	10	lx-3482	distopia	noun	4031	3785	4292
4511	10	lx-3485	prosopopeia	noun	4031	3785	4292
4512	10	lx-3487	hipèrbaton	noun	4031	3785	4292
4513	10	lx-3494	isosil·labisme	noun	4031	3785	4292
4514	10	lx-3508	teratogènic	adjective	4031	3785	4292
4515	10	lx-3510	hemodinàmic	adjective	4031	3785	4292
4516	10	lx-3511	farmacocinètica	noun	4031	3785	4292
4517	10	lx-3512	posologia	noun	4031	3785	4292
4518	10	lx-3515	anabolisme	noun	4031	3785	4292
4519	10	lx-3519	eritema	noun	4031	3785	4292
4520	10	lx-3522	astènia	noun	4031	3785	4292
4521	10	lx-3523	caquèxia	noun	4031	3785	4292
4522	10	lx-3525	recidiva	noun	4031	3785	4292
4523	10	lx-3526	parestèsia	noun	4031	3785	4292
4524	10	lx-3527	analgèsia	noun	4031	3785	4292
4525	10	lx-3531	cognoscitiu	adjective	4031	3785	4292
4526	10	lx-3532	entelèquia	noun	4031	3785	4292
4527	10	lx-3535	consubstancialitat	noun	4031	3785	4292
4528	10	lx-3540	ascomicet	noun	4031	3785	4292
4529	10	lx-3558	evanescent	adjective	4031	3785	4292
4530	10	lx-3559	impalpable	adjective	4031	3785	4292
4531	10	lx-3566	proterv	adjective	4031	3785	4292
4532	10	lx-3574	ineluctable	adjective	4031	3785	4292
4533	10	lx-3577	lòbreg	adjective	4031	3785	4292
4534	10	lx-3583	pusil·lànime	adjective	4031	3785	4292
4535	10	lx-3588	ciclogènesi	noun	4031	3785	4292
4536	10	lx-3589	cirrocúmul	noun	4031	3785	4292
4537	10	lx-3592	gota freda	noun	4031	3785	4292
4538	10	lx-3593	isòbara	noun	4031	3785	4292
4539	10	lx-3594	litometeor	noun	4031	3785	4292
4540	10	lx-3595	nefelòmetre	noun	4031	3785	4292
4541	10	lx-3596	rufa	noun	4031	3785	4292
4542	10	lx-3601	metacognició	noun	4031	3785	4292
4543	10	lx-3602	apràxia	noun	4031	3785	4292
4544	10	lx-3608	sinaptogènesi	noun	4031	3785	4292
4545	10	lx-3611	neuroendocrinologia	noun	4031	3785	4292
4546	10	lx-3615	discinèsia	noun	4031	3785	4292
4547	10	lx-3616	hiperestèsia	noun	4031	3785	4292
4548	10	lx-3618	al·lòstasi	noun	4031	3785	4292
4549	10	lx-3621	desmielinitzar	verb	4031	3785	4292
4550	10	lx-3622	somatotòpic	adjective	4031	3785	4292
4551	10	lx-3623	neuroprotecció	noun	4031	3785	4292
4552	10	lx-3629	palesament	adverb	4031	3785	4292
4553	10	lx-3632	ineludiblement	adverb	4031	3785	4292
4554	10	lx-3639	incontrovertiblement	adverb	4031	3785	4292
4555	10	lx-3641	imperativament	adverb	4031	3785	4292
4556	10	lx-3642	prescriptivament	adverb	4031	3785	4292
4557	10	lx-3643	normativament	adverb	4031	3785	4292
4558	10	lx-3644	consuetudinàriament	adverb	4031	3785	4292
4559	10	lx-3653	prospectivament	adverb	4031	3785	4292
4560	10	lx-3656	pragmàticament	adverb	4031	3785	4292
4561	10	lx-3660	veladament	adverb	4031	3785	4292
4562	10	lx-3665	anisosil·làbic	adjective	4031	3785	4292
4563	10	lx-3668	dodecasíl·lab	noun	4031	3785	4292
4564	10	lx-3670	esticomítia	noun	4031	3785	4292
4565	10	lx-3671	heptasíl·lab	noun	4031	3785	4292
4566	10	lx-3673	hiperbàton	noun	4031	3785	4292
4567	10	lx-3674	isosil·làbic	adjective	4031	3785	4292
4568	10	lx-3679	pantoum	noun	4031	3785	4292
4569	10	lx-3681	safisme	noun	4031	3785	4292
4570	10	lx-3683	esteganografia	noun	4031	3785	4292
4571	10	lx-3684	decoherència	noun	4031	3785	4292
4572	10	lx-3685	quíbit	noun	4031	3785	4292
4573	10	lx-3686	pseudoaleatorietat	noun	4031	3785	4292
4574	10	lx-3687	ciberespionatge	noun	4031	3785	4292
4575	10	lx-3689	postquàntic	adjective	4031	3785	4292
4576	10	lx-3690	biometria	noun	4031	3785	4292
4577	10	lx-3692	incomputabilitat	noun	4031	3785	4292
4578	10	lx-3693	ciberdelinqüència	noun	4031	3785	4292
4579	10	lx-3697	mediastinoscòpia	noun	4031	3785	4292
4580	10	lx-3698	rombencèfal	noun	4031	3785	4292
4581	10	lx-3752	apòsit	noun	4031	3785	4292
4582	10	lx-3859	casc antic	noun	4031	3785	4292
4583	10	lx-3885	wok	noun	4031	3785	4292
4584	10	lx-3890	falàfel	noun	4031	3785	4292
4585	10	lx-3891	ratllador	noun	4031	3785	4292
4586	10	lx-3908	banda sonora	noun	4031	3785	4292
4587	10	lx-3909	efectes especials	noun	4031	3785	4292
4588	10	lx-3925	medi ambient	noun	4031	3785	4292
4589	10	lx-3926	canvi climàtic	noun	4031	3785	4292
4590	10	lx-3995	ciberseguretat	noun	4031	3785	4292
4591	10	lx-4002	rescissió	noun	4031	3785	4292
4592	10	lx-4004	prorrateig	noun	4031	3785	4292
4593	10	lx-4009	subarrendament	noun	4031	3785	4292
4594	10	lx-4013	diferiment	noun	4031	3785	4292
4595	10	lx-4026	desabastament	noun	4031	3785	4292
4596	10	lx-4030	paletització	noun	4031	3785	4292
4597	10	lx-4036	somatització	noun	4031	3785	4292
4598	10	lx-4043	mitomania	noun	4031	3785	4292
4599	10	lx-4050	fabulació	noun	4031	3785	4292
4600	10	lx-4052	logoteràpia	noun	4031	3785	4292
4601	10	lx-4071	suspendrà	noun	4031	3785	4292
4602	10	lx-4074	visitaríem	noun	4031	3785	4292
4603	10	lx-4082	lhi	noun	4031	3785	4292
4604	10	lx-4203	visitem	noun	4031	3785	4292
4605	10	lx-4218	Valencià/Balear	noun	4031	3785	4292
4606	10	lx-4307	apujarien	noun	4031	3785	4292
4607	10	lx-4380	a través de	phrase	4031	3785	4292
4608	10	lx-4388	al voltant de	phrase	4031	3785	4292
4609	10	lx-4616	de bell antuvi	phrase	4031	3785	4292
