rank	band	lexemeId	target	pos	blendedScore	subs	wiki	curated
1	1	lx-0001	و	conjunction	1	6	1	1
2	1	lx-0002	در	preposition	3	17	2	2
3	1	lx-0003	به	preposition	3	3	3	3
4	1	lx-0004	از	preposition	4	7	4	4
5	1	lx-0005	که	conjunction	5	2	6	5
6	1	lx-0006	این	determiner	7	9	8	6
7	1	lx-0097	کردن	verb	8	1	9	11
8	1	lx-0008	با	preposition	8	13	12	7
9	1	lx-0007	را	particle	11	81	7	8
10	1	lx-0010	است	verb	12	104	10	9
11	1	lx-0011	من	pronoun	14	5	227	10
12	1	lx-0096	بودن	verb	14	4	11	18
13	1	lx-0025	یک	numeral	14	27	14	13
14	1	lx-0009	آن	determiner	18	198	15	12
15	1	lx-0024	هم	adverb	18	20	42	15
16	1	lx-0095	داشتن	verb	19	11	13	22
17	1	lx-0012	او	pronoun	20	190	19	14
18	1	lx-0149	شدن	verb	21	14	5	28
19	1	lx-0013	تو	pronoun	23	8	660	16
20	1	lx-0014	ما	pronoun	24	19	219	17
21	1	lx-0017	چه	pronoun	26	15	282	19
22	1	lx-0023	نه	interjection	26	18	207	20
23	1	lx-0026	دو	numeral	27	99	33	21
24	1	lx-0048	سال	noun	28	111	16	25
25	1	lx-0100	دادن	verb	29	29	18	32
26	1	lx-0079	کار	noun	30	23	36	30
27	1	lx-0089	رفتن	verb	32	31	27	33
28	1	lx-0016	آنها	pronoun	34	361	34	23
29	1	lx-0015	شما	pronoun	38	38	550	24
30	1	lx-0040	روز	noun	38	89	83	29
31	1	lx-0093	گفتن	verb	39	30	54	39
32	1	lx-0027	سه	numeral	40	176	100	27
33	1	lx-0153	گرفتن	verb	41	39	23	46
34	1	lx-0020	چرا	adverb	41	50	561	26
35	1	lx-0178	خود	pronoun	43	44	20	48
36	1	lx-0092	دیدن	verb	44	24	102	42
37	1	lx-0285	می	particle	47	10	37	64
38	1	lx-0037	آب	noun	49	222	84	35
39	1	lx-0018	کی	pronoun	51	70	782	31
40	1	lx-0299	برای	preposition	52	25	17	70
41	1	lx-0090	آمدن	verb	53	55	65	51
42	1	lx-0028	چهار	numeral	54	330	148	34
43	1	lx-0173	دیگر	determiner	55	33	40	63
44	1	lx-0052	پدر	noun	56	108	182	41
45	1	lx-0288	تا	preposition	57	26	21	76
46	1	lx-0169	یا	conjunction	58	59	25	67
47	1	lx-0059	مردم	noun	59	154	88	47
48	1	lx-0099	خواستن	verb	60	49	70	61
49	1	lx-0063	خوب	adjective	61	41	294	50
50	1	lx-0029	پنج	numeral	63	326	242	38
51	1	lx-0172	پس	adverb	64	47	38	73
52	1	lx-0121	دست	noun	64	58	57	66
53	1	lx-0168	اما	conjunction	65	48	41	74
54	1	lx-0034	صد	numeral	65	234	342	40
55	1	lx-0062	نام	noun	66	398	35	54
56	1	lx-0058	دوست	noun	66	52	308	53
57	1	lx-0019	کجا	adverb	66	102	1649	36
58	1	lx-0021	چطور	adverb	68	86	2167	37
59	1	lx-0289	ها	particle	69	16	80	86
60	1	lx-0166	هر	determiner	69	57	44	77
61	1	lx-0035	هزار	numeral	69	339	220	44
62	1	lx-0060	مرد	noun	71	83	193	59
63	1	lx-0055	پسر	noun	72	97	239	56
64	1	lx-0152	زدن	verb	73	35	101	78
65	1	lx-0033	ده	numeral	73	306	319	45
66	1	lx-0069	زیاد	adjective	74	120	99	65
67	1	lx-0030	شش	numeral	74	407	355	43
68	1	lx-0041	شب	noun	74	150	440	49
69	1	lx-0233	بردن	verb	75	34	71	87
70	1	lx-0049	ماه	noun	75	266	143	55
71	1	lx-0080	شهر	noun	77	200	46	71
72	1	lx-0051	مادر	noun	77	144	231	58
73	1	lx-0163	جای	noun	80	65	82	82
74	1	lx-0047	وقت	noun	80	93	515	57
75	1	lx-0061	زن	noun	81	159	121	68
76	1	lx-0036	خانه	noun	83	545	205	52
77	1	lx-0290	باید	verb	84	21	117	100
78	1	lx-0322	بر	preposition	85	92	22	105
79	1	lx-0056	دختر	noun	85	110	238	69
80	1	lx-0122	سر	noun	86	71	149	81
81	1	lx-0150	زندگی	noun	88	80	98	88
82	1	lx-0165	همه	determiner	88	42	166	90
83	1	lx-0043	امروز	adverb	89	164	432	62
84	1	lx-0070	کم	adjective	90	142	124	79
85	1	lx-0164	چیز	noun	92	28	307	92
86	1	lx-0074	کتاب	noun	95	311	79	80
87	1	lx-0301	بعد	adverb	95	61	58	111
88	1	lx-6178	عنوان	noun	96	299	31	
89	1	lx-0046	حالا	adverb	98	56	1107	72
90	1	lx-0031	هفت	numeral	99	486	393	60
91	1	lx-0329	نفر	noun	99	147	24	117
92	1	lx-0158	توانستن	verb	99	410	29	96
93	1	lx-0136	دریا	noun	100	388	39	93
94	1	lx-0167	بسیار	adverb	102	281	45	99
95	1	lx-0191	بازی	noun	102	132	77	103
96	1	lx-0180	چند	determiner	103	121	95	101
97	1	lx-0306	مورد	noun	103	100	48	118
98	1	lx-0091	خوردن	verb	104	76	366	89
99	1	lx-6167	پیدا	adjective	105	62	178	
100	1	lx-0064	بد	adjective	106	60	720	85
101	1	lx-0324	قرار	noun	106	143	30	125
102	1	lx-0161	کشور	noun	109	346	52	102
103	1	lx-0057	بچه	noun	109	67	878	84
104	1	lx-0053	برادر	noun	112	225	325	83
105	1	lx-0325	حال	noun	112	82	64	129
106	1	lx-0208	کمک	noun	112	79	156	112
107	1	lx-0339	استفاده	noun	116	172	32	135
108	1	lx-0088	زبان	noun	117	658	73	95
109	1	lx-0125	پای	noun	120	300	111	104
110	1	lx-0326	بی	preposition	120	72	89	137
111	1	lx-0155	نوشتن	verb	121	236	108	110
112	1	lx-0311	پیش	adverb	121	78	92	136
113	1	lx-0094	دانستن	verb	121	472	112	98
114	1	lx-0171	چون	conjunction	123	90	262	114
115	1	lx-0232	آوردن	verb	123	138	91	127
116	1	lx-0032	هشت	numeral	123	568	522	75
117	1	lx-0170	اگر	conjunction	124	167	141	115
118	1	lx-0314	نظر	noun	125	96	81	140
119	1	lx-0331	بیشتر	adjective	125	101	68	143
120	1	lx-0050	هفته	noun	127	239	503	91
121	1	lx-0293	فقط	adverb	129	40	258	139
122	1	lx-0337	وجود	noun	130	158	50	147
123	1	lx-0341	بزرگ	adjective	130	119	62	149
124	1	lx-0358	زمان	noun	130	133	51	152
125	2	lx-0388	کشتن	verb	131	63	97	155
126	2	lx-0303	همین	pronoun	131	69	140	144
127	2	lx-0174	اینجا	adverb	134	37	825	123
128	2	lx-0291	خیلی	adverb	135	22	529	146
129	2	lx-6185	طول	noun	135	278	66	
130	2	lx-0126	هوا	noun	136	323	171	113
131	2	lx-0101	سلام	interjection	136	84	895	108
132	2	lx-0300	هیچ	adverb	138	54	213	150
133	2	lx-0347	بالا	adverb	138	148	47	164
134	2	lx-0154	یاد	noun	140	118	372	122
135	2	lx-0042	صبح	noun	141	232	967	94
136	2	lx-0176	نزدیک	adjective	141	227	157	128
137	2	lx-0375	ساختن	verb	143	203	43	165
138	2	lx-0177	دور	adjective	143	183	202	130
139	2	lx-6155	مهم	adjective	144	199	137	138
140	2	lx-0215	شروع	noun	147	146	190	141
141	2	lx-0310	تمام	adjective	148	112	115	162
142	2	lx-0312	تنها	adjective	149	116	114	163
143	2	lx-0294	الان	adverb	150	51	297	160
144	2	lx-0071	گرم	adjective	151	471	390	107
145	2	lx-0054	خواهر	noun	153	321	643	106
146	2	lx-0123	چشم	noun	154	242	357	124
147	2	lx-6169	اولین	adjective	156	233	104	
148	2	lx-0107	خوش	adjective	156	107	1034	121
149	2	lx-0330	بار	noun	157	141	94	174
150	2	lx-0237	زمین	noun	158	195	133	157
151	2	lx-0098	خواندن	verb	159	696	203	119
152	2	lx-0370	رسیدن	verb	160	135	93	180
153	2	lx-0141	رنگ	noun	162	462	181	134
154	2	lx-0292	فکر	noun	162	32	585	172
155	2	lx-0244	جنگ	noun	163	237	85	171
156	2	lx-0297	وقتی	conjunction	167	53	358	178
157	2	lx-0199	باز	adjective	167	160	295	153
158	2	lx-0387	بخشیدن	verb	168	216	61	190
159	2	lx-0181	ساعت	noun	170	170	345	151
160	2	lx-6168	باعث	noun	171	217	135	
161	2	lx-0044	فردا	adverb	171	271	1638	109
162	2	lx-0284	اون	pronoun	173	12	1944	181
163	2	lx-0335	همون	pronoun	174	137	134	189
164	2	lx-0319	قبل	adverb	174	127	158	187
165	2	lx-0140	گل	noun	175	441	248	142
166	2	lx-0234	ماندن	verb	176	517	78	168
167	2	lx-6099	زیر	preposition	179	264	152	173
168	2	lx-0298	حرف	noun	181	66	396	188
169	2	lx-0353	اول	adjective	181	173	118	196
170	2	lx-0067	نو	adjective	182	687	597	120
171	2	lx-0156	شنیدن	verb	184	122	798	154
172	2	lx-0369	گذاشتن	verb	186	152	138	202
173	2	lx-0624	راه	noun	188	95	113	229
174	2	lx-0157	فهمیدن	verb	188	98	1028	158
175	2	lx-0305	بیرون	adverb	189	77	380	195
176	2	lx-0287	باشد	verb	190	588	55	193
177	2	lx-6180	روش	noun	191	303	120	
178	2	lx-0307	کسی	noun	192	74	417	198
179	2	lx-0066	خورد	adjective	192	527	882	126
180	2	lx-0124	دل	noun	192	218	818	148
181	2	lx-0304	هنوز	adverb	195	94	353	200
182	2	lx-0039	چای	noun	195	679	1284	116
183	2	lx-6165	دنیا	noun	196	178	215	
184	2	lx-0343	حتی	adverb	197	130	226	206
185	2	lx-0379	شناختن	verb	197	177	136	214
186	2	lx-0361	جدید	adjective	198	220	123	211
187	2	lx-0072	سرد	adjective	201	702	674	133
188	2	lx-6171	ادامه	noun	201	247	164	
189	2	lx-0022	بلی	interjection	202	1348	2427	97
190	2	lx-0144	سیاه	adjective	202	368	441	161
191	2	lx-0302	درست	adjective	203	87	439	205
192	2	lx-0242	دولت	noun	203	482	96	199
193	2	lx-0159	خوابیدن	verb	204	168	734	170
194	2	lx-6173	وارد	adjective	204	249	167	
195	2	lx-6166	یعنی	conjunction	208	175	247	
196	2	lx-0380	گشتن	verb	211	194	154	225
197	2	lx-6108	تر	adjective	212	189	296	204
198	2	lx-6187	انسان	noun	215	307	151	
199	2	lx-0382	یافتن	verb	216	571	56	230
200	2	lx-6138	برگشتن	verb	216	113	510	209
201	2	lx-0182	دقیقه	noun	217	223	525	186
202	2	lx-0315	دوباره	adverb	218	129	356	219
203	2	lx-6175	مرگ	noun	218	241	198	
204	2	lx-0133	بازار	noun	219	814	283	169
205	2	lx-6172	سمت	noun	220	238	204	
206	2	lx-0328	خدا	noun	221	91	490	224
207	2	lx-0078	معلم	noun	221	692	894	145
208	2	lx-0143	سفید	adjective	223	442	458	176
209	2	lx-1763	به هوش آمدن	verb	223	46	106	328
210	2	lx-0160	نشستن	verb	224	381	437	183
211	2	lx-0355	کنار	preposition	225	182	229	233
212	2	lx-0138	درخت	noun	226	563	391	177
213	2	lx-0212	سخت	adjective	226	259	378	203
214	2	lx-0345	دنبال	preposition	227	131	348	232
215	2	lx-6162	دوم	adjective	227	414	125	
216	2	lx-0038	نان	noun	228	1279	1137	131
217	2	lx-0045	دیروز	adverb	228	564	2490	132
218	2	lx-0196	اتاق	noun	229	213	546	201
219	2	lx-0245	خبر	noun	234	171	397	226
220	2	lx-0103	لطفاً	adverb	235	162	2762	166
221	2	lx-0137	کوه	noun	237	758	341	184
222	2	lx-0327	پول	noun	239	126	473	237
223	2	lx-0085	افغانستان	noun	240	1498	457	159
224	2	lx-0336	خاطر	noun	240	156	364	241
225	2	lx-6164	خانواده	noun	241	254	228	
226	2	lx-0266	تاریخ	noun	243	466	75	265
227	2	lx-0146	آبی	adjective	243	521	484	191
228	2	lx-0313	شاید	adverb	244	85	784	239
229	2	lx-0106	جور	adjective	244	201	2162	175
230	2	lx-0226	بلند	adjective	244	292	371	221
231	2	lx-0441	دمیدن	verb	245	109	399	259
232	2	lx-0203	آماده	adjective	246	180	733	216
233	2	lx-0117	شیر	noun	246	603	679	179
234	2	lx-0321	همیشه	adverb	246	115	588	242
235	2	lx-1149	بین	preposition	249	193	69	321
236	2	lx-0175	آنجا	adverb	250	930	209	207
237	2	lx-0200	بسته	adjective	252	373	406	218
238	2	lx-0205	خریدن	verb	252	270	533	220
239	2	lx-0190	آهنگ	noun	254	443	375	217
240	2	lx-0112	گوشت	noun	254	530	912	182
241	2	lx-0340	البته	adverb	255	174	383	254
242	2	lx-0065	کلان	adjective	255	804	1545	156
243	2	lx-0316	نگاه	noun	256	123	629	249
244	2	lx-0378	پریدن	verb	258	204	304	261
245	2	lx-0230	لباس	noun	259	244	513	234
246	2	lx-6174	ازدواج	noun	261	255	267	
247	2	lx-0077	شاگرد	noun	262	1169	876	167
248	2	lx-0104	ببخشید	interjection	264	169	3446	185
249	2	lx-0373	بستن	verb	264	202	327	266
250	2	lx-0317	گوش	noun	265	125	684	257
251	2	lx-6184	بدن	noun	267	265	270	
252	2	lx-0120	شیرین	adjective	268	596	846	194
253	2	lx-0204	تازه	adjective	269	286	624	231
254	2	lx-6100	پشت	preposition	270	207	420	262
255	2	lx-0295	توی	preposition	271	45	2283	256
256	2	lx-0148	ستاره	noun	271	544	658	208
257	2	lx-0346	اسم	noun	272	117	672	269
258	2	lx-0368	فروختن	verb	273	319	245	271
259	2	lx-0318	صحبت	noun	274	136	642	267
260	2	lx-0376	دویدن	verb	277	372	773	222
261	2	lx-0560	کشتی	noun	277	313	173	294
262	2	lx-0332	آقای	noun	277	114	794	270
263	2	lx-1134	بدون	preposition	278	105	195	347
264	2	lx-0145	سبز	adjective	280	762	579	210
265	2	lx-0247	موسیقی	noun	281	616	169	268
266	2	lx-0360	کوچک	adjective	281	540	163	276
267	2	lx-0194	روشن	adjective	281	379	601	236
268	2	lx-6176	جان	noun	282	246	323	
269	2	lx-0309	واقعاً	adverb	284	73	1442	272
270	2	lx-6102	راست	adjective	286	197	497	277
271	2	lx-0377	فرستادن	verb	286	228	386	282
272	2	lx-0509	رئیس	noun	286	252	268	295
273	2	lx-0192	فوتبال	noun	286	859	288	238
274	2	lx-0357	بهتر	adjective	286	185	506	280
275	2	lx-0658	مود	noun	287	287	187	308
276	2	lx-0350	زنده	adjective	287	196	498	279
277	2	lx-0218	بیست	numeral	287	542	379	247
278	2	lx-6177	موضوع	noun	289	289	290	
279	2	lx-6170	آخرین	adjective	290	267	316	
280	2	lx-0359	اتفاق	noun	291	212	466	283
281	2	lx-6182	خارج	noun	291	325	261	
282	2	lx-0320	آدم	noun	291	106	1062	278
283	2	lx-0784	اپلیکیشن	noun	292	269	146	332
284	2	lx-0209	درد	noun	294	295	806	248
285	2	lx-1070	دلیل	noun	294	260	105	356
286	2	lx-0383	آموختن	verb	294	513	196	287
287	2	lx-0607	طرف	noun	296	205	309	312
288	2	lx-0613	پایین	noun	296	215	291	313
289	2	lx-0240	عکس	noun	296	309	649	258
290	2	lx-0495	خون	noun	296	191	403	303
291	2	lx-6098	بعضی	adjective	297	291	377	286
292	2	lx-6179	اندازه	noun	297	273	324	
293	2	lx-0139	باغ	noun	298	964	528	223
294	2	lx-0086	کابل	noun	299	1414	891	192
295	2	lx-6181	اجازه	noun	299	224	398	
296	2	lx-0274	قانون	noun	300	317	159	330
297	2	lx-1082	نیاز	noun	301	163	176	364
298	2	lx-0614	شمال	noun	301	465	145	316
299	2	lx-0222	جواب	noun	301	210	1043	260
300	2	lx-1237	شرکت	noun	302	318	74	379
301	2	lx-0356	زود	adverb	304	151	786	291
302	2	lx-0246	سفر	noun	304	404	363	281
303	2	lx-6193	شاه	noun	305	562	165	
304	2	lx-6189	کامل	adjective	306	374	250	
305	2	lx-0323	خانم	noun	307	140	984	288
306	2	lx-0615	جنوب	noun	308	552	132	322
307	2	lx-0372	انداختن	verb	311	301	465	293
308	2	lx-0257	جوان	adjective	313	490	257	300
309	2	lx-0108	مانده	adjective	314	1260	765	215
310	2	lx-6183	لازم	adjective	316	231	431	
311	3	lx-0338	قربان	interjection	316	139	1063	296
312	3	lx-0102	تشکر	interjection	317	504	2182	213
313	3	lx-0882	متر	noun	317	815	59	359
314	3	lx-0384	پذیرفتن	verb	320	576	255	301
315	3	lx-0366	ترسیدن	verb	321	208	707	302
316	3	lx-0231	پوشیدن	verb	321	351	774	273
317	3	lx-1049	تغییر	noun	322	302	126	381
318	3	lx-0334	درباره	preposition	323	166	994	299
319	3	lx-6190	آزاد	adjective	324	347	303	
320	3	lx-0367	پرسیدن	verb	329	211	783	306
321	3	lx-1089	انتخاب	noun	329	243	147	395
322	3	lx-0142	سرخ	adjective	329	845	792	243
323	3	lx-0113	میوه	noun	329	1070	922	228
324	3	lx-0421	نمودن	verb	330	1094	127	317
325	3	lx-0259	قدیمی	adjective	332	384	370	318
326	3	lx-0406	کاشتن	verb	332	383	623	292
327	3	lx-0132	تابستان	noun	333	1393	574	240
328	3	lx-0068	کهنه	adjective	334	1286	2049	197
329	3	lx-0479	ریختن	verb	334	297	449	324
330	3	lx-0489	سنگ	noun	336	483	277	326
331	3	lx-1806	فیلم	noun	336	261	63	463
332	3	lx-0848	قسمت	noun	336	329	183	373
333	3	lx-0105	خداحافظ	interjection	338	394	3156	227
334	3	lx-0114	سیب	noun	341	822	1318	235
335	3	lx-6140	کشیدن	verb	341	316	474	327
336	3	lx-0296	مگر	conjunction	342	165	1430	304
337	3	lx-0131	زمستان	noun	343	1447	607	245
338	3	lx-0449	شوریدن	verb	344	668	233	329
339	3	lx-0147	آسمان	noun	345	831	872	255
340	3	lx-0216	درس	noun	347	535	728	285
341	3	lx-0617	غرب	noun	351	649	179	354
342	3	lx-0228	مشهور	adjective	351	949	409	290
343	3	lx-0455	نامیدن	verb	352	966	172	335
344	3	lx-0135	مسجد	noun	352	2058	447	252
345	3	lx-6070	کوتاه	adjective	353	579	273	339
346	3	lx-6188	جدا	adjective	353	322	388	
347	3	lx-0130	بهار	noun	354	1229	816	250
348	3	lx-0195	تاریک	adjective	355	475	1020	284
349	3	lx-0075	مکتب	noun	356	2517	1124	212
350	3	lx-4066	انجام	noun	357	75	67	612
351	3	lx-6186	عالی	adjective	357	288	443	
352	3	lx-0128	برف	noun	358	896	1194	251
353	3	lx-0129	آفتاب	noun	360	778	1373	253
354	3	lx-0400	رستن	verb	360	214	951	334
355	3	lx-0706	عملیات	noun	362	405	252	378
356	3	lx-0616	شرق	noun	363	662	201	362
357	3	lx-0362	زیبا	adjective	363	448	575	325
358	3	lx-0496	عشق	noun	365	250	701	349
359	3	lx-0308	ممنون	interjection	367	88	3273	323
360	3	lx-0625	مسیر	noun	368	434	317	367
361	3	lx-0474	باختن	verb	370	308	636	348
362	3	lx-0879	اره	noun	373	36	2238	409
363	3	lx-0472	پرداختن	verb	376	1003	206	353
364	3	lx-0374	شکستن	verb	377	396	714	336
365	3	lx-6106	آخر	adjective	377	279	638	363
366	3	lx-0127	باران	noun	377	1226	991	264
367	3	lx-0494	مو	noun	379	294	703	357
368	3	lx-0393	دزدیدن	verb	380	248	1035	345
369	3	lx-0267	فرهنگ	noun	382	1171	153	369
370	3	lx-0427	رساندن	verb	383	1127	217	352
371	3	lx-0701	مرض	noun	384	501	236	399
372	3	lx-0349	زنگ	noun	384	192	1610	340
373	3	lx-0333	صبر	noun	385	161	2057	337
374	3	lx-0490	خاک	noun	386	618	365	360
375	3	lx-0371	سوختن	verb	386	493	612	343
376	3	lx-0253	جشن	noun	387	428	705	344
377	3	lx-0491	آتش	noun	388	413	566	361
378	3	lx-0418	شمردن	verb	389	743	352	355
379	3	lx-1047	هدف	noun	390	342	244	431
380	3	lx-6083	سی	numeral	390	412	460	376
381	3	lx-0342	چقدر	adverb	390	179	1875	342
382	3	lx-0839	گزارش	noun	391	401	276	413
383	3	lx-0214	آرام	adjective	392	841	743	310
384	3	lx-6191	رفتار	noun	394	343	453	
385	3	lx-0197	دروازه	noun	395	744	959	307
386	3	lx-0778	دستگاه	noun	396	479	256	412
387	3	lx-1043	شکست	noun	396	358	243	437
388	3	lx-0415	بالیدن	verb	396	729	955	309
389	3	lx-0087	دری	noun	397	1549	1870	244
390	3	lx-0220	امتحان	noun	397	357	1763	315
391	3	lx-0201	امشب	adverb	398	257	2718	311
392	3	lx-0587	پرواز	noun	399	389	488	387
393	3	lx-0109	گرسنه	adjective	399	718	2700	263
394	3	lx-0678	فصل	noun	399	705	210	404
395	3	lx-1206	تولید	noun	399	765	87	462
396	3	lx-1276	مشکل	noun	403	124	467	478
397	3	lx-0524	محافظ	noun	403	327	702	380
398	3	lx-1151	داخل	preposition	403	235	332	455
399	3	lx-0219	پیاده	adverb	404	558	1182	320
400	3	lx-0632	کیلومتر	noun	405	877	199	401
401	3	lx-0450	مالیدن	verb	406	226	1249	371
402	3	lx-0243	صلح	noun	408	716	716	338
403	3	lx-0532	ساختمان	noun	409	887	253	389
404	3	lx-0593	نقشه	noun	410	283	694	400
405	3	lx-0241	باریدن	verb	411	515	1165	333
406	3	lx-6163	سوم	adjective	412	619	274	
407	3	lx-0082	سرک	noun	412	1575	2385	246
408	3	lx-0419	سپردن	verb	414	666	505	370
409	3	lx-0392	پوسیدن	verb	414	546	659	366
410	3	lx-1240	سازمان	noun	414	495	131	487
411	3	lx-0492	باد	noun	416	431	650	384
412	3	lx-6192	پادشاه	noun	417	393	442	
413	3	lx-1100	کاملاً	adverb	417	229	400	464
414	3	lx-1051	گذشته	noun	417	310	338	454
415	3	lx-0507	مامور	noun	418	348	778	388
416	3	lx-0111	برنج	noun	418	1561	1399	274
417	3	lx-0546	پل	noun	420	610	402	397
418	3	lx-0541	بانک	noun	421	555	450	398
419	3	lx-1046	تصمیم	noun	422	290	376	458
420	3	lx-0728	رخسار	noun	423	836	208	425
421	3	lx-0631	فاصله	noun	423	526	408	411
422	3	lx-0672	درجه	noun	425	626	321	417
423	3	lx-0508	مدیر	noun	426	608	463	396
424	3	lx-0352	عزیزم	noun	429	153	2806	372
425	3	lx-1071	نتیجه	noun	431	512	212	471
426	3	lx-0820	طراحی	noun	433	812	200	443
427	3	lx-1057	امنیت	noun	433	369	310	470
428	3	lx-0221	سوال	noun	433	298	2659	341
429	3	lx-0402	جستن	verb	433	605	653	383
430	3	lx-0344	خواهش	noun	435	181	2539	375
431	3	lx-0777	شبکه	noun	435	781	223	441
432	3	lx-3285	صورت	noun	435	258	53	674
433	3	lx-6045	دیوار	noun	435	477	508	418
434	3	lx-1094	معمولاً	adverb	439	606	180	483
435	3	lx-0408	آشامیدن	verb	441	314	1258	392
436	3	lx-6049	بابا	noun	441	149	1591	427
437	3	lx-0239	کاغذ	noun	444	810	992	351
438	3	lx-0486	ماهی	noun	444	532	662	403
439	3	lx-0480	سگ	noun	444	334	1081	402
440	3	lx-0741	مغز	noun	445	399	537	439
441	3	lx-0354	مامان	noun	445	157	2968	386
442	3	lx-0605	داخلی	noun	448	911	315	422
443	3	lx-1086	تلاش	noun	449	387	285	496
444	3	lx-0270	آزادی	noun	449	566	477	428
445	3	lx-0268	شعر	noun	450	842	361	420
446	3	lx-0351	لعنتی	adjective	450	145	3296	390
447	3	lx-0691	نسخه	noun	451	863	272	440
448	3	lx-6103	عقب	adverb	451	320	826	432
449	3	lx-1323	رسید	noun	452	469	161	533
450	3	lx-1069	شرایط	noun	452	461	275	489
451	3	lx-0500	بینی	noun	452	378	995	408
452	3	lx-0545	میدان	noun	452	965	350	416
453	3	lx-0537	پارک	noun	453	575	611	414
454	3	lx-0681	شدید	adjective	454	581	462	434
455	3	lx-0118	قند	noun	454	1633	1576	298
456	3	lx-0348	متاسفم	interjection	454	155	3265	391
457	3	lx-6114	قوی	adjective	456	403	670	436
458	3	lx-0835	تلویزیون	noun	457	615	320	461
459	3	lx-6001	ولی	conjunction	457	43	130	835
460	3	lx-0826	پرتره	noun	457	693	293	459
461	3	lx-0115	انگور	noun	457	1849	1498	297
462	3	lx-0604	خارجی	noun	458	884	354	429
463	3	lx-0610	مستقیم	noun	459	627	501	430
464	3	lx-0119	خوش‌مزه	adjective	464	886	3015	305
465	3	lx-1073	احساس	noun	464	206	616	507
466	3	lx-1032	واقعی	adjective	466	293	504	497
467	3	lx-1018	مشخص	adjective	468	640	234	498
468	3	lx-0265	خراب	adjective	468	359	1248	415
469	3	lx-0258	پیر	adjective	469	498	1040	407
470	3	lx-0188	مهمان	noun	470	1047	1323	346
471	3	lx-0235	کارمند	noun	470	952	1057	365
472	3	lx-0543	ماموریت	noun	470	499	803	426
473	3	lx-0538	سینما	noun	471	1052	394	424
474	3	lx-0273	جامعه	noun	471	835	322	456
475	3	lx-0792	استاد	noun	471	556	415	468
476	3	lx-1087	حق	noun	473	251	521	517
477	3	lx-0664	مه	noun	474	1131	471	410
478	3	lx-0279	ترجمه	noun	474	390	410	502
479	3	lx-1072	تأثیر	noun	476	523	271	515
480	3	lx-0227	پایتخت	noun	478	1389	793	368
481	3	lx-0662	برق	noun	479	573	571	451
482	3	lx-1807	داستان	noun	480	284	192	611
483	3	lx-0365	گریستن	verb	482	633	1022	406
484	3	lx-3632	توسط	preposition	482	333	49	751
485	3	lx-0073	مقبول	adjective	488	2911	2571	275
486	3	lx-0975	عمومی	adjective	497	806	241	518
487	3	lx-0081	قریه	noun	501	3333	2043	289
488	3	lx-0110	تشنه	adjective	504	1361	2915	319
489	3	lx-0522	کارگر	noun	504	1007	535	445
490	3	lx-6154	میزان	noun	505	1138	281	486
491	3	lx-0394	رنجیدن	verb	505	766	1017	419
492	3	lx-1068	وضعیت	noun	507	415	416	542
493	3	lx-1065	ارزش	noun	508	391	436	544
494	3	lx-0696	زخم	noun	508	463	764	482
495	3	lx-6159	کلید	noun	509	473	547	
496	3	lx-0497	سنگین	adjective	510	801	768	442
497	3	lx-0213	آسان	adjective	510	1757	844	382
498	3	lx-0254	عروسی	noun	512	538	1585	421
499	3	lx-0553	سرویس	noun	514	680	752	460
500	3	lx-0669	خشک	adjective	514	710	551	481
501	3	lx-1342	بررسی	noun	514	421	260	595
502	3	lx-0189	قصه	noun	514	1152	1477	377
503	3	lx-1052	حقیقت	noun	516	268	692	548
504	3	lx-1193	آینه	noun	516	103	1287	580
505	3	lx-6101	چپ	adjective	518	503	665	499
506	3	lx-0162	وطن	noun	519	1599	1560	358
507	3	lx-1269	پیشنهاد	noun	519	331	384	588
508	3	lx-3863	دار	noun	519	253	72	813
509	3	lx-0440	دریدن	verb	519	756	1056	433
510	3	lx-0519	وکیل	noun	520	506	1216	453
511	3	lx-1793	هنر	noun	520	430	174	644
512	3	lx-0990	مطمئن	adjective	524	134	1583	547
513	3	lx-6125	منتظر	adjective	526	263	1272	509
514	3	lx-2065	تبدیل	noun	526	345	170	681
515	3	lx-6144	جنگل	noun	528	560	613	510
516	3	lx-0485	مرغ	noun	529	645	1112	452
517	3	lx-1050	آینده	noun	532	354	583	561
518	3	lx-1906	خط	noun	532	380	191	668
519	3	lx-0238	قلم	noun	534	1316	1136	405
520	3	lx-0444	نازیدن	verb	534	892	930	447
521	3	lx-1254	حقوق	noun	534	595	237	601
522	3	lx-1099	احتمالاً	adverb	537	304	622	576
523	3	lx-0255	همسایه	noun	537	794	1288	435
524	3	lx-0272	سیاست	noun	538	942	407	514
525	3	lx-0833	روزنامه	noun	539	602	531	530
526	3	lx-0183	فامیل	noun	539	1048	2091	385
527	3	lx-6132	قیمت	noun	540	648	556	521
528	3	lx-0621	گذشتن	verb	541	675	757	493
529	3	lx-0814	نقاشی	noun	542	638	523	531
530	3	lx-1157	بنابراین	conjunction	544	525	339	592
531	3	lx-0849	سریال	noun	544	779	413	537
532	3	lx-0385	پختن	verb	545	850	1291	438
533	3	lx-0417	آزردن	verb	545	898	1097	446
534	3	lx-0184	خاله	noun	547	903	2409	393
535	3	lx-6127	ایستگاه	noun	548	622	595	529
536	3	lx-0422	سرودن	verb	549	1537	645	450
537	3	lx-0487	برگ	noun	551	1050	715	474
538	3	lx-1058	خطر	noun	551	376	589	581
539	3	lx-6011	اینکه	conjunction	553	64	162	971
540	3	lx-1232	پرداخت	noun	553	624	265	613
541	3	lx-0576	مسافر	noun	555	768	808	494
542	3	lx-1056	اعتماد	noun	556	277	813	586
543	3	lx-0782	پیام	noun	557	586	668	536
544	3	lx-3579	نیز	adverb	561	983	26	853
545	3	lx-0483	گاو	noun	563	802	1061	477
546	3	lx-0854	ورزش	noun	563	844	425	552
547	3	lx-2194	حمله	noun	565	275	240	734
548	3	lx-6109	خالی	adjective	566	439	903	546
549	3	lx-0251	مبارک	adjective	567	676	2058	444
550	3	lx-0076	پوهنتون	noun	568	3333	3390	314
551	3	lx-0363	برخاستن	verb	569	1313	1033	448
552	3	lx-0454	چسبیدن	verb	569	811	1208	473
553	3	lx-2227	قدرت	noun	570	305	211	747
554	3	lx-1375	زندان	noun	571	377	426	643
555	3	lx-1316	پخش	noun	573	522	333	637
556	3	lx-0438	وزیدن	verb	574	1482	724	472
557	3	lx-1153	اطراف	preposition	574	464	468	616
558	3	lx-1003	بیمار	adjective	575	584	464	594
559	3	lx-0656	تنگ	adjective	575	418	1381	524
560	3	lx-6052	شوهر	noun	575	382	1077	555
561	3	lx-0702	عرض	noun	576	880	592	534
562	3	lx-1864	قهرمان	noun	577	426	221	712
563	3	lx-0630	قطار	noun	581	559	1132	523
564	3	lx-0434	کاویدن	verb	581	753	1009	508
565	3	lx-0561	قایق	noun	582	541	1345	512
566	3	lx-0429	سوزاندن	verb	583	921	1259	475
567	3	lx-1440	قتل	noun	584	350	444	665
568	3	lx-0456	بوسیدن	verb	586	547	1965	484
569	3	lx-1110	قبلاً	adverb	586	245	988	621
570	3	lx-1796	نمایش	noun	587	449	235	715
571	3	lx-0151	گپ	noun	587	1540	2455	394
572	3	lx-1265	مجلس	noun	587	1004	189	649
573	3	lx-1616	فشار	noun	588	397	330	691
574	3	lx-0747	داش	noun	588	747	687	551
575	3	lx-0398	افزودن	verb	589	2439	558	469
576	3	lx-1819	باور	noun	590	187	549	723
577	3	lx-0650	تکه	noun	590	713	850	538
578	3	lx-4038	کل	noun	590	186	150	899
579	3	lx-0460	تافتن	verb	591	1072	1007	490
580	3	lx-0459	شکافتن	verb	592	997	1082	491
581	3	lx-0381	شستن	verb	592	914	1596	467
582	3	lx-1017	سبک	adjective	593	870	340	610
583	3	lx-0083	موتر	noun	595	3170	3774	331
584	3	lx-0736	گردن	noun	595	524	1055	553
585	3	lx-0116	انار	noun	596	2627	2211	374
586	3	lx-1111	بعداً	adverb	598	360	738	628
587	3	lx-0477	انگیختن	verb	598	578	1808	500
588	3	lx-0364	خندیدن	verb	599	636	2555	466
589	3	lx-1242	اداره	noun	601	478	456	654
590	3	lx-1054	افتخار	noun	602	365	812	623
591	3	lx-0768	اینترنت	noun	604	856	639	564
592	3	lx-0718	سینه	noun	604	574	1039	556
593	3	lx-6157	چیدن	verb	604	660	673	584
594	3	lx-0798	تحقیق	noun	604	726	693	572
595	3	lx-0395	بافتن	verb	606	1342	1101	480
596	3	lx-3921	جمعیت	noun	606	960	28	936
597	3	lx-4735	گروه	noun	607	272	76	981
598	3	lx-0473	نواختن	verb	607	1092	1006	506
599	3	lx-1059	فرصت	noun	607	364	819	629
600	3	lx-0405	شایستن	verb	607	1125	1265	485
601	3	lx-1102	دقیقاً	adverb	607	240	1134	639
602	3	lx-0520	قاضی	noun	609	789	1210	520
603	3	lx-1994	ارتباط	noun	611	409	251	757
604	3	lx-0695	پٹی	noun	613	1005	656	558
605	3	lx-0275	تجارت	noun	614	861	633	578
606	3	lx-0866	رقص	noun	614	516	879	596
607	3	lx-0799	مقاله	noun	617	986	541	583
608	3	lx-0704	ویروس	noun	619	788	829	566
609	3	lx-6090	حمل	noun	619	751	621	599
610	3	lx-0411	کوشیدن	verb	621	1609	931	495
611	3	lx-1658	درمان	noun	621	445	328	730
612	3	lx-0262	مریض	adjective	623	510	2444	513
613	3	lx-0271	اقتصاد	noun	624	1508	486	562
614	3	lx-0423	ستودن	verb	625	1418	1037	501
615	3	lx-1311	جنس	noun	625	585	382	686
616	3	lx-0084	بایسکل	noun	625	3333	3824	350
617	3	lx-0659	داغ	noun	626	721	1026	563
618	3	lx-0976	خصوصی	adjective	626	686	569	627
619	3	lx-1045	تجربه	noun	627	583	584	642
620	4	lx-6126	گم	adjective	627	274	1740	607
621	4	lx-0972	عجیب	adjective	633	356	1140	631
622	4	lx-1703	قلب	noun	633	276	542	746
623	4	lx-0468	دوختن	verb	634	1091	1180	522
624	4	lx-1243	دفتر	noun	635	392	651	685
625	4	lx-1096	گاهی	adverb	635	715	448	660
626	4	lx-4062	اصل	noun	639	367	86	980
627	4	lx-0264	زور	noun	642	764	1663	532
628	4	lx-1332	رشد	noun	644	837	279	708
629	4	lx-0386	سنجیدن	verb	644	1351	1355	503
630	4	lx-1064	دانش	noun	646	750	479	663
631	4	lx-0622	آدرس	noun	648	719	1250	571
632	4	lx-0401	شتافتن	verb	649	1515	1169	511
633	4	lx-0891	سیم	noun	650	635	800	630
634	4	lx-0448	چریدن	verb	650	697	2156	526
635	4	lx-0834	مجله	noun	650	973	608	615
636	4	lx-0269	شاعر	noun	650	1489	648	567
637	4	lx-0250	عید	noun	653	1459	1594	492
638	4	lx-0821	هنرمند	noun	653	1160	532	614
639	4	lx-0475	گریختن	verb	656	1552	900	539
640	4	lx-0435	پراکندن	verb	660	1650	1005	528
641	4	lx-0548	کتابخانه	noun	660	1925	606	560
642	4	lx-1270	طرح	noun	661	878	299	719
643	4	lx-0804	لابراتوار	noun	661	690	957	617
644	4	lx-0399	کاستن	verb	664	1671	1155	519
645	4	lx-1219	هزینه	noun	664	709	392	717
646	4	lx-1044	موفقیت	noun	664	728	516	682
647	4	lx-0424	ربودن	verb	664	1155	1531	527
648	4	lx-0223	هرات	noun	664	3141	1327	457
649	4	lx-1042	پیروزی	noun	665	785	496	679
650	4	lx-0185	کاکا	noun	668	1762	2733	449
651	4	lx-6041	تخم	noun	669	553	985	647
652	4	lx-1356	جرم	noun	672	451	586	735
653	4	lx-0966	پیچیده	adjective	673	714	689	664
654	4	lx-0391	ارزیدن	verb	674	1967	1148	516
655	4	lx-1062	توانایی	noun	676	736	511	698
656	4	lx-1367	حزب	noun	677	1144	230	742
657	4	lx-6104	روبرو	adverb	677	735	756	656
658	4	lx-0452	خلیدن	verb	679	996	1727	545
659	4	lx-0389	گشودن	verb	679	1858	1164	525
660	4	lx-0217	صنف	noun	683	2518	1851	465
661	4	lx-0134	دکان	noun	685	3020	2817	423
662	4	lx-0517	خبرنگار	noun	686	1173	1228	569
663	4	lx-1610	گاز	noun	688	551	385	786
664	4	lx-1053	دروغ	noun	688	282	1458	704
665	4	lx-0533	تعمیر	noun	688	977	1423	575
666	4	lx-0836	رادیو	noun	688	936	742	646
667	4	lx-1048	پیشرفت	noun	689	717	564	707
668	4	lx-0837	کانال	noun	690	876	767	651
669	4	lx-0256	مهربان	adjective	690	1268	1721	535
670	4	lx-0499	دندان	noun	690	1503	1015	568
671	4	lx-0730	فک	noun	691	509	1823	619
672	4	lx-1040	امید	noun	691	467	935	702
673	4	lx-0260	ولایت	noun	692	2531	750	550
674	4	lx-0224	مزار	noun	693	2742	1659	476
675	4	lx-1326	مالی	adjective	693	755	401	748
676	4	lx-1002	سالم	adjective	693	491	981	693
677	4	lx-0892	بیل	noun	696	487	1296	666
678	4	lx-1216	درآمد	noun	699	1151	312	736
679	4	lx-0973	معمولی	adjective	699	671	777	692
680	4	lx-1055	احترام	noun	700	423	1023	714
681	4	lx-3243	سیستم	noun	700	432	139	993
682	4	lx-1363	وزیر	noun	701	775	387	761
683	4	lx-1098	حتماً	adverb	701	221	1804	726
684	4	lx-6149	مربع	adjective	702	1822	326	680
685	4	lx-0547	تونل	noun	703	998	1432	589
686	4	lx-0236	دهقان	noun	705	2616	1722	488
687	4	lx-1817	رسم	noun	706	673	278	831
688	4	lx-0437	گنجیدن	verb	707	1174	1736	559
689	4	lx-0766	طعم	noun	708	659	1401	640
690	4	lx-0788	سیگنال	noun	709	948	865	653
691	4	lx-6131	شام	noun	709	408	1470	688
692	4	lx-0431	پوشاندن	verb	709	2041	1048	557
693	4	lx-6145	پرنده	noun	710	646	924	690
694	4	lx-0807	آزمون	noun	711	825	975	658
695	4	lx-1862	جایزه	noun	711	684	266	843
696	4	lx-0694	پیچکاری	noun	712	987	1113	626
697	4	lx-0592	راهنما	noun	713	1111	1232	604
698	4	lx-0600	تفریح	noun	713	1054	1286	605
699	4	lx-1244	مدیریت	noun	713	1068	343	753
700	4	lx-2078	رابطه	noun	713	375	369	886
701	4	lx-0838	مصاحبه	noun	714	820	898	672
702	4	lx-0207	افغانی	noun	714	2551	2204	479
703	4	lx-1271	پروژه	noun	715	817	412	766
704	4	lx-0661	طوفان	noun	715	807	1484	620
705	4	lx-0754	کارد	noun	716	612	1520	648
706	4	lx-0796	سند	noun	716	1014	849	657
707	4	lx-6128	بس	noun	718	335	1834	697
708	4	lx-1448	انقلاب	noun	720	1149	249	795
709	4	lx-0827	رمان	noun	720	1434	534	675
710	4	lx-0578	ترافیک	noun	722	1195	1242	606
711	4	lx-1471	ماده	noun	722	854	337	797
712	4	lx-0464	سفتن	verb	722	1128	1775	577
713	4	lx-1626	سلول	noun	723	727	301	836
714	4	lx-3795	اطلاعات	noun	728	312	168	1070
715	4	lx-1659	دارو	noun	728	460	512	833
716	4	lx-1351	انتخابات	noun	729	1017	336	784
717	4	lx-1001	ضعیف	adjective	729	694	791	725
718	4	lx-1377	زندانی	noun	730	536	619	790
719	4	lx-1816	مراسم	noun	730	459	451	855
720	4	lx-1210	اقتصادی	adjective	730	1356	305	762
721	4	lx-0451	تراشیدن	verb	731	1375	1573	579
722	4	lx-1088	وظیفه	noun	733	628	785	743
723	4	lx-1333	توسعه	noun	733	1343	264	785
724	4	lx-0832	اخبار	noun	738	773	1064	689
725	4	lx-0841	اعلان	noun	739	1097	729	694
726	4	lx-0443	گزیدن	verb	740	1948	1189	582
727	4	lx-0484	گوسفند	noun	740	1358	1529	593
728	4	lx-0645	کمربند	noun	742	1180	1217	632
729	4	lx-0763	تند	adjective	744	772	1377	667
730	4	lx-3420	نقش	noun	744	531	122	1064
731	4	lx-1178	زیرا	conjunction	745	1544	298	768
732	4	lx-0529	کوچه	noun	745	1194	1554	609
733	4	lx-4050	شکل	noun	746	422	119	1114
734	4	lx-0225	قندهار	noun	747	2676	2176	505
735	4	lx-0446	گرویدن	verb	751	1417	1668	591
736	4	lx-6043	میز	noun	751	496	1335	731
737	4	lx-0433	چشیدن	verb	752	934	2687	587
738	4	lx-1251	امضا	noun	753	593	726	788
739	4	lx-1676	بستری شدن	verb	754	188	1293	869
740	4	lx-0682	سیلاب	noun	756	1123	1199	655
741	4	lx-0476	آویختن	verb	756	1614	1416	600
742	4	lx-1861	مسابقه	noun	756	455	461	894
743	4	lx-1362	وزارت	noun	757	1165	329	810
744	4	lx-0998	مستقل	adjective	758	1465	422	749
745	4	lx-0734	لب	noun	761	767	1530	676
746	4	lx-0692	تابلیت	noun	761	771	1744	661
747	4	lx-0687	تب	noun	761	1035	1324	659
748	4	lx-1106	بالاخره	adverb	761	385	1434	767
749	4	lx-0596	کمپ	noun	764	923	1899	636
750	4	lx-0471	تاختن	verb	764	1635	1476	603
751	4	lx-0639	زنجیر	noun	765	1114	1403	650
752	4	lx-0703	انتان	noun	768	1140	1142	673
753	4	lx-0396	روبیدن	verb	772	1354	2321	585
754	4	lx-0409	خراشیدن	verb	772	1334	2244	590
755	4	lx-4045	حرکت	noun	772	256	225	1140
756	4	lx-6151	فلز	noun	773	1214	582	752
757	4	lx-5547	نیرو	noun	774	328	107	1243
758	4	lx-6118	نرم	adjective	775	799	886	754
759	4	lx-0465	آشفتن	verb	776	1493	1735	608
760	4	lx-1294	رقابت	noun	776	1023	418	822
761	4	lx-6016	مثل	preposition	776	68	454	1274
762	4	lx-0779	اتصال	noun	778	1576	696	705
763	4	lx-0252	نوروز	noun	780	2863	1339	574
764	4	lx-5874	همچنین	noun	782	543	60	1275
765	4	lx-1974	آزمایش	noun	783	435	452	946
766	4	lx-0179	بجه	noun	784	2358	3681	504
767	4	lx-0439	خزیدن	verb	784	1628	1836	602
768	4	lx-6097	اکثر	adverb	785	1205	600	764
769	4	lx-0276	ادبیات	noun	787	1929	495	732
770	4	lx-1014	عمیق	adjective	788	770	896	774
771	4	lx-0831	معماری	noun	789	2086	481	729
772	4	lx-0775	فایل	noun	790	1109	982	720
773	4	lx-3798	نشان	noun	792	652	103	1149
774	4	lx-1234	چک	noun	794	425	1227	819
775	4	lx-0638	جیب	noun	796	792	2261	669
776	4	lx-0390	لرزیدن	verb	797	1458	2464	597
777	4	lx-1815	آثار	noun	798	1337	186	934
778	4	lx-6074	صفر	numeral	799	1105	675	779
779	4	lx-1657	تشخیص	noun	801	711	438	904
780	4	lx-1419	حکم	noun	801	738	570	860
781	4	lx-1826	بنا	noun	803	1150	216	942
782	4	lx-1309	محصول	noun	804	1255	389	842
783	4	lx-5274	توجه	noun	804	340	128	1260
784	4	lx-0651	پخته	noun	808	1370	1307	683
785	4	lx-1810	چاپ	noun	808	1053	246	943
786	4	lx-0525	تاجر	noun	808	1415	1790	645
787	4	lx-0698	مسکن	noun	811	1346	1168	701
788	4	lx-0436	افکندن	verb	811	1857	1809	618
789	4	lx-2084	حمایت	noun	812	617	347	979
790	4	lx-1250	قرارداد	noun	813	813	676	838
791	4	lx-2157	جدی	adjective	815	280	735	991
792	4	lx-0999	وابسته	adjective	816	1193	657	794
793	4	lx-1262	مسئولیت	noun	820	672	805	850
794	4	lx-1220	سود	noun	820	843	698	839
795	4	lx-1161	اگرچه	conjunction	821	1145	563	827
796	4	lx-1264	جلسه	noun	822	554	1002	849
797	4	lx-2195	دفاع	noun	822	520	395	1003
798	4	lx-2138	اجتماعی	adjective	824	951	222	1001
799	4	lx-0412	رخشیدن	verb	824	1585	1992	638
800	4	lx-1122	ظاهراً	adverb	826	592	1160	825
801	4	lx-0818	نمایشگاه	noun	827	1392	841	756
802	4	lx-1347	رهبری	noun	827	982	507	872
803	4	lx-0425	پیمودن	verb	827	2312	1608	624
804	4	lx-0559	ریل	noun	829	1422	1728	670
805	4	lx-1797	بازیگر	noun	829	791	362	960
806	4	lx-0498	شانه	noun	829	1744	1673	652
807	4	lx-1180	پنجره	noun	830	620	999	845
808	4	lx-2231	شخصیت	noun	830	654	300	1024
809	4	lx-0690	گنس	adjective	831	746	2314	713
810	4	lx-0447	هراسیدن	verb	831	1787	1973	633
811	4	lx-0453	تپیدن	verb	832	1478	2364	635
812	4	lx-1293	مشتری	noun	832	724	740	868
813	4	lx-0407	گماشتن	verb	832	2538	1565	622
814	4	lx-0445	غریدن	verb	834	1293	2789	634
815	4	lx-6010	همراه	noun	837	341	116	1352
816	4	lx-4219	حدود	noun	838	534	129	1233
817	4	lx-1261	اخراج	noun	838	589	996	864
818	4	lx-0558	هلیکوپتر	noun	838	1095	2315	677
819	4	lx-1245	ریاست	noun	839	1265	476	861
820	4	lx-3370	جریان	noun	839	450	224	1160
821	4	lx-1368	نامزد	noun	839	796	631	888
822	4	lx-0518	عکاس	noun	840	1698	1734	662
823	4	lx-0280	اصطلاح	noun	840	1379	594	820
824	4	lx-1800	صحنه	noun	842	508	567	978
825	4	lx-0202	چاشت	noun	843	2995	3422	540
826	4	lx-6059	کلاه	noun	844	587	1408	823
827	4	lx-1877	نی	noun	844	454	628	983
828	4	lx-0397	آزمودن	verb	844	1922	2249	625
829	4	lx-3244	نظام	noun	845	611	177	1157
830	4	lx-0598	منظره	noun	847	1224	1906	696
831	4	lx-3913	نسبت	noun	848	529	155	1218
832	4	lx-0719	کمر	noun	850	1106	1519	739
833	4	lx-6112	غلط	adjective	851	518	1629	830
834	4	lx-0699	حساسیت	noun	851	1299	1370	733
835	4	lx-1338	آمار	noun	852	1274	430	893
836	4	lx-2073	همکاری	noun	854	703	360	1019
837	4	lx-1474	مدرک	noun	856	565	823	924
838	4	lx-0721	ران	noun	858	1135	1508	745
839	4	lx-0709	عاجل	adjective	859	1117	1605	741
840	4	lx-0742	رگ	noun	860	1024	1510	760
841	4	lx-0211	شفاخانه	noun	860	3333	3093	554
842	4	lx-4040	خاص	adjective	860	420	197	1239
843	4	lx-1063	مهارت	noun	860	872	904	851
844	4	lx-0881	پیچ	noun	860	958	1167	803
845	4	lx-1475	شاهد	noun	862	597	795	929
846	4	lx-6111	دراز	adjective	864	720	1191	844
847	4	lx-1286	سرمایه	noun	865	708	860	895
848	4	lx-0186	پدرکلان	noun	867	3333	3824	541
849	4	lx-1931	موتور	noun	868	691	428	1014
850	4	lx-2282	درک	noun	868	324	704	1059
851	4	lx-1607	هسته	noun	868	893	475	955
852	4	lx-0623	نشانی	noun	869	1403	1686	718
853	4	lx-0187	مادرکلان	noun	869	3333	3824	543
854	4	lx-0829	کنسرت	noun	874	1294	1008	799
855	4	lx-1041	عدالت	noun	874	829	1111	847
856	4	lx-0590	سامان	noun	875	2115	1257	711
857	4	lx-1034	مفید	adjective	875	1099	856	846
858	4	lx-0193	کرکت	noun	876	3319	3813	549
859	4	lx-0515	آشپز	noun	876	1217	2710	687
860	4	lx-6152	عصبانی	adjective	877	429	2055	857
861	4	lx-1248	استخدام	noun	877	647	1041	897
862	4	lx-0635	چادر	noun	878	1288	1855	727
863	4	lx-0855	آب‌بازی	noun	881	826	1584	807
864	4	lx-0482	اسپ	noun	881	1718	2070	684
865	4	lx-6069	ایستادن	verb	883	734	1207	865
866	4	lx-3286	مکان	noun	884	481	254	1204
867	4	lx-0210	داکتر	noun	884	3153	3454	570
868	4	lx-6130	رستوران	noun	885	657	1354	866
869	4	lx-1030	منطقی	adjective	885	882	1099	854
870	4	lx-1118	متأسفانه	adverb	888	557	1525	877
871	4	lx-1079	آرامش	noun	888	655	1363	870
872	4	lx-1033	مصنوعی	adjective	889	1178	831	858
873	4	lx-6020	منظور	noun	890	128	367	1425
874	4	lx-0770	نرم‌افزار	noun	890	3333	491	789
875	4	lx-1246	معاون	noun	890	946	736	910
876	4	lx-1279	توافق	noun	891	786	861	915
877	4	lx-0277	میراث	noun	892	1475	834	829
878	4	lx-0512	قصاب	noun	893	1504	2297	699
879	4	lx-0652	ابریشم	noun	895	1560	1555	744
880	4	lx-0198	کلکین	noun	896	3333	3824	565
881	4	lx-1083	استعداد	noun	896	757	1201	878
882	4	lx-1066	کیفیت	noun	897	1466	640	874
883	4	lx-0536	کلینیک	noun	897	1546	2130	709
884	4	lx-4065	آغاز	noun	898	827	109	1294
885	4	lx-6040	روغن	noun	898	1139	796	881
886	4	lx-0206	پیسه	noun	898	3137	3824	573
887	4	lx-1855	پوشش	noun	901	741	472	1037
888	4	lx-1119	اتفاقاً	adverb	901	643	1371	889
889	4	lx-2088	بحث	noun	902	485	590	1073
890	4	lx-0551	قبرستان	noun	902	2008	1616	716
891	4	lx-2086	ملاقات	noun	903	338	870	1071
892	4	lx-6076	دوازده	numeral	907	985	934	890
893	4	lx-0752	پنجه	noun	907	1037	1708	798
894	4	lx-1109	همزمان	adjective	907	1209	755	892
895	4	lx-1902	قلعه	noun	909	809	423	1053
896	4	lx-0738	قبرغه	noun	910	1200	1572	793
897	4	lx-0880	میخ	noun	911	661	2048	840
898	4	lx-1423	بازداشت	noun	912	777	789	959
899	4	lx-0994	صادق	adjective	912	1051	1072	867
900	4	lx-0772	باتری	noun	912	1314	1313	808
901	4	lx-1600	فیزیک	noun	914	933	527	998
902	4	lx-1372	متهم	noun	914	763	864	951
903	4	lx-6060	زرد	adjective	915	1084	862	898
904	4	lx-0282	استقلال	noun	915	1841	480	907
905	4	lx-1296	استاندارد	noun	916	1438	500	940
906	4	lx-0670	پیش‌بینی	noun	917	3333	708	772
907	4	lx-0462	خفتن	verb	917	1793	2482	695
908	4	lx-1162	هرچند	conjunction	918	1118	776	913
909	4	lx-1392	حوزه	noun	918	1413	435	967
910	4	lx-0278	فلسفه	noun	919	1681	737	862
911	4	lx-0686	قطره	noun	919	1335	1691	780
912	4	lx-1012	جذاب	adjective	921	761	1465	880
913	4	lx-1845	وزن	noun	922	853	446	1054
914	4	lx-0404	رهاندن	verb	922	2242	2554	671
915	4	lx-0850	مستند	noun	923	1768	843	841
916	4	lx-3378	دوران	noun	924	722	188	1255
917	4	lx-1630	عصب	noun	927	621	772	1022
918	4	lx-1446	شورش	noun	929	862	718	982
919	4	lx-0740	مفصل	noun	929	1806	1133	805
920	4	lx-1181	چوکی	noun	930	604	1446	928
921	4	lx-0764	خام	adjective	931	1525	1261	815
922	4	lx-0463	نهفتن	verb	931	1993	2344	703
923	4	lx-1081	عجله	noun	931	402	2561	905
924	4	lx-0403	گداختن	verb	932	2442	2399	678
925	4	lx-0847	مطبوعات	noun	932	1349	1138	848
926	4	lx-1346	نظارت	noun	933	1040	700	961
927	4	lx-3567	تقریباً	adverb	933	349	381	1277
928	4	lx-1605	اتم	noun	934	1022	493	1023
929	4	lx-1540	دره	noun	935	834	669	1007
930	4	lx-0745	مصالح	noun	935	1697	1198	812
931	4	lx-0229	قالین	noun	935	3333	3824	598
932	4	lx-1395	فرمان	noun	935	979	691	976
933	4	lx-0867	دوش	noun	935	818	1821	856
934	4	lx-0723	کوری	noun	939	1176	1878	806
935	4	lx-6135	چراغ	noun	940	688	1433	923
936	4	lx-0248	رباب	noun	940	3333	2643	641
937	4	lx-0629	تقاطع	noun	942	1553	1919	770
938	4	lx-0643	دامن	noun	943	1507	1882	777
939	4	lx-3841	فرار	noun	944	219	538	1322
940	4	lx-0550	زیارت	noun	944	2337	1643	740
941	4	lx-1977	دسترسی	noun	944	712	517	1094
942	4	lx-1008	مرتب	adjective	945	939	1275	900
943	4	lx-0641	آستین	noun	945	1452	1983	778
944	4	lx-0735	گلو	noun	946	1026	2113	816
945	4	lx-1420	اعدام	noun	949	928	746	992
946	4	lx-3262	امکان	noun	953	433	374	1271
947	4	lx-0574	کرایه	noun	955	1408	2646	755
948	4	lx-0765	گنده	adjective	955	594	3511	832
949	4	lx-0414	نالیدن	verb	958	1981	3034	700
950	4	lx-0428	ترساندن	verb	959	2365	2433	706
951	4	lx-1091	نظم	noun	961	1129	998	930
952	4	lx-6073	کدام	determiner	962	1429	719	945
953	4	lx-0653	چرم	noun	964	1647	1785	796
954	4	lx-3352	بیان	noun	965	537	302	1291
955	4	lx-2172	آشنا	adjective	965	458	744	1141
956	4	lx-0668	مرطوب	adjective	966	1972	1425	804
957	4	lx-6085	پنجاه	numeral	966	907	1149	949
958	4	lx-3314	حد	noun	967	452	368	1290
959	4	lx-3943	سرعت	noun	968	476	263	1354
960	4	lx-0677	اقلیم	noun	969	2129	1252	814
961	4	lx-0583	پاسپورت	noun	970	1357	2801	769
962	4	lx-1798	کارگردان	noun	972	1283	359	1096
963	4	lx-0488	مهتاب	noun	973	1982	2524	737
964	4	lx-3962	مقدار	noun	973	438	292	1358
965	4	lx-4058	حضور	noun	973	742	160	1376
966	4	lx-0410	خروشیدن	verb	974	2277	2770	710
967	4	lx-0680	ملایم	adjective	974	1582	1711	818
968	4	lx-6062	شنبه	noun	975	699	1532	956
969	4	lx-0978	ثروتمند	adjective	977	1197	1170	916
970	4	lx-0585	گمرک	noun	978	2012	1922	775
971	4	lx-1298	صنعت	noun	978	1604	559	989
972	4	lx-0569	تایر	noun	980	1878	2153	771
973	4	lx-1007	آلوده	adjective	980	963	1405	926
974	4	lx-6068	جمعه	noun	981	959	1125	963
975	4	lx-1101	نسبتاً	adverb	982	1634	732	948
976	4	lx-1411	انفجار	noun	983	769	1024	1017
977	4	lx-3398	قرن	noun	985	865	194	1320
978	4	lx-0823	بوم	noun	986	955	1945	885
979	4	lx-1504	حفاظت	noun	986	864	790	1046
980	4	lx-0985	احمقانه	adjective	987	514	2795	925
981	4	lx-2183	دعوت	noun	988	511	712	1165
982	4	lx-3293	روح	noun	988	332	485	1335
983	4	lx-0967	دشوار	adjective	989	1694	880	922
984	4	lx-0430	لرزاندن	verb	989	2392	2662	724
985	4	lx-1479	جلب	noun	990	832	869	1041
986	4	lx-6096	ایشان	pronoun	990	1690	654	970
987	4	lx-1241	نهاد	noun	990	2049	494	985
988	4	lx-1028	شرمنده	adjective	990	419	3222	939
989	4	lx-1916	سرور	noun	992	468	976	1128
990	4	lx-1808	نویسنده	noun	993	927	536	1113
991	4	lx-0432	خنداندن	verb	993	2260	2812	728
992	4	lx-1092	اخیراً	adverb	994	902	1412	953
993	4	lx-0413	لغزیدن	verb	994	2585	2630	721
994	4	lx-0793	نمره	noun	995	1216	1710	879
995	4	lx-1310	کالا	noun	996	1371	664	1011
996	4	lx-0637	دستکش	noun	998	1338	2479	817
997	4	lx-1076	خشم	noun	999	926	1424	954
998	4	lx-0504	خیاط	noun	1000	1960	2696	758
999	4	lx-0611	پیشرو	noun	1001	2257	1678	802
1000	4	lx-1468	تصویب	noun	1001	1678	455	1048
1001	4	lx-1284	سهام	noun	1002	1058	908	1009
1002	4	lx-1421	مجازات	noun	1005	798	1011	1043
1003	4	lx-3233	سنت	noun	1005	674	286	1325
1004	4	lx-1880	کر	noun	1006	664	741	1134
1005	4	lx-6025	سو	noun	1006	567	218	1428
1006	4	lx-0762	تلخ	adjective	1007	1449	1651	873
1007	4	lx-0263	دوا	noun	1007	2018	2949	750
1008	4	lx-0750	کاسه	noun	1009	1253	1960	871
1009	4	lx-6084	چهل	numeral	1012	1055	1073	995
1010	4	lx-1335	بحران	noun	1012	1087	840	1032
1011	4	lx-6002	ممکن	adjective	1015	500	144	1581
1012	4	lx-0974	منحصر	adjective	1015	1445	1105	944
1013	4	lx-2449	معنا	noun	1016	943	346	1231
1014	4	lx-2163	دقیق	adjective	1017	782	514	1190
1015	4	lx-1077	شادی	noun	1020	916	1542	969
1016	4	lx-2175	رهبر	noun	1022	800	499	1199
1017	4	lx-0618	مابین	noun	1022	2265	1713	821
1018	4	lx-0708	امبولانس	noun	1022	1060	2726	863
1019	4	lx-0470	افروختن	verb	1022	2303	2713	759
1020	4	lx-0528	شار	noun	1023	2594	2022	782
1021	4	lx-3154	طبیعی	adjective	1024	748	287	1334
1022	4	lx-3933	کمی	noun	1025	362	414	1418
1023	4	lx-0505	پولیس	noun	1025	2541	2250	773
1024	4	lx-0416	پژمردن	verb	1026	2240	3391	738
1025	4	lx-1015	پهن	adjective	1026	1624	978	958
1026	4	lx-1313	انبار	noun	1026	795	1239	1038
1027	4	lx-1451	خشونت	noun	1029	897	906	1075
1028	4	lx-0469	اندوختن	verb	1029	2593	2415	765
1029	4	lx-0746	خمیر	noun	1030	1716	1549	884
1030	4	lx-0731	ابرو	noun	1031	1220	2215	883
1031	4	lx-1315	توزیع	noun	1032	1711	580	1044
1032	4	lx-1103	مستقیماً	adverb	1032	1175	1184	987
1033	4	lx-1865	تمرین	noun	1033	494	1088	1158
1034	4	lx-0825	عکاسی	noun	1033	1831	1192	917
1035	4	lx-6146	حیوان	noun	1033	1159	1021	1016
1036	4	lx-2777	دشمن	noun	1034	444	605	1301
1037	4	lx-5797	پرده برداشتن	verb	1034	230	349	1592
1038	4	lx-1299	صنعتی	adjective	1034	1779	581	1040
1039	4	lx-1535	اقیانوس	noun	1035	874	836	1103
1040	4	lx-2114	تنهایی	noun	1035	440	993	1202
1041	4	lx-1730	مثبت	noun	1036	1027	593	1139
1042	4	lx-4103	دیگری	noun	1037	783	184	1449
1043	4	lx-6039	نمک	noun	1037	1028	1157	1020
1044	4	lx-0991	مشکوک	adjective	1038	1013	1681	962
1045	4	lx-0571	بریک	noun	1039	1759	2753	809
1046	4	lx-1303	تکنولوژی	noun	1040	1018	990	1052
1047	4	lx-2996	جو	noun	1040	406	610	1330
1048	4	lx-1238	کمپانی	noun	1041	1147	986	1033
1049	4	lx-6158	شکم	noun	1042	808	1344	
1050	4	lx-1281	شریک	noun	1044	733	1483	1045
1051	4	lx-1587	کرم	noun	1045	945	725	1129
1052	4	lx-0774	دانلود	noun	1045	1247	1980	912
1053	5	lx-1090	آگاهی	noun	1045	1551	940	996
1054	5	lx-1078	غم	noun	1045	793	1910	990
1055	5	lx-0856	شطرنج	noun	1047	1472	1464	935
1056	5	lx-1283	سهم	noun	1047	1000	1084	1049
1057	5	lx-0602	یادگاری	noun	1051	1704	2598	834
1058	5	lx-1439	تجاوز	noun	1052	828	1075	1091
1059	5	lx-0858	آشپزی	noun	1052	1137	1903	941
1060	5	lx-0748	دیگ	noun	1053	1259	2128	909
1061	5	lx-0996	وفادار	adjective	1053	1073	1645	975
1062	5	lx-1213	بودجه	noun	1055	1289	968	1035
1063	5	lx-1259	استعفا	noun	1056	1062	1080	1051
1064	5	lx-0502	نجار	noun	1057	2219	2869	791
1065	5	lx-0733	پلک	noun	1058	1591	1761	908
1066	5	lx-0595	خیمه	noun	1058	1848	2478	837
1067	5	lx-1266	کنفرانس	noun	1059	1166	964	1058
1068	5	lx-1679	سرطان	noun	1059	849	807	1150
1069	5	lx-0457	پژوهیدن	verb	1059	2987	2434	776
1070	5	lx-1236	بیمه	noun	1060	901	1321	1050
1071	5	lx-0281	تمدن	noun	1061	1522	979	1012
1072	5	lx-0761	ترش	adjective	1063	1390	1954	918
1073	5	lx-0478	بیختن	verb	1063	2440	2810	787
1074	5	lx-0493	تیرماه	noun	1064	3333	1993	792
1075	5	lx-1499	اعتراض	noun	1064	1069	769	1122
1076	5	lx-1541	غار	noun	1064	978	801	1132
1077	5	lx-2008	ابزار	noun	1065	1074	482	1213
1078	5	lx-3315	تعریف	noun	1065	599	373	1396
1079	5	lx-0458	نکوهیدن	verb	1065	2811	2601	781
1080	5	lx-1408	مالیات	noun	1066	1071	892	1097
1081	5	lx-0249	بزکشی	noun	1066	3333	3537	722
1082	5	lx-0565	لاری	noun	1066	1898	2816	824
1083	5	lx-0420	افشردن	verb	1067	3216	2647	763
1084	5	lx-2233	اعتقاد	noun	1067	609	730	1248
1085	5	lx-1832	نقد	noun	1069	1002	620	1183
1086	5	lx-6054	دهن	noun	1071	447	2813	1055
1087	5	lx-1301	کارخانه	noun	1072	1481	748	1078
1088	5	lx-0663	رعد	noun	1073	1486	2508	882
1089	5	lx-1656	علامت	noun	1073	682	1065	1159
1090	5	lx-1405	مهاجرت	noun	1073	1569	630	1101
1091	5	lx-0674	ابری	adjective	1074	1890	1920	887
1092	5	lx-1548	تپه	noun	1074	1006	780	1145
1093	5	lx-1011	زشت	adjective	1076	858	2127	997
1094	5	lx-1593	مدار	noun	1077	1202	646	1151
1095	5	lx-3367	ثبت	noun	1077	685	331	1414
1096	5	lx-1287	دارایی	noun	1078	1162	956	1086
1097	5	lx-1341	ارزیابی	noun	1079	1372	802	1089
1098	5	lx-2226	نفوذ	noun	1080	745	614	1262
1099	5	lx-1731	منفی	noun	1082	1029	688	1177
1100	5	lx-0506	عسکر	noun	1085	3284	2054	811
1101	5	lx-1093	فوراً	adverb	1086	823	2003	1027
1102	5	lx-0726	ناخن	noun	1087	1487	2142	921
1103	5	lx-0588	بکس	noun	1087	1556	3277	852
1104	5	lx-1060	فایده	noun	1089	737	2363	1021
1105	5	lx-3967	سری	noun	1089	352	502	1496
1106	5	lx-3885	ثابت	noun	1090	437	424	1486
1107	5	lx-0875	چکش	noun	1091	1199	2059	966
1108	5	lx-0844	رسانه‌ها	noun	1092	3333	788	957
1109	5	lx-4849	افزایش	noun	1093	867	142	1596
1110	5	lx-1694	استخوان	noun	1094	1011	721	1188
1111	5	lx-0531	پیاده‌رو	noun	1095	3333	1952	826
1112	5	lx-2083	پشتیبانی	noun	1096	909	587	1254
1113	5	lx-0426	خواباندن	verb	1096	2972	3033	783
1114	5	lx-0657	گشاد	adjective	1096	1612	2500	896
1115	5	lx-6061	ابر	noun	1096	1067	1213	1083
1116	5	lx-0466	شکفتن	verb	1098	2671	2996	801
1117	5	lx-2437	مقدس	adjective	1098	614	686	1309
1118	5	lx-2007	قطعه	noun	1099	1009	562	1246
1119	5	lx-1187	لیوان	noun	1102	760	1923	1069
1120	5	lx-1374	حبس	noun	1103	980	1154	1117
1121	5	lx-0865	نویسندگی	noun	1104	2251	1159	973
1122	5	lx-6075	یازده	numeral	1106	1183	1108	1093
1123	5	lx-0261	پروان	noun	1108	3222	2680	800
1124	5	lx-0705	میکروب	noun	1108	1953	1828	927
1125	5	lx-0688	سرفه	noun	1109	1637	2313	920
1126	5	lx-2463	مخالف	noun	1111	970	433	1329
1127	5	lx-0597	کوهنوردی	noun	1112	2232	2312	876
1128	5	lx-1304	ارتباطات	noun	1113	1409	902	1108
1129	5	lx-0511	نانوا	noun	1113	2516	2910	828
1130	5	lx-1016	باریک	adjective	1114	1730	1161	1028
1131	5	lx-1590	سیاره	noun	1114	759	1147	1182
1132	5	lx-0712	استفراغ	noun	1115	1602	2260	933
1133	5	lx-1123	شخصاً	adverb	1116	935	1803	1061
1134	5	lx-4047	فضا	noun	1120	700	269	1536
1135	5	lx-1823	افسانه	noun	1120	752	932	1234
1136	5	lx-1821	هویت	noun	1120	855	837	1230
1137	5	lx-3920	نمونه	noun	1121	632	289	1546
1138	5	lx-1565	میمون	noun	1121	457	1984	1184
1139	5	lx-0739	عضله	noun	1124	1725	1977	952
1140	5	lx-0776	لینک	noun	1124	1555	2045	964
1141	5	lx-1820	اخلاق	noun	1125	972	754	1232
1142	5	lx-3138	تحقیقات	noun	1125	689	419	1439
1143	5	lx-3220	طبقه	noun	1126	456	609	1450
1144	5	lx-1498	شکایت	noun	1127	797	1241	1175
1145	5	lx-2266	ناراحت	adjective	1131	344	1524	1313
1146	5	lx-1290	اجاره	noun	1132	883	1548	1120
1147	5	lx-1627	بافت	noun	1134	1388	625	1211
1148	5	lx-0584	سرحد	noun	1140	2238	2546	891
1149	5	lx-0753	قاشق	noun	1140	1509	2346	965
1150	5	lx-1542	چشمه	noun	1141	1083	884	1201
1151	5	lx-2009	دقت	noun	1143	784	824	1285
1152	5	lx-1075	شجاعت	noun	1144	1043	1859	1072
1153	5	lx-6034	موفق	adjective	1146	355	280	1762
1154	5	lx-0667	شمالک	noun	1146	1852	2380	937
1155	5	lx-3945	انرژی	noun	1149	695	306	1558
1156	5	lx-0751	بشقاب	noun	1150	1383	2626	972
1157	5	lx-1179	چونکه	conjunction	1153	550	3047	1109
1158	5	lx-1231	وام	noun	1155	1181	1308	1127
1159	5	lx-1137	مطابق	preposition	1156	1726	1053	1098
1160	5	lx-0817	گالری	noun	1156	1773	1799	1000
1161	5	lx-3361	ترکیب	noun	1157	962	284	1507
1162	5	lx-1473	اسناد	noun	1158	1257	874	1197
1163	5	lx-1275	چالش	noun	1158	1355	1078	1142
1164	5	lx-1132	مجدداً	adverb	1160	2000	928	1099
1165	5	lx-1280	مذاکره	noun	1160	1012	1489	1138
1166	5	lx-1020	ناشناخته	adjective	1160	1535	1437	1068
1167	5	lx-1152	پیرامون	preposition	1161	2096	855	1107
1168	5	lx-2382	شیطان	noun	1163	446	1152	1366
1169	5	lx-1061	ضرر	noun	1164	1107	1894	1082
1170	5	lx-1537	خلیج	noun	1165	1386	759	1215
1171	5	lx-1131	جداگانه	adjective	1166	1940	974	1104
1172	5	lx-1295	رقیب	noun	1167	1340	1126	1147
1173	5	lx-1029	غافلگیر	adjective	1168	937	2361	1077
1174	5	lx-1863	مدال	noun	1168	1244	632	1280
1175	5	lx-0566	باربری	noun	1169	2403	2714	901
1176	5	lx-2358	واقعیت	noun	1170	580	905	1373
1177	5	lx-2356	نظریه	noun	1173	1008	518	1378
1178	5	lx-0562	کراچی	noun	1174	2579	2604	902
1179	5	lx-2174	همکار	noun	1176	625	942	1356
1180	5	lx-0889	سطل	noun	1177	1228	2378	1039
1181	5	lx-6055	بازو	noun	1177	1076	1388	1163
1182	5	lx-1514	تخریب	noun	1178	1474	749	1224
1183	5	lx-0725	شست	noun	1178	1873	2186	984
1184	5	lx-1608	مایع	noun	1181	1290	804	1241
1185	5	lx-0992	گناهکار	adjective	1182	1021	2408	1076
1186	5	lx-6133	منزل	noun	1183	1333	1129	1169
1187	5	lx-0603	سوغات	noun	1187	2253	2679	931
1188	5	lx-2778	تهدید	noun	1188	549	739	1462
1189	5	lx-2238	آرزو	noun	1188	492	1225	1369
1190	5	lx-1500	انتقاد	noun	1188	1828	634	1228
1191	5	lx-2176	پیرو	noun	1189	917	685	1361
1192	5	lx-1325	بل	noun	1191	929	1607	1181
1193	5	lx-0683	خشکسالی	noun	1192	2355	1991	977
1194	5	lx-1115	مخفیانه	adverb	1192	1187	1753	1119
1195	5	lx-0467	شنفتن	verb	1194	2682	3824	859
1196	5	lx-1677	شکر	noun	1196	591	1724	1265
1197	5	lx-1670	متخصص	noun	1197	925	1104	1267
1198	5	lx-0944	بوییدن	verb	1200	1201	2335	1074
1199	5	lx-3261	احتمال	noun	1200	634	520	1535
1200	5	lx-0580	سیاحت	noun	1202	2368	2802	932
1201	5	lx-2230	شهرت	noun	1203	1158	548	1380
1202	5	lx-1273	استراتژی	noun	1203	1480	1100	1180
1203	5	lx-1182	فرش	noun	1204	1545	1222	1152
1204	5	lx-3908	مساحت	noun	1207	2559	90	1642
1205	5	lx-0693	شربت	noun	1211	1814	2644	994
1206	5	lx-0710	نبض	noun	1214	1676	2727	1005
1207	5	lx-0727	پیشانی	noun	1215	2295	1948	1010
1208	5	lx-0606	ویزیت	noun	1215	2036	3182	950
1209	5	lx-1516	سمی	adjective	1216	961	1294	1251
1210	5	lx-3786	دادگاه	noun	1217	507	519	1624
1211	5	lx-1737	بهداشت	noun	1218	1467	699	1296
1212	5	lx-3257	اختیار	noun	1219	732	470	1556
1213	5	lx-0527	سلمانی	noun	1220	2715	3164	911
1214	5	lx-1928	مهندسی	noun	1221	1563	539	1343
1215	5	lx-0526	صراف	noun	1226	2968	2951	914
1216	5	lx-1085	اراده	noun	1227	1304	1841	1135
1217	5	lx-1896	احساسات	noun	1228	678	1305	1342
1218	5	lx-1533	قطب	noun	1228	1291	961	1269
1219	5	lx-1441	سرقت	noun	1229	971	1428	1247
1220	5	lx-1794	رسانه	noun	1231	1126	883	1321
1221	5	lx-6079	پانزده	numeral	1233	1398	1146	1222
1222	5	lx-1200	بطری	noun	1234	890	2257	1178
1223	5	lx-1636	کلیه	noun	1234	1196	983	1289
1224	5	lx-1195	سوزن	noun	1236	1245	1653	1176
1225	5	lx-0995	دروغگو	adjective	1236	974	2899	1116
1226	5	lx-0885	تبر	noun	1236	1547	2212	1081
1227	5	lx-2229	اعتبار	noun	1238	846	809	1416
1228	5	lx-6019	معنی	noun	1240	366	351	1876
1229	5	lx-2748	مرز	noun	1242	816	577	1513
1230	5	lx-2006	تجهیزات	noun	1243	1098	761	1377
1231	5	lx-0442	رهیدن	verb	1244	3333	3824	875
1232	5	lx-3255	علت	noun	1244	1077	335	1586
1233	5	lx-1185	یخچال	noun	1245	1276	1632	1185
1234	5	lx-1256	پاداش	noun	1246	1154	1642	1205
1235	5	lx-1292	خریداری	noun	1246	1908	939	1217
1236	5	lx-1444	ترور	noun	1247	1233	1166	1264
1237	5	lx-3738	کلیسا	noun	1250	577	509	1652
1238	5	lx-1289	املاک	noun	1251	1352	1347	1220
1239	5	lx-0790	میکروفون	noun	1252	1616	2672	1057
1240	5	lx-1866	مربی	noun	1252	885	1085	1359
1241	5	lx-1741	تغذیه	noun	1252	1264	877	1327
1242	5	lx-2600	برات	noun	1252	184	2732	1514
1243	5	lx-0983	ترسو	adjective	1253	967	3106	1124
1244	5	lx-1867	تماشا	noun	1253	670	1448	1357
1245	5	lx-1124	عموماً	adverb	1253	2508	958	1167
1246	5	lx-2010	کارایی	noun	1253	776	1093	1389
1247	5	lx-0795	مضمون	noun	1254	2587	1636	1063
1248	5	lx-0791	اسپیکر	noun	1256	1844	2368	1060
1249	5	lx-0666	ژاله	noun	1256	2514	2281	1013
1250	5	lx-0619	کنج	noun	1258	2278	2952	988
1251	5	lx-4836	جهت	noun	1259	904	214	1787
1252	5	lx-1203	بازرگانی	noun	1260	1915	1131	1196
1253	5	lx-1604	مولکول	noun	1260	1746	709	1314
1254	5	lx-0501	انجنیر	noun	1262	3333	3202	919
1255	5	lx-3011	پاک	adjective	1265	424	1036	1569
1256	5	lx-1908	نماد	noun	1266	1369	690	1382
1257	5	lx-3205	واکنش	noun	1266	852	429	1620
1258	5	lx-1224	تورم	noun	1266	1764	1212	1207
1259	5	lx-0717	آرنج	noun	1267	1970	2629	1042
1260	5	lx-1649	تنفس	noun	1267	1119	1127	1319
1261	5	lx-6077	سیزده	numeral	1269	1359	1246	1258
1262	5	lx-2361	مفهوم	noun	1270	1212	543	1474
1263	5	lx-1297	معیار	noun	1271	1958	946	1242
1264	5	lx-0461	شگافتن	verb	1271	3289	3824	903
1265	5	lx-1993	ردیف	noun	1273	830	1071	1407
1266	5	lx-1675	بستر	noun	1274	1345	926	1331
1267	5	lx-0649	یونیفورم	noun	1274	2014	3146	1015
1268	5	lx-1895	گریه	noun	1274	470	2073	1387
1269	5	lx-0977	ناموفق	adjective	1274	2009	1599	1137
1270	5	lx-1434	سفیر	noun	1275	1311	1193	1283
1271	5	lx-0767	اشتها	noun	1275	1860	2579	1065
1272	5	lx-1084	غرور	noun	1276	1163	2325	1172
1273	5	lx-1515	پایدار	adjective	1276	1683	866	1300
1274	5	lx-0931	خجالت کشیدن	verb	1276	3333	3824	906
1275	5	lx-4850	کاهش	noun	1277	1103	185	1805
1276	5	lx-2989	ساحل	noun	1277	598	763	1579
1277	5	lx-3196	مقاومت	noun	1277	819	487	1615
1278	5	lx-3998	آجر	noun	1279	888	314	1717
1279	5	lx-1622	مغناطیس	noun	1280	1598	828	1326
1280	5	lx-1641	تکامل	noun	1283	1433	911	1333
1281	5	lx-3652	اتفاقی	adverb	1283	209	1494	1693
1282	5	lx-6142	پنیر	noun	1284	1001	1730	1273
1283	5	lx-1128	سریعاً	adverb	1284	1132	2252	1194
1284	5	lx-1979	کاربر	noun	1287	2263	411	1417
1285	5	lx-0714	کبودی	noun	1287	1851	2940	1056
1286	5	lx-1443	گروگان	noun	1288	944	1699	1295
1287	5	lx-0516	ترجمان	noun	1290	3270	3257	947
1288	5	lx-1992	ستون	noun	1292	1198	760	1430
1289	5	lx-1802	جشنواره	noun	1293	1965	557	1388
1290	5	lx-1080	اضطراب	noun	1293	1649	1698	1187
1291	5	lx-1025	کنجکاو	adjective	1294	1141	2778	1164
1292	5	lx-0785	بروزرسانی	noun	1296	2226	2158	1088
1293	5	lx-0591	مهمانخانه	noun	1298	2574	3144	999
1294	5	lx-6063	یکشنبه	noun	1298	1049	1693	1287
1295	5	lx-0540	رستورانت	noun	1299	2647	3724	968
1296	5	lx-1371	قاچاق	noun	1300	1188	1500	1288
1297	5	lx-1639	ژن	noun	1300	1558	867	1349
1298	5	lx-1344	بازرسی	noun	1300	1102	1656	1284
1299	5	lx-1445	توطئه	noun	1305	1204	1398	1308
1300	5	lx-1433	سفارت	noun	1306	1425	1200	1305
1301	5	lx-1947	مجوز	noun	1306	1032	972	1427
1302	5	lx-1019	پنهانی	adjective	1306	1742	1896	1170
1303	5	lx-1239	موسسه	noun	1307	1295	1705	1252
1304	5	lx-1357	مجرم	noun	1308	976	1885	1292
1305	5	lx-1894	خنده	noun	1309	489	2146	1420
1306	5	lx-0481	پشک	noun	1309	3333	3804	938
1307	5	lx-1603	عنصر	noun	1311	1692	859	1348
1308	5	lx-2092	اعتراف	noun	1314	613	1472	1464
1309	5	lx-3792	کشف	noun	1317	821	404	1735
1310	5	lx-1811	مترجم	noun	1319	918	1268	1411
1311	5	lx-1365	پارلمان	noun	1320	2022	933	1302
1312	5	lx-1457	شورا	noun	1321	1471	1173	1323
1313	5	lx-1125	خصوصاً	adverb	1321	1791	1547	1223
1314	5	lx-2243	انتقام	noun	1321	677	1190	1503
1315	5	lx-6137	برآمدن	verb	1322	1470	1247	1311
1316	5	lx-1637	ژنتیک	noun	1322	1297	1117	1364
1317	5	lx-1370	تقلب	noun	1323	1064	1773	1306
1318	5	lx-0969	باارزش	adjective	1324	1627	2287	1168
1319	5	lx-2178	میزبان	noun	1325	1262	678	1493
1320	5	lx-1601	شیمی	noun	1325	1407	1070	1360
1321	5	lx-1000	نیرومند	adjective	1326	1928	1846	1179
1322	5	lx-0861	کلکسیون	noun	1327	1664	2681	1136
1323	5	lx-2090	مخالفت	noun	1327	1207	762	1479
1324	5	lx-1359	فساد	noun	1328	1492	1300	1307
1325	5	lx-1263	صلاحیت	noun	1328	1534	1443	1279
1326	5	lx-1255	دستمزد	noun	1332	1484	1528	1278
1327	5	lx-3087	جایگزین	noun	1332	992	478	1660
1328	5	lx-6064	دوشنبه	noun	1334	1096	1703	1324
1329	5	lx-1285	بورس	noun	1336	1783	1218	1293
1330	5	lx-2237	انگیزه	noun	1336	629	1273	1527
1331	5	lx-2384	بهشت	noun	1336	731	1027	1544
1332	5	lx-1476	شهادت	noun	1337	947	1849	1341
1333	5	lx-3793	مخفی	adjective	1337	363	954	1757
1334	5	lx-0689	عطسه	noun	1338	2112	3057	1080
1335	5	lx-1534	قاره	noun	1338	1721	962	1355
1336	5	lx-6110	خاکستری	adjective	1338	1376	1358	1328
1337	5	lx-2720	محکوم	noun	1339	889	677	1606
1338	5	lx-3617	قطعا	adverb	1339	570	661	1737
1339	5	lx-0729	الاشه	noun	1340	2424	2493	1095
1340	5	lx-2004	الکترونیک	noun	1341	1593	655	1468
1341	5	lx-0801	گرامر	noun	1341	2733	1886	1125
1342	5	lx-0884	قیچی	noun	1341	1639	2704	1154
1343	5	lx-0549	موزیم	noun	1341	3333	3103	1002
1344	5	lx-1870	الهام	noun	1342	1100	1054	1444
1345	5	lx-1121	اشتباهاً	adverb	1342	1453	2036	1236
1346	5	lx-1117	خوشبختانه	adverb	1344	1238	2419	1235
1347	5	lx-0789	مرورگر	noun	1345	2921	1833	1123
1348	5	lx-0503	دریور	noun	1348	3333	3824	974
1349	5	lx-0805	فراغت	noun	1348	2296	2278	1130
1350	5	lx-2776	متحد	noun	1350	957	618	1629
1351	5	lx-1991	جدول	noun	1351	1595	666	1478
1352	5	lx-2089	تشویق	noun	1351	1036	936	1501
1353	5	lx-1662	خونریزی	noun	1351	839	1749	1401
1354	5	lx-0852	بینندگان	noun	1351	2341	2096	1146
1355	5	lx-3200	گذشت	noun	1352	569	815	1699
1356	5	lx-6078	چهارده	numeral	1353	1488	1280	1344
1357	5	lx-0890	ریسمان	noun	1353	2122	2150	1162
1358	5	lx-0510	مستری	noun	1355	3230	3824	986
1359	5	lx-1390	والی	noun	1355	1210	1646	1337
1360	5	lx-6071	تیز	adjective	1355	1192	1606	1346
1361	5	lx-0864	یوگا	noun	1356	1767	2717	1156
1362	5	lx-2192	اختلاف	noun	1356	1442	637	1523
1363	5	lx-1925	ماهواره	noun	1357	991	1145	1471
1364	5	lx-0568	پرزه	noun	1357	3077	3231	1025
1365	5	lx-1814	باستانی	noun	1359	1476	858	1447
1366	5	lx-1619	فرکانس	noun	1359	1410	1103	1399
1367	5	lx-1634	روده	noun	1360	1239	1263	1398
1368	5	lx-3292	نفس	noun	1360	400	1141	1718
1369	5	lx-3907	محیط	noun	1361	1082	318	1801
1370	5	lx-1901	قصر	noun	1362	956	1231	1470
1371	5	lx-3242	ساختار	noun	1363	1497	313	1715
1372	5	lx-1585	پروانه	noun	1363	1277	1285	1392
1373	5	lx-1336	ثبات	noun	1364	1618	1325	1332
1374	5	lx-0530	چهارراهی	noun	1364	3290	3479	1008
1375	5	lx-2376	گناه	noun	1368	533	1487	1578
1376	5	lx-1013	مرتفع	adjective	1370	2369	1580	1221
1377	5	lx-0756	جوشاندن	verb	1371	2633	2322	1126
1378	5	lx-2177	مشاور	noun	1371	941	1018	1534
1379	5	lx-2768	نماینده	noun	1371	940	663	1648
1380	5	lx-6053	بز	noun	1371	1246	1571	1362
1381	5	lx-0572	هارن	noun	1373	2965	3438	1036
1382	5	lx-1697	اعصاب	noun	1374	891	1664	1431
1383	5	lx-1628	اندام	noun	1375	1402	1109	1421
1384	5	lx-0557	طیاره	noun	1376	3053	3501	1031
1385	5	lx-0513	دکاندار	noun	1379	3333	3824	1004
1386	5	lx-1204	صادرات	noun	1381	2261	1221	1298
1387	5	lx-0514	ترکاری فروش	noun	1381	3333	3824	1006
1388	5	lx-1126	مسلماً	adverb	1381	1263	2519	1268
1389	5	lx-1744	پروتئین	noun	1383	1691	814	1461
1390	5	lx-0946	بلعیدن	verb	1386	2071	2116	1208
1391	5	lx-1456	اکثریت	noun	1388	1975	1012	1379
1392	5	lx-4033	تصور	noun	1389	427	845	1836
1393	5	lx-6008	نامه	noun	1389	370	459	2082
1394	5	lx-0685	لشم	adjective	1390	2530	2933	1111
1395	5	lx-3260	شک	noun	1391	453	1393	1676
1396	5	lx-0521	شاروال	noun	1393	3333	3824	1018
1397	5	lx-0564	ریکشا	noun	1394	2829	3824	1047
1398	5	lx-0539	هوتل	noun	1395	3164	3786	1030
1399	5	lx-0534	مارکیت	noun	1396	3333	3636	1029
1400	5	lx-1914	الگوریتم	noun	1397	1952	627	1510
1401	5	lx-3898	قضیه	noun	1397	285	1338	1834
1402	5	lx-2387	سرنوشت	noun	1397	642	1314	1607
1403	5	lx-1818	عقیده	noun	1401	1222	1121	1487
1404	5	lx-0523	صفاکار	noun	1401	3333	3824	1026
1405	5	lx-0968	مضر	adjective	1402	2308	1904	1226
1406	5	lx-1258	بازنشستگی	noun	1403	1606	1624	1339
1407	5	lx-1024	متعجب	adjective	1403	1318	3005	1249
1408	5	lx-6007	کس	noun	1403	262	526	2186
1409	5	lx-0535	شاروالی	noun	1405	3333	3737	1034
1410	5	lx-2011	ایمنی	noun	1407	1235	965	1531
1411	5	lx-2117	هیجان	noun	1407	600	1820	1554
1412	5	lx-1805	مجسمه	noun	1408	1133	1188	1502
1413	5	lx-2149	باهوش	adjective	1408	548	1943	1562
1414	5	lx-0984	زیرک	adjective	1410	1899	2280	1238
1415	5	lx-1544	صخره	noun	1410	1234	1509	1426
1416	5	lx-1481	پوسته	noun	1412	1512	1330	1410
1417	5	lx-2014	پژوهش	noun	1412	2088	544	1551
1418	5	lx-1380	تظاهرات	noun	1414	1933	1183	1383
1419	5	lx-0628	بن‌بست	noun	1415	3333	2634	1106
1420	5	lx-0988	مضطرب	adjective	1416	1564	2782	1244
1421	5	lx-5301	زمینه	noun	1416	860	259	2042
1422	5	lx-1026	مغرور	adjective	1416	1437	2799	1261
1423	5	lx-0808	کتابچه	noun	1416	2334	2651	1174
1424	5	lx-0773	کیبورد	noun	1416	2475	2674	1161
1425	5	lx-1635	کبد	noun	1419	1191	1469	1453
1426	5	lx-0594	قطب‌نما	noun	1421	3333	3066	1084
1427	5	lx-0981	ظالم	adjective	1421	1706	2623	1245
1428	5	lx-0640	تکمه	noun	1425	2961	2983	1115
1429	5	lx-0563	زرنج	noun	1425	3333	3457	1067
1430	5	lx-0878	پلاس	noun	1425	2458	2187	1212
1431	5	lx-0871	خیاطی	noun	1426	2229	2461	1209
1432	5	lx-0732	مژه	noun	1428	2399	3073	1153
1433	5	lx-1449	اصلاحات	noun	1429	2156	1016	1412
1434	5	lx-1614	ذوب	noun	1430	1581	1158	1456
1435	5	lx-2988	رودخانه	noun	1432	1108	540	1759
1436	5	lx-6080	شانزده	numeral	1433	1826	1144	1429
1437	5	lx-5888	حداقل	noun	1434	353	568	2113
1438	5	lx-0601	کمره	noun	1434	3152	3208	1100
1439	5	lx-0582	ویزه	noun	1437	3062	3598	1087
1440	5	lx-0542	پوسته خانه	noun	1438	3333	3824	1062
1441	5	lx-1366	سیاستمدار	noun	1439	1570	1557	1400
1442	5	lx-0544	استدیوم	noun	1440	3303	3824	1066
1443	5	lx-6081	هفده	numeral	1441	1610	1311	1437
1444	5	lx-5342	بیمارستان	noun	1442	411	596	2059
1445	5	lx-1201	سرمایه‌گذاری	noun	1442	3333	915	1353
1446	5	lx-0711	ترمامیتر	noun	1443	2684	2953	1155
1447	5	lx-1632	ریه	noun	1444	1146	1595	1476
1448	5	lx-1589	کهکشان	noun	1444	1377	1386	1466
1449	5	lx-1274	دستاورد	noun	1444	2034	1343	1381
1450	5	lx-1305	مخابرات	noun	1447	1969	1350	1391
1451	5	lx-0986	صبور	adjective	1448	1485	3100	1270
1452	5	lx-1112	دائماً	adverb	1450	1784	2144	1312
1453	5	lx-2303	حیا	noun	1453	1167	851	1647
1454	5	lx-0552	تکسی	noun	1454	3307	3824	1079
1455	5	lx-1345	ناظر	noun	1454	1870	1391	1405
1456	5	lx-1477	احضار	noun	1455	1213	1858	1440
1457	5	lx-1833	منتقد	noun	1456	2185	711	1533
1458	5	lx-1642	جهش	noun	1456	1302	1374	1498
1459	5	lx-2228	ضعف	noun	1457	954	1098	1639
1460	5	lx-1672	روانشناس	noun	1460	1250	1422	1505
1461	5	lx-1847	دیوان	noun	1461	1771	873	1542
1462	5	lx-0554	ملی بس	noun	1461	3333	3824	1085
1463	5	lx-0665	خنک‌زدگی	noun	1462	2756	3372	1144
1464	5	lx-0786	دیتا	noun	1463	2681	2648	1198
1465	5	lx-1272	برنامه‌ریزی	noun	1464	3333	857	1395
1466	5	lx-2097	تحسین	noun	1465	1042	1175	1609
1467	5	lx-0575	تکت	noun	1465	3206	3704	1102
1468	5	lx-0555	مینی بس	noun	1466	3333	3824	1090
1469	5	lx-1209	بازاریابی	noun	1468	2243	1426	1374
1470	5	lx-0556	موترسایکل	noun	1468	3333	3824	1092
1471	5	lx-1701	گرده	noun	1469	871	2024	1520
1472	5	lx-1424	توقیف	noun	1470	1528	1615	1438
1473	5	lx-1682	سکته	noun	1471	1232	1468	1515
1474	5	lx-1183	پتو	noun	1473	1332	2549	1367
1475	5	lx-0581	رخصتی	noun	1473	3333	3557	1110
1476	5	lx-1120	عمداً	adverb	1475	1590	2435	1340
1477	5	lx-3197	تسلیم	noun	1475	601	1045	1815
1478	5	lx-1606	الکترون	noun	1476	2178	893	1504
1479	5	lx-6006	آیا	particle	1476	315	680	2173
1480	5	lx-6086	شصت	numeral	1476	1399	1567	1475
1481	5	lx-1788	جنین	noun	1477	1416	1174	1545
1482	5	lx-3169	حافظه	noun	1477	908	695	1816
1483	5	lx-1386	مذاکرات	noun	1478	1973	1322	1435
1484	5	lx-5289	انتقال	noun	1479	805	334	2097
1485	5	lx-4529	اشغال	noun	1481	480	779	1988
1486	5	lx-0567	تانک تیل	noun	1481	3333	3824	1105
1487	5	lx-2119	وحشت	noun	1482	790	1568	1630
1488	5	lx-0599	چکر	noun	1483	3070	3646	1131
1489	5	lx-1464	مقررات	noun	1484	1819	1320	1463
1490	5	lx-1406	فقر	noun	1485	1911	1356	1445
1491	5	lx-1594	جاذبه	noun	1485	1464	1292	1524
1492	5	lx-1212	مالیاتی	adjective	1486	1889	1723	1393
1493	5	lx-0720	سرین	noun	1487	2954	2905	1186
1494	5	lx-1235	ضمانت	noun	1487	1362	2302	1403
1495	5	lx-2188	طلاق	noun	1487	868	1334	1657
1496	5	lx-0570	اشترنگ	noun	1488	3333	3824	1112
1497	5	lx-1394	لایحه	noun	1489	1613	1635	1446
1498	5	lx-6004	هرگز	adverb	1492	296	751	2190
1499	5	lx-0877	رنچ	noun	1493	2043	3071	1256
1500	5	lx-0577	دریوری	noun	1494	3272	3824	1121
1501	5	lx-1205	واردات	noun	1494	2209	1513	1397
1502	5	lx-0573	سیط	noun	1495	3333	3824	1118
1503	5	lx-2372	ایمان	noun	1496	683	1501	1704
1504	5	lx-6051	عمه	noun	1497	984	2272	1497
1505	5	lx-1067	کمیت	noun	1499	2720	1644	1336
1506	5	lx-0883	برمه	noun	1499	2482	2530	1263
1507	5	lx-1447	کودتا	noun	1501	2074	1223	1472
1508	5	lx-1969	متغیر	noun	1504	2211	671	1614
1509	5	lx-3321	متن	noun	1506	1287	489	1864
1510	5	lx-2261	پذیرش	noun	1506	1327	854	1690
1511	5	lx-2436	لعنت	noun	1508	336	3003	1726
1512	5	lx-6056	پیراهن	noun	1508	1468	1551	1508
1513	5	lx-1381	اعتصاب	noun	1509	1801	1544	1459
1514	5	lx-3578	همچنان	adverb	1509	1010	565	1900
1515	5	lx-0579	لیسنس	noun	1510	3333	3824	1133
1516	5	lx-1643	باکتری	noun	1511	1705	1163	1547
1517	5	lx-1384	برابری	noun	1513	1937	1435	1465
1518	5	lx-0982	دلیر	adjective	1513	2194	2413	1316
1519	5	lx-1785	گیرنده	noun	1513	1670	1032	1587
1520	5	lx-0589	خریطه	noun	1514	3333	3711	1143
1521	5	lx-3845	سقوط	noun	1514	723	710	1943
1522	5	lx-6028	گردیدن	verb	1516	1995	110	2243
1523	5	lx-2810	موشک	noun	1517	906	875	1812
1524	5	lx-1875	تار	noun	1518	1326	1243	1605
1525	5	lx-2193	دعوا	noun	1519	572	2154	1686
1526	5	lx-0800	قاموس	noun	1520	3027	2583	1240
1527	5	lx-1611	محلول	noun	1521	2140	1001	1540
1528	5	lx-1422	جریمه	noun	1523	1439	1884	1484
1529	5	lx-1543	آبشار	noun	1523	1780	1342	1516
1530	5	lx-1522	زلزله	noun	1524	1799	1357	1512
1531	5	lx-0586	میدان هوایی	noun	1524	3333	3824	1148
1532	5	lx-6150	مثلث	noun	1526	1845	1262	1526
1533	5	lx-1891	جلوه	noun	1527	1273	1179	1643
1534	5	lx-1166	چنانچه	conjunction	1527	2469	1537	1408
1535	5	lx-1827	گنبد	noun	1527	1872	950	1598
1536	5	lx-1755	توهم	noun	1529	920	2068	1582
1537	5	lx-6120	چاق	adjective	1530	938	2507	1529
1538	5	lx-0872	نجاری	noun	1531	2570	2654	1281
1539	5	lx-0749	تخم‌پزی	noun	1531	2448	3585	1229
1540	5	lx-1858	سرگرمی	noun	1533	1085	1575	1616
1541	5	lx-3236	شهروند	noun	1534	913	766	1877
1542	5	lx-1582	عنکبوت	noun	1534	1280	1791	1541
1543	5	lx-2093	معذرت	noun	1536	386	3589	1679
1544	5	lx-2711	پیمان	noun	1537	1081	838	1803
1545	5	lx-1973	مهندس	noun	1537	1381	1122	1649
1546	5	lx-2269	حساس	adjective	1540	1116	1079	1724
1547	5	lx-0945	جویدن	verb	1541	2195	2766	1318
1548	5	lx-0608	دست راست	noun	1542	3333	3824	1166
1549	5	lx-1674	جراح	noun	1543	1161	1827	1573
1550	5	lx-3248	عقل	noun	1543	630	1090	1899
1551	5	lx-2354	منطق	noun	1544	1519	745	1748
1552	5	lx-3124	طبیعت	noun	1544	988	775	1866
1553	5	lx-3941	مشاهده	noun	1544	1218	421	1995
1554	5	lx-3212	هوش	noun	1545	824	881	1884
1555	5	lx-0660	کالی‌شویی	noun	1546	3333	3354	1195
1556	5	lx-1458	قطعنامه	noun	1546	2549	1074	1511
1557	5	lx-1401	دموکراسی	noun	1546	1747	1650	1499
1558	5	lx-0609	دست چپ	noun	1547	3333	3824	1171
1559	5	lx-0819	مجسمه‌سازی	noun	1549	3333	2349	1272
1560	5	lx-0612	پشت سر	noun	1549	3333	3824	1173
1561	5	lx-1324	فاکتور	noun	1553	2127	1506	1481
1562	5	lx-1188	فنجان	noun	1553	1862	2011	1443
1563	5	lx-6115	قیمتی	adjective	1554	1270	1893	1555
1564	5	lx-5287	بازگشت	noun	1554	1015	311	2182
1565	5	lx-1116	آشکارا	adverb	1555	2164	2041	1406
1566	5	lx-2670	تقاضا	noun	1557	1016	953	1814
1567	5	lx-2107	تعجب	noun	1561	667	2133	1708
1568	5	lx-1189	صابون	noun	1562	1652	2326	1448
1569	5	lx-1751	استرس	noun	1562	1089	1868	1610
1570	5	lx-2019	محاسبات	noun	1562	1733	901	1683
1571	5	lx-0634	دریشی	noun	1563	3333	3718	1192
1572	5	lx-1644	قارچ	noun	1564	1396	1590	1589
1573	5	lx-1330	ابتکار	noun	1564	1888	1719	1492
1574	5	lx-0857	باغداری	noun	1565	3140	2402	1297
1575	5	lx-0620	دور خوردن	verb	1565	3333	3824	1189
1576	5	lx-2235	قضاوت	noun	1565	838	1533	1743
1577	5	lx-0979	سخاوتمند	adjective	1566	2056	2903	1350
1578	5	lx-0626	سرک عمومی	noun	1567	3333	3824	1191
1579	5	lx-0642	یخن	noun	1567	3188	3824	1200
1580	5	lx-5551	تیر	noun	1569	484	615	2231
1581	5	lx-4835	نمود	noun	1569	2108	175	2153
1582	5	lx-0627	کوچه فرعی	noun	1569	3333	3824	1193
1583	5	lx-1633	معده	noun	1573	1385	1671	1590
1584	5	lx-0707	داکتر دندان	noun	1574	3333	3152	1237
1585	5	lx-1555	طعمه	noun	1576	1177	2140	1572
1586	5	lx-3191	خیانت	noun	1577	539	1456	1911
1587	5	lx-0633	جمپر	noun	1579	3333	3824	1203
1588	5	lx-2182	تبریک	noun	1579	639	2164	1742
1589	5	lx-1995	قطعی	noun	1579	1373	1187	1695
1590	5	lx-1383	تبعیض	noun	1580	1882	1689	1518
1591	5	lx-3383	رمز	noun	1581	730	987	1945
1592	5	lx-0636	دستمال گردن	noun	1582	3333	3824	1206
1593	5	lx-0648	زیرپوشی	noun	1582	3273	3824	1210
1594	5	lx-4077	عدم	noun	1582	1211	445	2044
1595	5	lx-2743	شکنجه	noun	1585	881	1106	1856
1596	5	lx-1207	تولیدکننده	noun	1586	2644	1482	1473
1597	5	lx-1190	حوله	noun	1587	1378	2926	1467
1598	5	lx-0874	آوازخوانی	noun	1588	2826	2746	1317
1599	5	lx-0644	نکتایی	noun	1590	3333	3824	1214
1600	5	lx-2381	فرشته	noun	1591	739	1658	1795
1601	5	lx-1127	طبیعتاً	adverb	1591	1876	2438	1442
1602	5	lx-0646	کرتی پشمی	noun	1592	3333	3824	1216
1603	5	lx-0647	جراب	noun	1595	3333	3824	1219
1604	5	lx-1214	حسابداری	noun	1596	2020	1969	1482
1605	5	lx-6087	هفتاد	numeral	1597	1583	1578	1602
1606	5	lx-1431	حاکمیت	noun	1597	2534	1237	1543
1607	5	lx-0654	اتو کردن	verb	1601	3333	3824	1225
1608	5	lx-1512	زباله	noun	1601	1456	1877	1584
1609	5	lx-6082	هجده	numeral	1602	1666	1507	1608
1610	5	lx-3955	موج	noun	1602	894	647	2054
1611	5	lx-0655	رفو کردن	verb	1603	3333	3824	1227
1612	5	lx-1918	پروتکل	noun	1604	1714	1038	1705
1613	5	lx-1186	اجاق	noun	1604	1838	2268	1480
1614	5	lx-1523	آتشفشان	noun	1604	1790	1556	1583
1615	5	lx-1646	واکسن	noun	1606	1571	1526	1626
1616	5	lx-1455	اقلیت	noun	1608	2174	1385	1568
1617	5	lx-2314	لوس	adjective	1612	681	1985	1797
1618	5	lx-1997	دامنه	noun	1613	1978	853	1734
1619	5	lx-2028	رابط	noun	1614	1242	1316	1745
1620	5	lx-3358	تحلیل	noun	1615	1380	553	1982
1621	5	lx-0893	چنگک	noun	1616	2179	3508	1351
1622	5	lx-2985	کوهستان	noun	1617	1134	827	1918
1623	5	lx-3557	سرانجام	adverb	1617	1324	530	2013
1624	5	lx-1407	بیکاری	noun	1617	1896	1764	1552
1625	5	lx-2912	پرستار	noun	1618	701	1411	1903
1626	5	lx-6022	بلکه	conjunction	1619	623	469	2333
1627	5	lx-4869	تکرار	noun	1619	607	683	2201
1628	5	lx-6072	آهسته	adverb	1620	1419	1798	1627
1629	5	lx-1397	کابینه	noun	1621	2035	1669	1553
1630	5	lx-1575	عقاب	noun	1623	1516	1766	1618
1631	5	lx-2115	رضایت	noun	1623	1261	1233	1772
1632	5	lx-1665	افسردگی	noun	1623	1562	1563	1644
1633	5	lx-3418	موزه	noun	1623	1189	626	2004
1634	5	lx-3948	توان	noun	1623	1170	524	2070
1635	5	lx-2039	طراح	noun	1624	1589	1051	1752
1636	5	lx-3049	الگو	noun	1624	1215	758	1935
1637	5	lx-3779	تعقیب	noun	1625	561	1156	2053
1638	5	lx-0671	درجه حرارت	noun	1625	3333	3824	1250
1639	5	lx-0673	یخ زدن	verb	1628	3333	3824	1253
1640	5	lx-2091	انکار	noun	1631	1078	1496	1773
1641	5	lx-0675	آسمان صاف	noun	1632	3333	3824	1257
1642	5	lx-0676	کمان رستم	noun	1634	3333	3824	1259
1643	5	lx-1491	گواهینامه	noun	1636	1506	2019	1601
1644	5	lx-4846	حذف	noun	1637	1065	405	2220
1645	5	lx-4053	نشانه	noun	1637	833	681	2121
1646	5	lx-1545	بیابان	noun	1638	1943	1467	1622
1647	5	lx-0679	خاکباد	noun	1641	3333	3824	1266
1648	5	lx-1074	عاطفه	noun	1641	2021	2720	1457
1649	5	lx-1221	تاوان	noun	1642	1382	3130	1517
1650	5	lx-0980	خسیس	adjective	1642	2159	3123	1409
1651	5	lx-6027	کلمه	noun	1642	416	722	2368
1652	5	lx-1707	فلج	noun	1643	1341	1822	1670
1653	5	lx-1570	کوسه	noun	1644	1248	2224	1637
1654	5	lx-0997	خیانتکار	adjective	1645	1968	3343	1419
1655	5	lx-2077	وفاداری	noun	1646	1038	1641	1779
1656	5	lx-1609	جامد	noun	1647	2387	1119	1651
1657	5	lx-2223	مشارکت	noun	1647	1810	842	1813
1658	5	lx-2173	غریبه	adjective	1648	749	2141	1799
1659	5	lx-1851	مخاطب	noun	1649	2172	970	1720
1660	5	lx-1113	موقتاً	adverb	1649	1966	2590	1485
1661	5	lx-0684	دندآب	noun	1650	3333	3824	1276
1662	5	lx-2180	خداحافظی	noun	1652	851	1895	1804
1663	5	lx-1337	نوسان	noun	1653	2223	1748	1559
1664	5	lx-4014	قدم	noun	1655	436	1452	2112
1665	5	lx-1718	معتاد	noun	1656	1101	2239	1685
1666	5	lx-0697	جور شدن	verb	1656	3333	3824	1282
1667	5	lx-1104	غیرمستقیم	adjective	1657	2706	1926	1489
1668	5	lx-1520	بقایا	noun	1657	2023	1495	1631
1669	5	lx-2095	سرزنش	noun	1659	857	2013	1793
1670	5	lx-1191	مسواک	noun	1660	1578	2939	1522
1671	5	lx-0700	فشار خون	noun	1660	3333	3824	1286
1672	6	lx-6141	اسد	noun	1663	1800	1478	1674
1673	6	lx-1340	نظرسنجی	noun	1664	2330	1675	1571
1674	6	lx-2475	نقص	noun	1664	1045	1301	1874
1675	6	lx-1097	مرتباً	adverb	1665	2269	2370	1491
1676	6	lx-2474	کمال	noun	1666	1046	1329	1870
1677	6	lx-6156	ارزان	adjective	1669	2062	1298	1680
1678	6	lx-1331	نوآوری	noun	1669	2492	1570	1577
1679	6	lx-3199	تحریک	noun	1669	993	925	2008
1680	6	lx-1228	بانکداری	noun	1671	2497	1829	1539
1681	6	lx-6021	قصد	noun	1671	528	603	2399
1682	6	lx-6066	چهارشنبه	noun	1671	1461	1839	1682
1683	6	lx-4844	منبع	noun	1672	840	552	2255
1684	6	lx-1222	ورشکستگی	noun	1672	2126	2181	1537
1685	6	lx-1569	نهنگ	noun	1672	1687	1684	1668
1686	6	lx-2196	توهین	noun	1672	931	1762	1828
1687	6	lx-0713	دل‌بدی	noun	1673	3333	3824	1299
1688	6	lx-1576	شاهین	noun	1673	1745	1666	1662
1689	6	lx-5349	پاسخ	noun	1676	915	427	2329
1690	6	lx-0715	بجلک پا	noun	1676	3333	3824	1303
1691	6	lx-2306	شجاع	adjective	1677	848	1825	1853
1692	6	lx-0716	بند دست	noun	1677	3333	3824	1304
1693	6	lx-1538	تنگه	noun	1679	1672	1814	1658
1694	6	lx-6088	هشتاد	numeral	1679	1550	1739	1691
1695	6	lx-0868	ماهی‌گیری	noun	1682	3333	2722	1385
1696	6	lx-2471	تعادل	noun	1683	1406	1014	1887
1697	6	lx-0722	لنگ پا	noun	1683	3333	3824	1310
1698	6	lx-1889	تدوین	noun	1685	2006	1069	1766
1699	6	lx-0843	سرخط	noun	1687	2771	3499	1375
1700	6	lx-1743	ویتامین	noun	1688	1719	1463	1723
1701	6	lx-0724	انگشت پا	noun	1688	3333	3824	1315
1702	6	lx-3396	قالب	noun	1689	1554	554	2063
1703	6	lx-2103	توجیه	noun	1690	1251	1457	1821
1704	6	lx-1334	رکود	noun	1693	2431	1696	1593
1705	6	lx-1883	باله	noun	1693	1448	1491	1775
1706	6	lx-2161	منظم	adjective	1695	1622	1089	1838
1707	6	lx-0845	دنبال‌کننده	noun	1696	3184	3063	1384
1708	6	lx-6089	نود	numeral	1697	1539	1779	1712
1709	6	lx-0816	تیاتر	noun	1698	3178	3316	1368
1710	6	lx-1838	درام	noun	1698	1782	1277	1767
1711	6	lx-1683	التهاب	noun	1699	1802	1518	1714
1712	6	lx-1215	حسابدار	noun	1699	1732	2811	1557
1713	6	lx-3954	ذره	noun	1700	502	1400	2151
1714	6	lx-3060	بومی	adjective	1700	1490	697	2016
1715	6	lx-2360	پدیده	noun	1703	1877	820	1893
1716	6	lx-1404	پناهنده	noun	1705	2002	1937	1625
1717	6	lx-1278	تصمیم‌گیری	noun	1705	3333	1352	1585
1718	6	lx-0787	چارجر	noun	1710	2978	3824	1363
1719	6	lx-0737	ستون فقرات	noun	1710	3333	3824	1338
1720	6	lx-1882	اپرا	noun	1710	1588	1440	1782
1721	6	lx-1686	لرزه	noun	1711	1431	1931	1728
1722	6	lx-3821	درگیری	noun	1711	1124	652	2156
1723	6	lx-3239	موافقت	noun	1713	900	1087	2057
1724	6	lx-1888	نمایشنامه	noun	1714	1735	1269	1798
1725	6	lx-5255	ضربه	noun	1715	474	920	2358
1726	6	lx-4022	نتایج	noun	1716	1122	641	2170
1727	6	lx-0743	طرزالعمل	noun	1717	3333	3824	1345
1728	6	lx-1480	تلاشی	noun	1718	1797	1955	1669
1729	6	lx-1506	بازیافت	noun	1718	2103	1619	1678
1730	6	lx-1197	یخبندان	noun	1719	2446	2110	1566
1731	6	lx-0744	مواد لازم	noun	1719	3333	3824	1347
1732	6	lx-1566	گوزن	noun	1719	1423	2201	1702
1733	6	lx-1857	شایعه	noun	1720	1143	2087	1783
1734	6	lx-1571	دلفین	noun	1720	1520	2046	1706
1735	6	lx-1218	مصارف	noun	1722	2869	1767	1575
1736	6	lx-3232	جنبش	noun	1722	1660	591	2071
1737	6	lx-1006	پاکیزه	adjective	1723	2575	2784	1488
1738	6	lx-1652	هورمون	noun	1724	1686	1712	1733
1739	6	lx-1253	معاش	noun	1725	2230	2165	1591
1740	6	lx-1312	اجناس	noun	1726	2017	2229	1612
1741	6	lx-2189	جدایی	noun	1727	1565	1195	1867
1742	6	lx-1719	اعتیاد	noun	1727	1517	1813	1751
1743	6	lx-2113	نفرت	noun	1728	1019	1917	1854
1744	6	lx-3276	عملی	adjective	1729	1090	910	2078
1745	6	lx-1505	انقراض	noun	1730	2024	1715	1688
1746	6	lx-0886	زینه	noun	1731	2809	3322	1432
1747	6	lx-0810	لکچر	noun	1731	2919	3824	1390
1748	6	lx-3210	تقویت	noun	1731	1308	787	2068
1749	6	lx-0853	چنل	noun	1731	2758	3645	1415
1750	6	lx-1597	فضانورد	noun	1732	1688	1857	1719
1751	6	lx-2076	تعهد	noun	1734	1319	1534	1852
1752	6	lx-1348	کارفرما	noun	1735	1985	2177	1633
1753	6	lx-3869	تمیز	noun	1735	519	1522	2168
1754	6	lx-0755	سرخ کردن	verb	1736	3333	3824	1365
1755	6	lx-6014	شرط	noun	1736	417	887	2463
1756	6	lx-1645	انگل	noun	1738	1600	1888	1738
1757	6	lx-0757	توته کردن	verb	1741	3333	3824	1370
1758	6	lx-1929	مکانیک	noun	1741	1724	1336	1823
1759	6	lx-3350	برجسته	adjective	1742	1615	604	2104
1760	6	lx-0758	پوست کردن	verb	1742	3333	3824	1371
1761	6	lx-3773	مدارک	noun	1742	704	1172	2164
1762	6	lx-0759	شور دادن	verb	1743	3333	3824	1372
1763	6	lx-1223	ورشکست	adjective	1743	1815	2847	1595
1764	6	lx-2002	کاربردی	adjective	1744	2184	1000	1843
1765	6	lx-0987	عجول	adjective	1746	2409	3225	1494
1766	6	lx-1939	کوانتوم	noun	1747	1737	1328	1830
1767	6	lx-6023	ذهن	noun	1749	395	971	2472
1768	6	lx-1004	پرانرژی	adjective	1750	2693	2794	1506
1769	6	lx-1230	قرضه	noun	1750	2280	2262	1604
1770	6	lx-1403	سانسور	noun	1751	2293	1811	1665
1771	6	lx-1713	کپسول	noun	1752	1648	1726	1774
1772	6	lx-2171	بیگانه	adjective	1752	1190	1662	1885
1773	6	lx-2355	استدلال	noun	1752	1794	973	1925
1774	6	lx-1853	مجری	noun	1752	1855	1372	1808
1775	6	lx-3410	مجاز	noun	1753	1331	731	2123
1776	6	lx-1573	خرچنگ	noun	1753	1451	2316	1727
1777	6	lx-2425	پرستیدن	verb	1753	1120	1485	1942
1778	6	lx-1462	مافیا	noun	1754	1689	2246	1694
1779	6	lx-6026	مثال	noun	1754	1112	344	2483
1780	6	lx-0769	کمپیوتر	noun	1754	3308	3824	1386
1781	6	lx-3899	اثبات	noun	1758	995	821	2195
1782	6	lx-1693	عضلات	noun	1759	1786	1661	1771
1783	6	lx-0771	صفحه نمایش	noun	1763	3333	3824	1394
1784	6	lx-3354	پرده	noun	1764	990	1003	2134
1785	6	lx-0888	سریش	noun	1765	2746	3569	1458
1786	6	lx-1620	انعکاس	noun	1766	1914	1706	1753
1787	6	lx-2094	بخشش	noun	1769	1033	2086	1882
1788	6	lx-2102	بهانه	noun	1769	1237	1725	1886
1789	6	lx-2462	حامی	noun	1771	1477	1123	1969
1790	6	lx-0780	رمز عبور	noun	1771	3333	3824	1402
1791	6	lx-6117	نارنجی	adjective	1773	1667	1780	1790
1792	6	lx-0781	حساب کاربری	noun	1773	3333	3824	1404
1793	6	lx-1556	پلنگ	noun	1773	1715	2052	1740
1794	6	lx-1629	اسکلت	noun	1773	1868	1732	1765
1795	6	lx-1930	ولتاژ	noun	1774	2344	1042	1850
1796	6	lx-1260	برکناری	noun	1775	2624	1976	1634
1797	6	lx-1673	روانپزشک	noun	1776	1455	2171	1776
1798	6	lx-0862	کمپینگ	noun	1780	2951	3605	1455
1799	6	lx-4029	ذکر	noun	1781	1663	492	2232
1800	6	lx-3069	اکسیژن	noun	1781	1086	1102	2095
1801	6	lx-0783	تماس تصویری	noun	1781	3333	3824	1413
1802	6	lx-3168	اختلال	noun	1782	1315	863	2115
1803	6	lx-2110	خجالت	noun	1782	706	3080	1898
1804	6	lx-4108	خیر	noun	1783	637	1230	2251
1805	6	lx-2386	تقدیر	noun	1783	1307	1369	1962
1806	6	lx-0802	سمستر	noun	1785	3333	3732	1422
1807	6	lx-2721	جنایت	noun	1785	924	1588	2031
1808	6	lx-1437	ملیت	noun	1786	2254	1796	1716
1809	6	lx-3287	ابد	noun	1787	698	1564	2137
1810	6	lx-1031	غیرمنطقی	adjective	1787	2437	3084	1550
1811	6	lx-0993	بی‌گناه	adjective	1788	3333	2463	1528
1812	6	lx-1660	بیهوشی	noun	1788	1536	2132	1781
1813	6	lx-0813	شهادت‌نامه	noun	1790	3333	3632	1434
1814	6	lx-2760	تبعید	noun	1790	1427	1025	2040
1815	6	lx-0794	کار خانگی	noun	1791	3333	3824	1423
1816	6	lx-0797	مطالعه کردن	verb	1792	3333	3824	1424
1817	6	lx-1856	حقایق	noun	1792	1394	1942	1844
1818	6	lx-0840	نشرات	noun	1793	3333	3416	1452
1819	6	lx-1988	بازیابی	noun	1793	1821	1351	1875
1820	6	lx-4866	ادب	noun	1796	999	573	2395
1821	6	lx-3041	تخلیه	noun	1798	968	1299	2105
1822	6	lx-3836	تروریست	noun	1800	787	1151	2226
1823	6	lx-3595	نظیر	preposition	1800	1285	770	2194
1824	6	lx-0803	کتاب درسی	noun	1800	3333	3824	1433
1825	6	lx-3902	اتحاد	noun	1800	1249	713	2233
1826	6	lx-0859	کتاب‌خوانی	noun	1801	3333	3303	1469
1827	6	lx-2741	سرکوب	noun	1801	1655	909	2047
1828	6	lx-1653	غده	noun	1801	1696	1975	1792
1829	6	lx-1009	نامرتب	adjective	1802	2592	3114	1548
1830	6	lx-0806	بورس تحصیلی	noun	1803	3333	3824	1436
1831	6	lx-2322	عذرخواهی	noun	1805	919	2117	1967
1832	6	lx-1027	متواضع	adjective	1805	2267	3436	1561
1833	6	lx-3206	عادت	noun	1807	650	1807	2143
1834	6	lx-2087	مشورت	noun	1807	1367	1688	1915
1835	6	lx-6031	دیر	adverb	1807	337	1279	2533
1836	6	lx-2347	تردید	noun	1807	1305	1444	1981
1837	6	lx-3978	بازسازی	noun	1807	1267	682	2256
1838	6	lx-0809	تدریس کردن	verb	1808	3333	3824	1441
1839	6	lx-1654	ترشح	noun	1810	2099	1634	1796
1840	6	lx-1904	حفاری	noun	1813	1758	1512	1878
1841	6	lx-1484	منظوری	noun	1815	1271	3172	1755
1842	6	lx-1208	مصرف‌کننده	noun	1816	3333	1756	1650
1843	6	lx-0811	انستیتوت	noun	1817	3333	3824	1451
1844	6	lx-3247	خرد	noun	1819	994	1186	2160
1845	6	lx-3275	نظری	adjective	1819	912	1282	2163
1846	6	lx-1804	نوازنده	noun	1819	1792	1665	1851
1847	6	lx-0812	تعلیم و تربیه	noun	1820	3333	3824	1454
1848	6	lx-1900	مقبره	noun	1821	1865	1466	1880
1849	6	lx-1834	شاهکار	noun	1821	1641	1783	1860
1850	6	lx-2169	شفاف	adjective	1824	1586	1421	1946
1851	6	lx-3986	سقف	noun	1824	953	917	2279
1852	6	lx-1898	عرفان	noun	1826	1927	1455	1879
1853	6	lx-0815	آله موسیقی	noun	1826	3333	3824	1460
1854	6	lx-2368	مطلق	adjective	1828	1596	1211	2003
1855	6	lx-1596	فضاپیما	noun	1829	2011	1866	1794
1856	6	lx-3155	ضروری	adjective	1830	1252	1004	2154
1857	6	lx-1848	سردبیر	noun	1830	2300	1289	1868
1858	6	lx-5275	تمرکز	noun	1831	656	822	2482
1859	6	lx-1663	شکستگی	noun	1831	1785	1951	1819
1860	6	lx-0873	صخره‌نوردی	noun	1831	3333	3324	1500
1861	6	lx-2324	لیاقت	noun	1831	873	2307	1993
1862	6	lx-1927	فرستنده	noun	1835	1636	1683	1897
1863	6	lx-1892	انیمیشن	noun	1836	2166	1302	1892
1864	6	lx-1907	کتیبه	noun	1837	2220	1224	1905
1865	6	lx-1809	ناشر	noun	1837	2146	1453	1862
1866	6	lx-1549	پستاندار	noun	1838	2190	1815	1789
1867	6	lx-1623	الکتریسیته	noun	1840	1951	1908	1811
1868	6	lx-6147	هوشیار	adjective	1840	1412	2271	1857
1869	6	lx-0822	برس نقاشی	noun	1842	3333	3824	1477
1870	6	lx-1282	شراکت	noun	1842	1947	2846	1697
1871	6	lx-6038	پیاز	noun	1842	1642	1953	1859
1872	6	lx-1581	خفاش	noun	1842	1680	2319	1800
1873	6	lx-2769	بیانیه	noun	1845	1502	1046	2098
1874	6	lx-1871	تجسم	noun	1845	1913	1540	1890
1875	6	lx-1625	عایق	noun	1846	2342	1592	1818
1876	6	lx-3368	جادو	noun	1847	653	1802	2205
1877	6	lx-0824	رسم کردن	verb	1847	3333	3824	1483
1878	6	lx-1696	نخاع	noun	1848	1901	1847	1839
1879	6	lx-1812	رسوم	noun	1849	1900	1674	1871
1880	6	lx-1664	سوختگی	noun	1850	1825	1971	1835
1881	6	lx-3737	معبد	noun	1850	975	1058	2260
1882	6	lx-1950	پردازنده	noun	1852	2237	1202	1929
1883	6	lx-0971	خسته‌کننده	adjective	1852	3333	2842	1564
1884	6	lx-1194	شامپو	noun	1853	2109	3021	1672
1885	6	lx-0828	اجرا کردن	verb	1854	3333	3824	1490
1886	6	lx-2170	صمیمی	adjective	1855	1236	1915	1974
1887	6	lx-1615	چگالی	noun	1858	2621	1473	1824
1888	6	lx-6030	طلا	noun	1858	740	644	2585
1889	6	lx-0830	صنایع دستی	noun	1858	3333	3824	1495
1890	6	lx-1671	معاینه	noun	1859	1567	2341	1840
1891	6	lx-2168	مرموز	adjective	1860	1227	1947	1978
1892	6	lx-3231	افکار	noun	1861	1025	1267	2191
1893	6	lx-3571	مخصوصاً	adverb	1863	780	1451	2246
1894	6	lx-1547	باتلاق	noun	1863	1905	2192	1807
1895	6	lx-1470	تعدیل	noun	1866	2320	1939	1788
1896	6	lx-1211	مالیه	noun	1866	2669	2390	1687
1897	6	lx-0970	بی‌اهمیت	adjective	1866	3333	2883	1576
1898	6	lx-1586	مورچه	noun	1866	1559	2582	1822
1899	6	lx-1762	تشنج	noun	1867	1638	2088	1873
1900	6	lx-1436	تابعیت	noun	1868	2583	1816	1778
1901	6	lx-1859	اتن	noun	1870	1977	1579	1906
1902	6	lx-2744	نقض	noun	1871	1457	1153	2114
1903	6	lx-1114	تدریجاً	adverb	1871	2952	2486	1654
1904	6	lx-0842	شبکه‌های اجتماعی	noun	1871	3333	3824	1509
1905	6	lx-5616	توصیف	noun	1872	1208	434	2570
1906	6	lx-6113	غمگین	adjective	1873	1272	2616	1889
1907	6	lx-1836	طنز	noun	1874	2259	1420	1902
1908	6	lx-1650	هضم	noun	1874	1763	2163	1848
1909	6	lx-1353	محکمه	noun	1876	1920	2728	1756
1910	6	lx-1202	سرمایه‌گذار	noun	1876	3333	1964	1692
1911	6	lx-2327	تنوع	noun	1877	2031	1067	2035
1912	6	lx-2717	دادستان	noun	1879	1136	1514	2118
1913	6	lx-3844	محاصره	noun	1879	1121	937	2300
1914	6	lx-2030	وضوح	noun	1880	1751	1546	1965
1915	6	lx-2085	وابستگی	noun	1880	1864	1390	1980
1916	6	lx-0846	نشر کردن	verb	1881	3333	3824	1519
1917	6	lx-0851	خبر عاجل	noun	1883	3333	3824	1521
1918	6	lx-2359	ماهیت	noun	1883	1765	1215	2048
1919	6	lx-1233	قسط	noun	1885	2065	3072	1711
1920	6	lx-0870	رسامی	noun	1885	3333	3723	1530
1921	6	lx-0860	گیم زدن	verb	1886	3333	3824	1525
1922	6	lx-2080	محبت	noun	1887	1300	2007	1987
1923	6	lx-2068	گرافیک	noun	1888	2361	1120	1984
1924	6	lx-1010	خیره‌کننده	adjective	1888	3333	2669	1621
1925	6	lx-1389	ولسوالی	noun	1888	3324	1543	1777
1926	6	lx-1343	تفتیش	noun	1892	2169	2522	1763
1927	6	lx-0863	بایسکل‌رانی	noun	1893	3333	3824	1532
1928	6	lx-2774	جاسوسی	noun	1893	1041	1640	2142
1929	6	lx-2287	تظاهر	noun	1893	1061	2166	2039
1930	6	lx-1199	پریز	noun	1896	2286	2950	1707
1931	6	lx-2100	افشا	noun	1896	1473	1777	1999
1932	6	lx-3774	شواهد	noun	1897	1182	952	2302
1933	6	lx-0869	پختن کیک	noun	1898	3333	3824	1538
1934	6	lx-1387	توافقنامه	noun	1899	2333	2236	1786
1935	6	lx-1539	فلات	noun	1902	2785	1620	1833
1936	6	lx-5441	سرشماری	noun	1902	2421	232	2595
1937	6	lx-1970	تراشه	noun	1904	1659	1751	1975
1938	6	lx-2378	معجزه	noun	1904	875	2491	2072
1939	6	lx-3925	پرت	noun	1904	488	2170	2337
1940	6	lx-1599	تلسکوپ	noun	1905	2228	1889	1858
1941	6	lx-3294	روان	noun	1905	1110	1220	2245
1942	6	lx-1568	پنگوئن	noun	1905	1749	2481	1849
1943	6	lx-1483	مکتوب	noun	1907	2582	1862	1820
1944	6	lx-1327	اقتصاددان	noun	1907	2897	1974	1769
1945	6	lx-0876	پیچ‌کش	noun	1909	3333	3824	1549
1946	6	lx-2109	شرم	noun	1909	1066	2498	2011
1947	6	lx-2548	خسارت	noun	1909	1303	1503	2117
1948	6	lx-1631	شریان	noun	1909	1984	2090	1869
1949	6	lx-6116	لاغر	adjective	1910	1440	2393	1928
1950	6	lx-1527	فرسایش	noun	1913	2457	1900	1837
1951	6	lx-2187	نامزدی	noun	1914	1511	1702	2030
1952	6	lx-1709	معلول	noun	1916	2032	1921	1896
1953	6	lx-1699	گوارش	noun	1918	2317	1709	1894
1954	6	lx-3385	روایت	noun	1918	2207	598	2275
1955	6	lx-2448	نیت	noun	1918	1044	2031	2103
1956	6	lx-0887	گروپ دستی	noun	1919	3333	3824	1560
1957	6	lx-1414	نفوس	noun	1920	2974	1772	1809
1958	6	lx-0894	کراچی دستی	noun	1921	3333	3824	1563
1959	6	lx-3213	شناخت	noun	1922	1462	997	2244
1960	6	lx-6024	خیال	noun	1923	371	1415	2662
1961	6	lx-0895	آب‌تراز	noun	1923	3333	3824	1565
1962	6	lx-5941	پادشاهی	noun	1924	895	602	2652
1963	6	lx-5478	برش	noun	1924	582	1010	2615
1964	6	lx-5946	دربار	noun	1924	663	817	2651
1965	6	lx-4107	شر	noun	1924	644	1536	2398
1966	6	lx-0896	اسپانر	noun	1925	3333	3824	1567
1967	6	lx-0989	بی‌تفاوت	adjective	1926	3333	2921	1640
1968	6	lx-2105	اشتیاق	noun	1926	1374	2018	2022
1969	6	lx-0897	تصمیم گرفتن	verb	1928	3333	3824	1570
1970	6	lx-1776	حاد	noun	1928	2094	1765	1930
1971	6	lx-5557	شیشه	noun	1931	725	797	2634
1972	6	lx-0898	مقایسه کردن	verb	1932	3333	3824	1574
1973	6	lx-1577	جغد	noun	1932	1843	2501	1865
1974	6	lx-1328	کارآفرین	noun	1933	2749	2191	1785
1975	6	lx-2814	لیزر	noun	1934	1601	1135	2181
1976	6	lx-1489	جواز	noun	1934	2052	2451	1841
1977	6	lx-1519	زیستگاه	noun	1934	2711	1774	1855
1978	6	lx-0899	ثابت کردن	verb	1937	3333	3824	1580
1979	6	lx-2986	دشت	noun	1937	1854	885	2224
1980	6	lx-2124	خوشبختی	noun	1941	1282	2194	2038
1981	6	lx-1959	استقرار	noun	1942	2400	1312	2001
1982	6	lx-3615	مشخصاً	adverb	1943	1056	1229	2321
1983	6	lx-0900	موافقت کردن	verb	1944	3333	3824	1588
1984	6	lx-5480	پیوند	noun	1945	1059	576	2637
1985	6	lx-1795	روزنامه‌نگار	noun	1946	3333	1110	1953
1986	6	lx-3320	تفسیر	noun	1947	1869	771	2287
1987	6	lx-2184	پذیرایی	noun	1949	1353	2028	2058
1988	6	lx-6143	طفل	noun	1950	1936	1835	1972
1989	6	lx-0901	مخالفت کردن	verb	1950	3333	3824	1594
1990	6	lx-2029	درگاه	noun	1951	1833	1630	2032
1991	6	lx-0902	حدس زدن	verb	1953	3333	3824	1597
1992	6	lx-1775	مزمن	noun	1953	2271	1687	1952
1993	6	lx-2112	عصبانیت	noun	1954	1206	2405	2046
1994	6	lx-0903	باور کردن	verb	1955	3333	3824	1599
1995	6	lx-1612	تبخیر	noun	1955	2539	1817	1895
1996	6	lx-5284	اید	noun	1955	707	918	2628
1997	6	lx-0904	فراموش کردن	verb	1956	3333	3824	1600
1998	6	lx-2747	پناهگاه	noun	1956	1057	1844	2188
1999	6	lx-2357	فرضیه	noun	1957	1526	1552	2120
2000	6	lx-3252	ذهنی	adjective	1958	1243	1219	2286
2001	6	lx-0905	به یاد آوردن	verb	1958	3333	3824	1603
2002	6	lx-1790	مایعات	noun	1959	2100	1805	1963
2003	6	lx-1879	ریتم	noun	1959	1805	1901	1996
2004	6	lx-1438	پناهندگی	noun	1961	2354	2336	1847
2005	6	lx-1320	مفاد	noun	1961	2678	2387	1802
2006	6	lx-0906	تغییر دادن	verb	1966	3333	3824	1611
2007	6	lx-6067	پنجشنبه	noun	1967	1708	2106	1991
2008	6	lx-1710	نابینا	noun	1967	2016	2085	1940
2009	6	lx-0907	تبدیل شدن	verb	1967	3333	3824	1613
2010	6	lx-3371	جنبه	noun	1969	1530	899	2340
2011	6	lx-1706	بخیه	noun	1970	1469	2886	1941
2012	6	lx-1753	وسواس	noun	1970	1632	2462	1959
2013	6	lx-0908	جستجو کردن	verb	1971	3333	3824	1617
2014	6	lx-1184	بالشت	noun	1973	2134	3618	1760
2015	6	lx-0909	کشف کردن	verb	1973	3333	3824	1619
2016	6	lx-1308	تعرفه	noun	1974	2849	2245	1817
2017	6	lx-1398	استیضاح	noun	1974	2501	2337	1845
2018	6	lx-2079	صداقت	noun	1975	1405	2184	2055
2019	6	lx-1198	شارژر	noun	1976	2470	3065	1770
2020	6	lx-0910	حمایت کردن	verb	1977	3333	3824	1623
2021	6	lx-1396	مصوبه	noun	1977	3041	1938	1846
2022	6	lx-3886	تابع	noun	1977	2192	545	2409
2023	6	lx-1668	معالجه	noun	1978	1837	2450	1932
2024	6	lx-2135	حسود	adjective	1980	1075	2763	2074
2025	6	lx-2340	سازگار	adjective	1981	1894	1333	2132
2026	6	lx-0911	تشویق کردن	verb	1981	3333	3824	1628
2027	6	lx-2081	کینه	noun	1981	1387	2234	2061
2028	6	lx-2185	مهمانی	noun	1982	1541	1832	2094
2029	6	lx-1915	رمزگذاری	noun	1984	2160	1628	2021
2030	6	lx-6136	ضرورت	noun	1984	2171	1679	2010
2031	6	lx-0912	توهین کردن	verb	1985	3333	3824	1632
2032	6	lx-3782	جبران	noun	1985	879	1449	2396
2033	6	lx-4049	هیولا	noun	1985	641	1729	2453
2034	6	lx-6160	سبزی	noun	1986	1813	2175	
2035	6	lx-5273	خلق	noun	1986	1080	635	2658
2036	6	lx-0913	احترام گذاشتن	verb	1988	3333	3824	1635
2037	6	lx-1688	اسهال	noun	1988	2057	2148	1951
2038	6	lx-1583	عقرب	noun	1988	1987	2526	1910
2039	6	lx-0914	شکایت کردن	verb	1988	3333	3824	1636
2040	6	lx-2098	غیبت	noun	1989	1542	2000	2073
2041	6	lx-0915	پیشنهاد دادن	verb	1990	3333	3824	1638
2042	6	lx-1492	اساسنامه	noun	1991	2683	2075	1881
2043	6	lx-2134	فداکار	adjective	1991	1325	2277	2084
2044	6	lx-0916	توضیح دادن	verb	1993	3333	3824	1641
2045	6	lx-2143	احساساتی	adjective	1994	1142	2631	2089
2046	6	lx-1227	صرافی	noun	1995	2846	2676	1791
2047	6	lx-0917	توصیف کردن	verb	1997	3333	3824	1645
2048	6	lx-1835	ژانر	noun	1997	2635	1447	2012
2049	6	lx-1554	درنده	adjective	1997	1778	2941	1909
2050	6	lx-0918	مقاومت کردن	verb	1998	3333	3824	1646
2051	6	lx-1277	راه‌حل	noun	1998	3333	2047	1827
2052	6	lx-1948	سنسور	noun	1999	1939	1795	2045
2053	6	lx-5325	روانی	noun	1999	651	1066	2676
2054	6	lx-1578	طوطی	noun	2002	2055	2499	1921
2055	6	lx-3246	ذات	noun	2002	1284	1290	2320
2056	6	lx-4037	جزء	noun	2004	1240	927	2468
2057	6	lx-0919	تسلیم شدن	verb	2004	3333	3824	1653
2058	6	lx-1868	خلاقیت	noun	2004	2080	1806	2027
2059	6	lx-2122	حوصله	noun	2005	1079	2875	2093
2060	6	lx-0920	تحمل کردن	verb	2006	3333	3824	1655
2061	6	lx-0921	حل کردن	verb	2007	3333	3824	1656
2062	6	lx-2021	رمزنگاری	noun	2007	2460	1364	2069
2063	6	lx-4734	واژه	noun	2007	1729	483	2609
2064	6	lx-0922	پیچیده کردن	verb	2009	3333	3824	1659
2065	6	lx-0923	نابود کردن	verb	2011	3333	3824	1661
2066	6	lx-5361	روند	noun	2012	1156	617	2688
2067	6	lx-1550	خزنده	noun	2013	2101	2543	1922
2068	6	lx-2338	سرسخت	adjective	2013	1363	1962	2157
2069	6	lx-0924	تعمیر کردن	verb	2013	3333	3824	1663
2070	6	lx-0925	ایجاد کردن	verb	2014	3333	3824	1664
2071	6	lx-3047	انتشارات	noun	2015	2290	811	2295
2072	6	lx-1526	گردباد	noun	2015	1917	2895	1913
2073	6	lx-0926	بررسی کردن	verb	2016	3333	3824	1666
2074	6	lx-3054	استخراج	noun	2017	1752	1060	2298
2075	6	lx-0927	تأیید کردن	verb	2017	3333	3824	1667
2076	6	lx-0928	انکار کردن	verb	2020	3333	3824	1671
2077	6	lx-2125	بدبختی	noun	2021	1113	2852	2108
2078	6	lx-0929	اعتراف کردن	verb	2022	3333	3824	1673
2079	6	lx-1613	انجماد	noun	2022	2504	2030	1950
2080	6	lx-1837	تراژدی	noun	2024	1871	2122	2034
2081	6	lx-2082	حسادت	noun	2024	1428	2304	2099
2082	6	lx-0930	پشیمان شدن	verb	2024	3333	3824	1675
2083	6	lx-2224	تعامل	noun	2024	2488	1178	2140
2084	6	lx-2165	تنبل	adjective	2024	1336	2298	2124
2085	6	lx-6058	بوت	noun	2025	1963	1936	2051
2086	6	lx-1869	ذوق	noun	2025	1753	2233	2041
2087	6	lx-0932	نگران بودن	verb	2026	3333	3824	1677
2088	6	lx-2369	نسبی	adjective	2026	2466	1091	2174
2089	6	lx-1385	آتش‌بس	noun	2028	3333	1995	1872
2090	6	lx-0933	آرام شدن	verb	2029	3333	3824	1681
2091	6	lx-1617	اصطکاک	noun	2031	2614	1956	1960
2092	6	lx-0934	هیجان‌زده شدن	verb	2032	3333	3824	1684
2093	6	lx-1579	طاووس	noun	2034	2143	2502	1948
2094	6	lx-2507	رونق	noun	2035	2231	1150	2204
2095	6	lx-0935	ناامید شدن	verb	2037	3333	3824	1689
2096	6	lx-1021	پرتلاش	adjective	2037	3158	3388	1739
2097	6	lx-2309	آشفته	adjective	2037	1366	2084	2169
2098	6	lx-1329	کارآفرینی	noun	2041	3034	2372	1863
2099	6	lx-0936	امیدوار بودن	verb	2043	3333	3824	1696
2100	6	lx-3575	برعکس	adverb	2043	1030	1517	2407
2101	6	lx-2267	خشمگین	adjective	2044	1654	1786	2165
2102	6	lx-2120	اندوه	noun	2044	1533	2157	2125
2103	6	lx-0937	تعجب کردن	verb	2045	3333	3824	1698
2104	6	lx-2075	تفاهم	noun	2045	1514	2254	2116
2105	6	lx-0938	فریاد زدن	verb	2046	3333	3824	1700
2106	6	lx-2133	خودخواه	adjective	2047	1231	2657	2133
2107	6	lx-0939	زمزمه کردن	verb	2047	3333	3824	1701
2108	6	lx-0940	خیره شدن	verb	2049	3333	3824	1703
2109	6	lx-1801	تماشاچی	noun	2050	1842	2331	2043
2110	6	lx-3784	محقق	noun	2051	1736	810	2462
2111	6	lx-3397	قدمت	noun	2051	1836	921	2388
2112	6	lx-1546	جلگه	noun	2052	2726	2062	1955
2113	6	lx-2108	حیرت	noun	2053	1441	2347	2130
2114	6	lx-1095	ندرتاً	adverb	2053	3011	3299	1780
2115	6	lx-0941	اشاره کردن	verb	2055	3333	3824	1709
2116	6	lx-0942	لمس کردن	verb	2055	3333	3824	1710
2117	6	lx-2364	آرمان	noun	2056	1662	1697	2199
2118	6	lx-6046	آشپزخانه	noun	2056	1946	1999	2085
2119	6	lx-3901	محور	noun	2058	2019	667	2491
2120	6	lx-0943	احساس کردن	verb	2058	3333	3824	1713
2121	6	lx-1687	سرگیجه	noun	2058	1892	2551	2014
2122	6	lx-1704	مثانه	noun	2060	2180	2196	2019
2123	6	lx-1911	برنامه‌نویسی	noun	2060	3333	1176	2088
2124	6	lx-5340	خودکشی	noun	2061	847	929	2729
2125	6	lx-1932	توربین	noun	2062	2444	1561	2100
2126	6	lx-5563	الکتریکی	noun	2063	1360	560	2748
2127	6	lx-2190	آشتی	noun	2063	1677	1872	2171
2128	6	lx-0947	نفس کشیدن	verb	2065	3333	3824	1721
2129	6	lx-1517	اکوسیستم	noun	2066	2691	2200	1956
2130	6	lx-0948	سرفه کردن	verb	2066	3333	3824	1722
2131	6	lx-1842	غزل	noun	2067	2462	1690	2076
2132	6	lx-6003	کاش	particle	2067	590	1052	2851
2133	6	lx-2455	وجدان	noun	2068	1223	2309	2216
2134	6	lx-1562	تمساح	noun	2068	2004	2860	1970
2135	6	lx-0949	عطسه کردن	verb	2069	3333	3824	1725
2136	6	lx-3061	مهاجم	adjective	2071	1740	1162	2348
2137	6	lx-0950	خمیازه کشیدن	verb	2073	3333	3824	1729
2138	6	lx-1961	زیرساخت	noun	2073	2489	1475	2128
2139	6	lx-0951	چرت زدن	verb	2073	3333	3824	1730
2140	6	lx-0952	استراحت کردن	verb	2074	3333	3824	1731
2141	6	lx-0953	خسته شدن	verb	2075	3333	3824	1732
2142	6	lx-1400	اپوزیسیون	noun	2076	2898	2418	1914
2143	6	lx-1878	ملودی	noun	2077	2133	1912	2096
2144	6	lx-1876	طبل	noun	2077	1579	2620	2092
2145	6	lx-1852	گوینده	noun	2078	2142	1990	2083
2146	6	lx-0954	انرژی گرفتن	verb	2079	3333	3824	1736
2147	6	lx-2943	تومور	noun	2079	1317	1667	2328
2148	6	lx-2708	تحریم	noun	2080	2120	1118	2299
2149	6	lx-3917	میانه	noun	2081	1804	753	2524
2150	6	lx-1684	الرژی	noun	2081	1891	2666	2029
2151	6	lx-3772	محاکمه	noun	2083	1063	1404	2488
2152	6	lx-3840	اسیر	noun	2083	1153	1251	2503
2153	6	lx-3112	حیاتی	adjective	2083	1384	1450	2369
2154	6	lx-0955	ورزش کردن	verb	2083	3333	3824	1741
2155	6	lx-1747	چاقی	noun	2084	2068	2306	2052
2156	6	lx-0956	مراقبت کردن	verb	2086	3333	3824	1744
2157	6	lx-0957	استفاده کردن	verb	2088	3333	3824	1746
2158	6	lx-3014	محیطی	adjective	2088	1885	1130	2353
2159	6	lx-0283	انکشاف	noun	2088	3333	2780	1842
2160	6	lx-0958	ادامه دادن	verb	2089	3333	3824	1747
2161	6	lx-1761	صرع	noun	2091	2162	2195	2062
2162	6	lx-0959	متوقف کردن	verb	2091	3333	3824	1749
2163	6	lx-0960	تصادف کردن	verb	2091	3333	3824	1750
2164	6	lx-5792	به حاشیه راندن	verb	2092	866	832	2825
2165	6	lx-3812	بلوک	noun	2092	1275	1116	2523
2166	6	lx-3621	بلافاصله	adverb	2094	1463	1114	2469
2167	6	lx-1557	کرگدن	noun	2094	2079	2865	1990
2168	6	lx-0961	تأخیر داشتن	verb	2095	3333	3824	1754
2169	6	lx-2423	مبهم	adjective	2096	1788	1677	2234
2170	6	lx-3953	حجم	noun	2098	1904	717	2550
2171	6	lx-0962	لغو کردن	verb	2099	3333	3824	1758
2172	6	lx-2104	ناامیدی	noun	2099	1577	2308	2167
2173	6	lx-4410	بروز	noun	2099	1527	723	2644
2174	6	lx-3349	برانگیختن	verb	2100	1557	1214	2419
2175	6	lx-2537	انحصار	noun	2101	1961	1429	2266
2176	6	lx-3145	آمادگی	noun	2101	1254	1609	2394
2177	6	lx-0963	برگزار کردن	verb	2101	3333	3824	1761
2178	6	lx-1417	جرگه	noun	2102	2783	2574	1939
2179	6	lx-3411	محتوا	noun	2102	2038	907	2431
2180	6	lx-0964	شرکت کردن	verb	2104	3333	3824	1764
2181	6	lx-1302	ماشین‌آلات	noun	2107	3333	2472	1901
2182	6	lx-0965	تمرکز کردن	verb	2108	3333	3824	1768
2183	6	lx-6033	خطرناک	adjective	2108	631	1086	2878
2184	6	lx-1712	انسولین	noun	2111	2306	2216	2064
2185	6	lx-1602	زیست‌شناسی	noun	2113	3333	1742	2023
2186	6	lx-1005	خواب‌آلود	adjective	2114	3333	3713	1784
2187	6	lx-2317	پویا	adjective	2114	2258	1445	2228
2188	6	lx-2320	شوم	adjective	2115	1436	2276	2229
2189	6	lx-1982	تنظیمات	noun	2117	2250	1831	2147
2190	6	lx-3364	تفکر	noun	2117	1572	1226	2437
2191	6	lx-1192	خمیردندان	noun	2117	2983	3259	1861
2192	6	lx-1885	دیالوگ	noun	2119	1863	2299	2136
2193	6	lx-1319	خرده‌فروشی	noun	2121	3333	2452	1920
2194	6	lx-2731	جناح	noun	2121	1874	1384	2325
2195	6	lx-4773	بیت	noun	2122	1731	578	2726
2196	6	lx-3950	حرارت	noun	2125	1629	868	2578
2197	6	lx-2232	نگرش	noun	2125	2123	1625	2222
2198	6	lx-2291	تنفر	noun	2126	1364	2454	2235
2199	6	lx-2181	تسلیت	noun	2128	1710	2108	2211
2200	6	lx-3415	معاصر	adjective	2129	2461	781	2456
2201	6	lx-2020	سیار	adjective	2130	2082	1968	2166
2202	6	lx-3997	طاق	noun	2130	1039	1319	2601
2203	6	lx-3909	زاویه	noun	2131	1401	1030	2580
2204	6	lx-3237	مدنی	adjective	2132	1983	1047	2429
2205	6	lx-2439	حلال	adjective	2132	1997	1553	2272
2206	6	lx-2811	رادار	noun	2135	1584	1621	2349
2207	6	lx-3393	فاجعه	noun	2135	1115	1757	2458
2208	6	lx-3776	بازجویی	noun	2135	899	1758	2548
2209	6	lx-1935	مونتاژ	noun	2136	2432	1797	2152
2210	6	lx-2411	اندیشیدن	verb	2137	1945	1655	2265
2211	6	lx-3657	نهایتاً	adverb	2137	1529	1128	2514
2212	6	lx-1532	نیمکره	noun	2137	2463	2619	2018
2213	6	lx-1450	منازعه	noun	2140	2881	2495	1985
2214	6	lx-2251	ظلم	noun	2141	1722	2033	2240
2215	6	lx-1022	تنبلی کردن	verb	2141	3333	3824	1806
2216	6	lx-1023	مجبور کردن	verb	2145	3333	3824	1810
2217	6	lx-3781	دستگیری	noun	2146	1258	1274	2558
2218	6	lx-2318	رک	adjective	2147	1186	2870	2258
2219	6	lx-1647	پادتن	noun	2147	2301	2447	2077
2220	6	lx-1624	رسانا	noun	2150	2775	2149	2060
2221	6	lx-1531	استوا	noun	2150	2700	2456	2024
2222	6	lx-2151	زرنگ	adjective	2151	1296	2967	2219
2223	6	lx-1472	فقره	noun	2153	2398	2954	2006
2224	6	lx-3846	فتح	noun	2154	1701	919	2582
2225	6	lx-3058	نیروگاه	noun	2155	2077	1095	2428
2226	6	lx-2759	عفو	noun	2156	1397	1946	2357
2227	6	lx-2186	عزاداری	noun	2156	1906	1959	2236
2228	6	lx-2722	رشوه	noun	2157	1184	2345	2351
2229	6	lx-2388	عبادت	noun	2158	1674	2014	2277
2230	6	lx-3207	تقلید	noun	2158	1657	1326	2446
2231	6	lx-1461	غصب	noun	2158	2731	2637	2007
2232	6	lx-1035	لذت بردن	verb	2158	3333	3824	1825
2233	6	lx-1036	آرزو کردن	verb	2159	3333	3824	1826
2234	6	lx-2921	گچ	noun	2160	1820	1375	2397
2235	6	lx-5294	سایه	noun	2161	774	1197	2830
2236	6	lx-3195	تهاجم	noun	2161	1750	1264	2448
2237	6	lx-3151	مختصات	noun	2162	1446	1559	2441
2238	6	lx-1037	رد شدن	verb	2162	3333	3824	1829
2239	6	lx-1714	آمپول	noun	2162	1934	2807	2109
2240	6	lx-1038	پنهان شدن	verb	2164	3333	3824	1831
2241	6	lx-1039	خاطرنشان کردن	verb	2165	3333	3824	1832
2242	6	lx-1561	یوزپلنگ	noun	2165	2476	2625	2050
2243	6	lx-1524	سونامی	noun	2166	2381	2855	2036
2244	6	lx-1467	پیش‌نویس	noun	2168	3333	2185	2015
2245	6	lx-3193	تحقیر	noun	2169	1185	1892	2454
2246	6	lx-1288	ملکیت	noun	2169	2799	3246	1944
2247	6	lx-1846	نثر	noun	2171	2931	1680	2155
2248	6	lx-1702	جگر	noun	2172	2118	2642	2111
2249	6	lx-3209	تنبیه	noun	2172	1088	2051	2461
2250	6	lx-3407	لهجه	noun	2173	1395	1438	2506
2251	6	lx-1951	پهپاد	noun	2173	1996	2329	2179
2252	6	lx-1745	کالری	noun	2174	2210	2441	2126
2253	6	lx-1695	غضروف	noun	2174	2687	2101	2110
2254	6	lx-3655	احتمالی	adjective	2175	1411	1271	2556
2255	6	lx-2467	افراطی	adjective	2176	1808	1840	2308
2256	6	lx-1306	حمل‌ونقل	noun	2176	3333	2689	1957
2257	6	lx-1513	آلاینده	noun	2177	2818	2416	2049
2258	6	lx-1418	فیصله	noun	2178	2406	3242	2005
2259	6	lx-2433	رحمت	noun	2180	1608	2123	2303
2260	6	lx-3403	گرایش	noun	2181	2147	947	2513
2261	6	lx-3250	مجرد	adjective	2183	1104	2034	2474
2262	6	lx-2751	مداخله	noun	2183	1699	1660	2383
2263	6	lx-1759	آلزایمر	noun	2184	2173	2494	2138
2264	6	lx-3569	اساساً	adverb	2184	1322	1441	2545
2265	6	lx-1787	تیروئید	noun	2185	2335	2274	2146
2266	6	lx-1910	سخت‌افزار	noun	2188	3333	1474	2178
2267	6	lx-1899	صوفی	noun	2188	2665	1853	2177
2268	6	lx-1373	برائت	noun	2191	2991	2840	1992
2269	6	lx-1553	گیاهخوار	noun	2194	2302	2992	2067
2270	6	lx-1799	تهیه‌کننده	noun	2197	3333	1600	2161
2271	6	lx-4025	گمان	noun	2197	1168	1276	2673
2272	6	lx-1413	تذکره	noun	2199	3250	2496	2017
2273	6	lx-2074	سازش	noun	2201	2081	2097	2239
2274	6	lx-5582	شن	noun	2204	665	1360	2916
2275	6	lx-1427	قانون‌گذاری	noun	2204	3333	2420	2025
2276	6	lx-3969	پیوسته	noun	2204	1830	852	2664
2277	6	lx-1558	زرافه	noun	2207	2375	2867	2087
2278	6	lx-3390	شکوه	noun	2209	1298	1695	2522
2279	6	lx-1105	به زودی	phrase	2210	3333	3824	1883
2280	6	lx-2289	صریح	adjective	2210	2089	1861	2296
2281	6	lx-2326	آفرینش	noun	2212	2181	1755	2305
2282	6	lx-3427	اجتناب ورزیدن	verb	2213	1580	1361	2538
2283	6	lx-1598	رصدخانه	noun	2214	2782	2376	2106
2284	6	lx-1107	در نهایت	phrase	2214	3333	3824	1888
2285	6	lx-1893	کمدین	noun	2214	2028	2542	2196
2286	6	lx-1108	در حال حاضر	phrase	2217	3333	3824	1891
2287	6	lx-3930	تخمین	noun	2219	1809	889	2674
2288	6	lx-1640	وراثت	noun	2219	2510	2531	2127
2289	6	lx-3771	جعل	noun	2221	1093	1612	2636
2290	6	lx-1962	ذخیره‌سازی	noun	2222	3333	1499	2218
2291	6	lx-4723	تضمین	noun	2222	950	1235	2824
2292	6	lx-3765	مظنون	noun	2226	869	2044	2641
2293	6	lx-2894	تجویز	noun	2227	1789	1566	2449
2294	6	lx-2435	برکت	noun	2227	1621	2266	2341
2295	6	lx-1769	خفگی	noun	2227	2206	2611	2172
2296	6	lx-1129	به تنهایی	phrase	2228	3333	3824	1904
2297	6	lx-1564	شامپانزه	noun	2229	2322	2994	2107
2298	6	lx-2033	بازخورد	noun	2229	2519	1873	2248
2299	6	lx-2106	کنجکاوی	noun	2230	1640	2699	2274
2300	6	lx-1130	با هم	phrase	2231	3333	3824	1907
2301	6	lx-1133	به جز	preposition	2232	3333	3824	1908
2302	6	lx-1135	بر خلاف	preposition	2235	3333	3824	1912
2303	6	lx-2729	ائتلاف	noun	2237	2324	1341	2420
2304	6	lx-2420	معقول	adjective	2237	1811	2077	2346
2305	6	lx-3794	محرمانه	adjective	2237	969	1830	2660
2306	6	lx-1651	متابولیسم	noun	2238	2713	2386	2144
2307	6	lx-1136	بر اساس	preposition	2239	3333	3824	1916
2308	6	lx-1138	با وجود	preposition	2239	3333	3824	1917
2309	6	lx-1844	قافیه	noun	2240	2137	2570	2206
2310	6	lx-1661	پانسمان	noun	2240	2153	2981	2150
2311	6	lx-2770	سخنگو	noun	2240	1807	1704	2430
2312	6	lx-4039	عام	adjective	2241	1221	1310	2711
2313	6	lx-3365	تماشاگر	noun	2241	1631	1410	2552
2314	6	lx-1139	به علاوه	preposition	2241	3333	3824	1919
2315	6	lx-1831	مینیاتور	noun	2243	2558	2189	2203
2316	6	lx-3566	عملاً	adverb	2244	1495	1380	2604
2317	6	lx-3002	پایداری	noun	2244	2214	1234	2485
2318	6	lx-3787	قضایی	adjective	2244	1494	1203	2665
2319	6	lx-1140	به غیر از	preposition	2245	3333	3824	1923
2320	6	lx-1981	پروفایل	noun	2245	2070	2407	2249
2321	6	lx-1897	حماسه	noun	2245	2384	2256	2221
2322	6	lx-1141	از طریق	preposition	2246	3333	3824	1924
2323	6	lx-2601	خزانه	noun	2246	1620	2080	2402
2324	6	lx-4797	اوج	noun	2247	1330	888	2863
2325	6	lx-1142	به وسیله	preposition	2247	3333	3824	1926
2326	6	lx-1638	دی‌ان‌ای	noun	2247	3333	1988	2148
2327	6	lx-1733	سرایت	noun	2248	2218	2773	2175
2328	6	lx-1478	احضاریه	noun	2248	2225	3614	2080
2329	6	lx-5942	خاندان	noun	2248	1157	747	3017
2330	6	lx-1143	در مورد	preposition	2248	3333	3824	1927
2331	6	lx-2712	تروریسم	noun	2250	1986	1623	2426
2332	6	lx-3166	محرک	noun	2251	1796	1414	2526
2333	6	lx-1559	گورخر	noun	2252	2477	2945	2119
2334	6	lx-1144	راجع به	preposition	2252	3333	3824	1931
2335	6	lx-2066	فرمت	noun	2253	2588	1812	2283
2336	6	lx-1145	به خاطر	preposition	2253	3333	3824	1933
2337	6	lx-1146	در برابر	preposition	2254	3333	3824	1934
2338	6	lx-1147	در مقابل	preposition	2256	3333	3824	1936
2339	6	lx-1148	در میان	preposition	2257	3333	3824	1937
2340	6	lx-1217	عایدات	noun	2257	3103	3634	1977
2341	6	lx-1150	خارج از	preposition	2258	3333	3824	1938
2342	6	lx-3906	قطر	noun	2259	2188	799	2701
2343	6	lx-1453	مساوات	noun	2260	2836	2977	2079
2344	6	lx-1563	لاک‌پشت	noun	2261	3333	2190	2131
2345	6	lx-1507	گلخانه‌ای	adjective	2262	3333	2381	2102
2346	6	lx-5343	مقابله	noun	2262	1179	914	2932
2347	6	lx-1322	ترازنامه	noun	2265	2926	3402	2028
2348	6	lx-1154	در طول	preposition	2266	3333	3824	1947
2349	6	lx-2234	تعصب	noun	2266	2091	2121	2322
2350	6	lx-3386	رویکرد	noun	2267	2450	960	2583
2351	6	lx-1155	در عرض	preposition	2267	3333	3824	1949
2352	6	lx-3042	فاضلاب	noun	2269	1518	1854	2509
2353	6	lx-1999	کدگذاری	noun	2269	2332	2198	2271
2354	6	lx-3084	سرچشمه	noun	2270	2047	1346	2519
2355	6	lx-3561	عمدتاً	adverb	2271	2547	833	2633
2356	6	lx-1485	استعلام	noun	2271	2850	2885	2101
2357	6	lx-1156	به جای	preposition	2272	3333	3824	1954
2358	6	lx-1300	فابریکه	noun	2273	3318	3109	2026
2359	6	lx-2070	شبیه‌سازی	noun	2274	3333	1460	2297
2360	6	lx-1975	بهینه‌سازی	noun	2274	3333	1574	2269
2361	6	lx-3966	دنباله	noun	2274	1350	1256	2739
2362	6	lx-2323	شایستگی	noun	2275	1846	2270	2356
2363	6	lx-1551	دوزیست	noun	2275	2819	2686	2135
2364	6	lx-1158	در نتیجه	conjunction	2275	3333	3824	1958
2365	6	lx-3360	تخیل	noun	2275	1420	1700	2584
2366	6	lx-5945	سلطان	noun	2277	1532	599	3039
2367	6	lx-1159	با این حال	conjunction	2278	3333	3824	1961
2368	6	lx-3825	تانک	noun	2278	1321	1376	2713
2369	6	lx-3421	واقعه	noun	2278	1772	1317	2603
2370	6	lx-3419	نابغه	noun	2279	922	2525	2605
2371	6	lx-2162	نامنظم	adjective	2279	2247	2082	2319
2372	6	lx-3855	جاسوس	noun	2280	932	1958	2715
2373	6	lx-1160	در حالی که	conjunction	2280	3333	3824	1964
2374	6	lx-2137	خجالتی	adjective	2281	1709	2777	2316
2375	6	lx-2111	پشیمانی	noun	2281	1910	2518	2311
2376	6	lx-2031	پیکسل	noun	2282	2639	1913	2294
2377	6	lx-1163	تا اینکه	conjunction	2282	3333	3824	1966
2378	6	lx-2299	شیفته	adjective	2283	1755	2487	2352
2379	6	lx-1957	کامپایلر	noun	2284	3333	1631	2268
2380	6	lx-1164	به شرطی که	conjunction	2284	3333	3824	1968
2381	6	lx-6091	ثور	noun	2284	2292	2111	2313
2382	6	lx-2903	شیوع	noun	2284	1944	1577	2496
2383	6	lx-1917	جستجوگر	noun	2286	2168	2603	2257
2384	6	lx-1165	مگر اینکه	conjunction	2287	3333	3824	1971
2385	6	lx-1167	خواه... خواه	conjunction	2288	3333	3824	1973
2386	6	lx-2351	متکی	adjective	2290	2367	1792	2372
2387	6	lx-2375	رستگاری	noun	2290	1717	2417	2381
2388	6	lx-4838	ظرفیت	noun	2290	1743	727	2902
2389	6	lx-2116	نارضایتی	noun	2290	2464	1982	2318
2390	6	lx-1168	نه تنها... بلکه	conjunction	2291	3333	3824	1976
2391	6	lx-1887	فیلم‌نامه	noun	2291	3333	1743	2253
2392	6	lx-1748	لاغری	noun	2292	2378	2725	2213
2393	6	lx-3837	تلفات	noun	2292	1496	1266	2717
2394	6	lx-1169	هم... هم	conjunction	2294	3333	3824	1979
2395	6	lx-3012	تصفیه	noun	2296	1803	1639	2528
2396	6	lx-2126	جسارت	noun	2296	1823	2692	2324
2397	6	lx-1170	از این رو	conjunction	2297	3333	3824	1983
2398	6	lx-6005	احمد	noun	2298	1656	572	3060
2399	6	lx-1171	بدین ترتیب	conjunction	2300	3333	3824	1986
2400	6	lx-2341	ناسازگار	adjective	2301	2328	1864	2379
2401	6	lx-2252	ستم	noun	2302	2136	2169	2354
2402	6	lx-1172	به همین دلیل	conjunction	2302	3333	3824	1989
2403	6	lx-1726	سونوگرافی	noun	2303	2359	2845	2214
2404	6	lx-1352	رای‌دهی	noun	2303	3333	3054	2066
2405	6	lx-1919	آپلود	noun	2303	1907	3036	2270
2406	6	lx-5655	تصادفی	noun	2304	981	1050	3028
2407	6	lx-1268	راپور	noun	2304	3063	3629	2037
2408	6	lx-2808	پلیمر	noun	2304	2578	1281	2494
2409	6	lx-2043	اسکنر	noun	2305	2095	2511	2309
2410	6	lx-1226	اسعار	noun	2306	3333	3532	2020
2411	6	lx-1173	با این وجود	conjunction	2307	3333	3824	1994
2412	6	lx-2310	پریشان	adjective	2307	1992	2241	2376
2413	6	lx-2626	تعویق	noun	2308	1930	1907	2455
2414	6	lx-1196	برفباری	noun	2309	3333	3684	2009
2415	6	lx-1667	واکسیناسیون	noun	2309	2748	2613	2197
2416	6	lx-1174	از آنجایی که	conjunction	2309	3333	3824	1997
2417	6	lx-1175	همانطور که	conjunction	2310	3333	3824	1998
2418	6	lx-1176	طوری که	conjunction	2312	3333	3824	2000
2419	6	lx-1247	پرسونل	noun	2312	3042	3800	2033
2420	6	lx-1177	به طوری که	conjunction	2313	3333	3824	2002
2421	6	lx-2250	انصاف	noun	2315	1880	2504	2366
2422	6	lx-1983	پیکربندی	noun	2315	2922	1905	2301
2423	6	lx-3839	شهید	noun	2317	2050	948	2745
2424	6	lx-2121	یأس	noun	2317	2152	2366	2338
2425	6	lx-1757	اسکیزوفرنی	noun	2321	2435	2751	2238
2426	6	lx-1708	معلولیت	noun	2323	2599	2671	2227
2427	6	lx-2292	دلپذیر	adjective	2325	1932	2394	2386
2428	6	lx-1722	توانبخشی	noun	2327	2535	2754	2230
2429	6	lx-5940	امپراتوری	noun	2329	1818	555	3082
2430	6	lx-3229	رفاه	noun	2330	2063	1367	2599
2431	6	lx-2096	تمجید	noun	2333	2311	2290	2344
2432	6	lx-1463	زورگیر	noun	2334	2569	3563	2141
2433	6	lx-2349	قاطع	adjective	2335	2198	2050	2411
2434	6	lx-2373	کفر	noun	2337	1895	2356	2417
2435	6	lx-1756	هذیان	noun	2337	2352	2902	2252
2436	6	lx-2822	حسگر	noun	2337	2069	1654	2527
2437	6	lx-3271	مقدمه	noun	2337	1941	1413	2622
2438	6	lx-2150	کودن	adjective	2339	1501	3423	2363
2439	6	lx-3854	مدافع	noun	2339	1524	1309	2768
2440	6	lx-2265	خشنود	adjective	2340	2076	2317	2391
2441	6	lx-1760	پارکینسون	noun	2340	2485	2759	2254
2442	6	lx-3808	فرقه	noun	2343	1460	1366	2773
2443	6	lx-1715	پماد	noun	2343	2433	2944	2241
2444	6	lx-5602	آشکار	noun	2343	1225	913	3055
2445	6	lx-1552	گوشتخوار	noun	2344	2613	3209	2184
2446	6	lx-3214	بلوغ	noun	2346	1847	1569	2611
2447	6	lx-2520	وثیقه	noun	2351	1679	2469	2466
2448	6	lx-3117	کوهی	adjective	2351	2010	1511	2598
2449	6	lx-2552	مدیرعامل	noun	2352	2222	1843	2473
2450	6	lx-2424	تناقض	noun	2354	2201	2016	2443
2451	6	lx-1843	مثنوی	noun	2355	3274	2006	2289
2452	6	lx-2295	تسکین	noun	2355	2013	2401	2410
2453	6	lx-2371	یقین	noun	2357	2075	2218	2432
2454	6	lx-4021	اسباب	noun	2358	910	2040	2831
2455	6	lx-1307	ترانسپورت	noun	2359	3333	3449	2090
2456	6	lx-1588	ستاره‌شناسی	noun	2359	3333	2470	2210
2457	6	lx-1225	تورم‌پولی	noun	2360	3333	3824	2056
2458	6	lx-3023	سازگاری	noun	2361	2249	1427	2589
2459	6	lx-2325	نبوغ	noun	2362	2025	2357	2424
2460	6	lx-1734	مسری	noun	2362	2283	3171	2262
2461	6	lx-3307	اسطوره	noun	2364	1887	1389	2682
2462	6	lx-5606	خطا	noun	2364	1034	1115	3076
2463	6	lx-2444	واجب	adjective	2367	2224	2015	2457
2464	6	lx-1267	سیمینار	noun	2367	3251	3735	2081
2465	6	lx-2236	تعهدات	noun	2367	2326	2197	2404
2466	6	lx-1229	حساب‌بانکی	noun	2368	3333	3824	2065
2467	6	lx-1828	منار	noun	2368	3130	2179	2292
2468	6	lx-1257	تقاعد	noun	2368	3244	3824	2075
2469	6	lx-4845	مقصد	noun	2373	1281	1143	2970
2470	6	lx-1822	فولکلور	noun	2373	2945	2348	2293
2471	6	lx-1923	مودم	noun	2374	2686	2365	2327
2472	6	lx-1784	اهداکننده	noun	2375	2323	3067	2284
2473	6	lx-2051	تراکنش	noun	2377	2581	2180	2378
2474	6	lx-1486	تحویلی	noun	2380	3086	3105	2180
2475	6	lx-2336	شاکی	adjective	2382	1832	2652	2444
2476	6	lx-3806	اردو	noun	2384	1538	1402	2802
2477	7	lx-2042	چاپگر	noun	2385	2802	2079	2375
2478	7	lx-3857	مقر	noun	2385	1432	1461	2817
2479	7	lx-1249	استخدام کردن	verb	2386	3333	3824	2086
2480	7	lx-3284	جوهر	noun	2388	1665	1733	2675
2481	7	lx-2573	مزایده	noun	2388	1754	2425	2508
2482	7	lx-2222	انزوا	noun	2389	2396	2225	2416
2483	7	lx-1903	ویرانه	noun	2389	2527	2627	2330
2484	7	lx-1252	امضا کردن	verb	2390	3333	3824	2091
2485	7	lx-1921	بی‌سیم	adjective	2390	3333	1989	2332
2486	7	lx-1723	فیزیوتراپی	noun	2392	2555	2975	2281
2487	7	lx-1493	تعهدنامه	noun	2392	2716	3544	2193
2488	7	lx-1711	ناشنوا	noun	2392	2634	2930	2276
2489	7	lx-6012	گرچه	conjunction	2393	1164	943	3151
2490	7	lx-2280	تأمل	noun	2394	2309	2237	2436
2491	7	lx-2907	دیابت	noun	2395	2078	1720	2592
2492	7	lx-2904	قرنطینه	noun	2396	1421	2517	2593
2493	7	lx-3198	سلطه	noun	2396	1884	1648	2655
2494	7	lx-1317	عمده‌فروشی	noun	2397	3333	3577	2122
2495	7	lx-2283	بدرفتاری	noun	2397	2026	2538	2442
2496	7	lx-2465	رادیکال	adjective	2398	2568	1771	2493
2497	7	lx-3852	موضع	noun	2398	1653	1278	2833
2498	7	lx-2071	صمیمیت	noun	2398	2165	2695	2392
2499	7	lx-2118	دلسوزی	noun	2399	1760	3238	2403
2500	7	lx-1376	محبس	noun	2400	3112	3586	2149
2501	7	lx-3911	عمود	noun	2400	2119	977	2846
2502	7	lx-3568	شدیداً	adverb	2400	1309	1902	2760
2503	7	lx-2829	رمزگشایی	noun	2400	1912	1927	2586
2504	7	lx-1360	استخبارات	noun	2400	3333	3395	2145
2505	7	lx-5603	تئوری	noun	2401	1230	969	3123
2506	7	lx-3970	طیف	noun	2405	2121	941	2871
2507	7	lx-2983	جغرافیا	noun	2407	2502	1392	2620
2508	7	lx-2389	نیایش	noun	2408	2298	2137	2476
2509	7	lx-2397	دیکتاتوری	noun	2408	2297	2134	2477
2510	7	lx-1943	بدافزار	noun	2411	2404	2737	2362
2511	7	lx-3942	قوه	noun	2411	1499	1382	2864
2512	7	lx-3402	کیهان	noun	2413	2030	1387	2723
2513	7	lx-4046	سکون	noun	2415	1902	1049	2887
2514	7	lx-1936	رباتیک	noun	2415	2577	2593	2361
2515	7	lx-5474	تنش	noun	2416	1320	944	3126
2516	7	lx-1469	توشیح	noun	2417	3333	3077	2200
2517	7	lx-2734	تندرو	noun	2418	2042	1963	2575
2518	7	lx-2931	عصا	noun	2419	1523	2383	2619
2519	7	lx-3416	مفاهیم	noun	2419	2459	1139	2735
2520	7	lx-4019	اندیشه	noun	2419	1974	980	2909
2521	7	lx-6123	گلابی	adjective	2421	2149	2528	2452
2522	7	lx-2257	مأیوس	adjective	2421	1761	3094	2451
2523	7	lx-1314	گدام	noun	2422	3228	3824	2139
2524	7	lx-1291	فروشات	noun	2423	3333	3824	2129
2525	7	lx-4208	ارث	noun	2424	1269	1502	2924
2526	7	lx-2422	بدیهی	adjective	2424	2256	2193	2495
2527	7	lx-2297	شکوفایی	noun	2426	2692	1966	2470
2528	7	lx-1922	روتر	noun	2428	2824	2431	2367
2529	7	lx-2393	کمونیسم	noun	2429	2491	2029	2492
2530	7	lx-2145	بدبین	adjective	2429	2067	2866	2427
2531	7	lx-4847	ادغام	noun	2430	1734	923	3020
2532	7	lx-2571	پیمانکار	noun	2430	1935	2318	2544
2533	7	lx-1391	قوماندان	noun	2432	3333	3464	2176
2534	7	lx-1339	احصائیه	noun	2434	3333	3660	2158
2535	7	lx-6105	یکجا	adverb	2435	2102	2609	2467
2536	7	lx-1830	تذهیب	noun	2437	2844	2691	2336
2537	7	lx-2239	حسرت	noun	2437	1924	2925	2459
2538	7	lx-4238	مدعی	noun	2437	1766	1094	2939
2539	7	lx-2335	شکرگزار	adjective	2439	1827	2901	2486
2540	7	lx-5889	حداکثر	noun	2439	1450	830	3184
2541	7	lx-2072	همدلی	noun	2440	2479	2536	2418
2542	7	lx-5527	سازه	noun	2440	1479	847	3164
2543	7	lx-2156	گستاخ	adjective	2441	1661	3610	2438
2544	7	lx-3062	کاشت	noun	2446	2215	1598	2669
2545	7	lx-2064	همگرایی	noun	2446	2719	2342	2421
2546	7	lx-3838	مجروح	noun	2446	1623	1397	2876
2547	7	lx-5528	فولاد	noun	2446	1573	835	3150
2548	7	lx-1825	گلدوزی	noun	2447	2709	2850	2345
2549	7	lx-6153	نادان	adjective	2448	1991	2787	2479
2550	7	lx-1496	عریضه	noun	2448	2925	3516	2237
2551	7	lx-1318	پرچون‌فروشی	noun	2448	3333	3824	2159
2552	7	lx-1968	اسکریپت	noun	2449	3110	2173	2401
2553	7	lx-2246	مدارا	noun	2450	2379	2396	2471
2554	7	lx-1321	بیلانس	noun	2451	3333	3824	2162
2555	7	lx-1432	دیپلوماسی	noun	2453	2930	3824	2212
2556	7	lx-2477	اخلاقیات	noun	2455	2033	2422	2539
2557	7	lx-1735	اپیدمی	noun	2457	2804	3019	2323
2558	7	lx-3905	شعاع	noun	2459	1712	1306	2903
2559	7	lx-2419	برهان	noun	2460	2626	1950	2529
2560	7	lx-2440	حرام	adjective	2461	2414	2103	2535
2561	7	lx-3979	نما	noun	2462	1368	1601	2917
2562	7	lx-1410	تروریزم	noun	2462	3154	3696	2208
2563	7	lx-4867	کلام	noun	2463	1404	1206	3047
2564	7	lx-1490	لایسنس	noun	2464	3333	3168	2247
2565	7	lx-5900	رسماً	noun	2467	1172	1059	3215
2566	7	lx-2101	سوءتفاهم	noun	2468	2044	3150	2445
2567	7	lx-1393	مقرره	noun	2468	3163	3771	2207
2568	7	lx-1349	قانون اساسی	noun	2469	3333	3824	2183
2569	7	lx-1350	مجلس نمایندگان	noun	2470	3333	3824	2185
2570	7	lx-1355	دوسیه	noun	2470	3316	3824	2187
2571	7	lx-2001	برنامه‌نویس	noun	2471	3333	2060	2423
2572	7	lx-4736	نحو	noun	2471	1630	1076	3042
2573	7	lx-2385	قیامت	noun	2472	2040	2640	2525
2574	7	lx-2896	سرطانی	noun	2473	1950	2039	2657
2575	7	lx-1354	څارنوال	noun	2474	3333	3824	2189
2576	7	lx-2307	بزدل	adjective	2474	1543	3687	2505
2577	7	lx-1736	همه‌گیری	noun	2476	3333	2621	2334
2578	7	lx-1358	رشوت	noun	2476	3333	3824	2192
2579	7	lx-3374	خلوت	noun	2477	1391	2206	2780
2580	7	lx-2148	جسور	adjective	2478	2236	2830	2465
2581	7	lx-2040	مدل‌سازی	noun	2478	3333	2026	2439
2582	7	lx-3947	پتانسیل	noun	2480	1875	1205	2931
2583	7	lx-1803	آوازخوان	noun	2480	2973	2761	2364
2584	7	lx-1361	امنیت ملی	noun	2481	3333	3824	2198
2585	7	lx-5862	برخلاف	noun	2481	1329	963	3224
2586	7	lx-2723	شفافیت	noun	2484	2423	1801	2631
2587	7	lx-6013	وگرنه	conjunction	2484	497	2515	3241
2588	7	lx-1364	رئیس جمهور	noun	2485	3333	3824	2202
2589	7	lx-2248	شرمساری	noun	2485	1999	3002	2497
2590	7	lx-1487	فورم	noun	2488	2912	3753	2263
2591	7	lx-2396	استبداد	noun	2489	2500	2160	2546
2592	7	lx-3121	مخرب	adjective	2489	2073	1770	2716
2593	7	lx-5580	مخلوط	noun	2490	1344	1013	3206
2594	7	lx-1369	کمپاین	noun	2490	3333	3818	2209
2595	7	lx-2784	استعمار	noun	2490	2397	1782	2650
2596	7	lx-2737	مصونیت	noun	2491	1886	2303	2643
2597	7	lx-1905	باستان‌شناس	noun	2491	3333	2279	2408
2598	7	lx-1824	ضرب‌المثل	noun	2492	3333	2397	2390
2599	7	lx-1595	سیاه‌چاله	noun	2493	3333	2993	2304
2600	7	lx-3277	تجربی	adjective	2494	2429	1378	2765
2601	7	lx-1378	حقوق بشر	noun	2496	3333	3824	2215
2602	7	lx-1379	جامعه مدنی	noun	2497	3333	3824	2217
2603	7	lx-2191	قهر	noun	2499	2135	2985	2490
2604	7	lx-2130	سنگدل	adjective	2500	2128	3115	2475
2605	7	lx-1873	آبرنگ	noun	2501	2947	2677	2406
2606	7	lx-2394	سوسیالیسم	noun	2501	2718	2027	2555
2607	7	lx-1388	ولسوال	noun	2502	3333	3792	2225
2608	7	lx-1382	وجیبه	noun	2502	3333	3824	2223
2609	7	lx-2346	عزم	noun	2503	2273	2505	2543
2610	7	lx-3363	تعبیر	noun	2504	1994	1603	2801
2611	7	lx-1592	شهاب‌سنگ	noun	2504	3333	3024	2314
2612	7	lx-1764	کوما	noun	2505	2798	3117	2371
2613	7	lx-1860	پهلوانی	noun	2506	3056	2633	2405
2614	7	lx-6029	مرا	pronoun	2508	905	1419	3269
2615	7	lx-6018	جناب	noun	2509	505	2559	3267
2616	7	lx-3843	پیشروی	noun	2510	1741	1417	2934
2617	7	lx-3263	امتناع	noun	2510	2003	1714	2777
2618	7	lx-2504	سهامدار	noun	2510	2343	2209	2594
2619	7	lx-2379	وحی	noun	2512	2346	2377	2564
2620	7	lx-2952	پلاسما	noun	2514	2248	1845	2697
2621	7	lx-1465	پالیسی	noun	2514	3333	3473	2273
2622	7	lx-2757	غرامت	noun	2515	2007	2219	2666
2623	7	lx-2225	همدستی	noun	2517	2282	2774	2517
2624	7	lx-3190	کنایه	noun	2517	1568	2296	2766
2625	7	lx-1399	رای اعتماد	noun	2519	3333	3824	2242
2626	7	lx-2128	سخاوت	noun	2521	2212	3099	2489
2627	7	lx-1841	رباعی	noun	2522	3198	2596	2412
2628	7	lx-5291	رویا	noun	2525	669	2247	3212
2629	7	lx-1402	آزادی بیان	noun	2525	3333	3824	2250
2630	7	lx-1739	صحی	noun	2528	3023	3039	2380
2631	7	lx-4568	ناتو	noun	2528	1444	1244	3124
2632	7	lx-3170	ادراک	noun	2529	2117	1750	2770
2633	7	lx-2929	لال	noun	2530	1684	2553	2704
2634	7	lx-2350	مردد	adjective	2531	2150	2744	2566
2635	7	lx-1409	قاچاقبر	noun	2533	3333	3824	2259
2636	7	lx-2383	دوزخ	noun	2533	2353	2458	2577
2637	7	lx-2710	وتو	noun	2534	1866	2512	2670
2638	7	lx-3251	عینی	adjective	2534	1990	1787	2797
2639	7	lx-1412	حمله انتحاری	noun	2535	3333	3824	2261
2640	7	lx-2247	گستاخی	noun	2535	1812	3484	2542
2641	7	lx-3003	توازن	noun	2535	1957	2131	2724
2642	7	lx-1415	شورای ولایتی	noun	2537	3333	3824	2264
2643	7	lx-2023	آسیب‌پذیری	noun	2537	3333	2210	2481
2644	7	lx-1725	عکس‌برداری	noun	2539	3333	2820	2384
2645	7	lx-1416	لویه جرگه	noun	2540	3333	3824	2267
2646	7	lx-3221	قشر	noun	2540	2294	1589	2793
2647	7	lx-2353	دلبستگی	noun	2540	2443	2436	2574
2648	7	lx-4855	تکیه	noun	2542	1400	1337	3125
2649	7	lx-4060	ارزشی	adjective	2543	1130	2104	3005
2650	7	lx-1890	صداگذاری	noun	2547	3006	2748	2447
2651	7	lx-1938	بیوتکنولوژی	noun	2548	2816	2818	2464
2652	7	lx-3910	موازی	noun	2548	2106	1209	2978
2653	7	lx-1425	نظارتخانه	noun	2549	3333	3824	2278
2654	7	lx-4243	سوگند	noun	2549	1278	1741	3048
2655	7	lx-1426	سارنوالی	noun	2550	3333	3824	2280
2656	7	lx-1716	ملهم	noun	2551	3254	2963	2389
2657	7	lx-2140	پرخاشگر	adjective	2551	2349	3018	2515
2658	7	lx-1442	اختطاف	noun	2551	3255	3824	2290
2659	7	lx-5252	برتری	noun	2552	1500	1083	3216
2660	7	lx-3408	ماندگار	adjective	2552	2388	1353	2868
2661	7	lx-1428	قوه مقننه	noun	2552	3333	3824	2282
2662	7	lx-3264	تضاد	noun	2553	2170	1647	2822
2663	7	lx-5534	شهرداری	noun	2554	1770	848	3263
2664	7	lx-1429	قوه اجرائیه	noun	2555	3333	3824	2285
2665	7	lx-2485	الهیات	noun	2555	2721	2035	2626
2666	7	lx-3048	هواشناسی	noun	2555	2066	2004	2757
2667	7	lx-3404	گریم	noun	2557	1266	2566	2873
2668	7	lx-1430	قوه قضائیه	noun	2557	3333	3824	2288
2669	7	lx-2724	پاسخگویی	noun	2557	2455	1967	2690
2670	7	lx-2127	بزدلی	noun	2558	2141	3363	2518
2671	7	lx-3881	قید	noun	2559	1651	1586	2981
2672	7	lx-1829	خطاطی	noun	2560	2988	2973	2433
2673	7	lx-1435	قونسلگری	noun	2560	3333	3824	2291
2674	7	lx-4876	شناختی	noun	2560	1521	1245	3148
2675	7	lx-3068	مرجان	noun	2561	2221	1837	2772
2676	7	lx-3471	فروپاشیدن	verb	2562	2072	1523	2895
2677	7	lx-2390	مقدسات	noun	2563	2245	2650	2606
2678	7	lx-1497	عرایض	noun	2565	3233	3744	2317
2679	7	lx-1580	لک‌لک	noun	2566	3333	3346	2350
2680	7	lx-3858	حریم	noun	2567	1531	1746	2983
2681	7	lx-3093	معاهده	noun	2568	2284	1769	2786
2682	7	lx-2450	پوچی	noun	2569	1998	2879	2629
2683	7	lx-2321	مظلوم	adjective	2571	2453	2580	2590
2684	7	lx-2041	سه‌بعدی	adjective	2572	3333	2354	2500
2685	7	lx-1452	حقوق زنان	noun	2572	3333	3824	2306
2686	7	lx-1621	انکسار	noun	2573	3293	3255	2374
2687	7	lx-3282	وحدت	noun	2573	2675	1348	2847
2688	7	lx-1454	قوم پرستی	noun	2573	3333	3824	2307
2689	7	lx-3156	ناخودآگاه	noun	2575	1720	2282	2810
2690	7	lx-1459	سازمان ملل	noun	2576	3333	3824	2310
2691	7	lx-2888	کاوشگر	noun	2576	2157	2151	2734
2692	7	lx-1460	حق‌التلف	noun	2577	3333	3824	2312
2693	7	lx-1466	خط مشی	noun	2580	3333	3824	2315
2694	7	lx-2847	مسیریاب	noun	2583	2430	1957	2733
2695	7	lx-1934	اتوماسیون	noun	2583	3113	2694	2487
2696	7	lx-2531	حسابرسی	noun	2585	2310	2423	2663
2697	7	lx-1754	فوبیا	noun	2587	2924	3376	2425
2698	7	lx-1771	دررفتگی	noun	2588	3079	3140	2435
2699	7	lx-1482	حوزه امنیتی	noun	2589	3333	3824	2326
2700	7	lx-2288	ریاکار	adjective	2593	2139	3091	2600
2701	7	lx-1488	ثبت نام	noun	2593	3333	3824	2331
2702	7	lx-2579	سوئیفت	noun	2593	2382	2291	2685
2703	7	lx-2038	تکنیسین	noun	2595	2623	3062	2520
2704	7	lx-2362	ذهنیت	noun	2595	2327	2703	2625
2705	7	lx-2099	رازداری	noun	2596	2235	3432	2541
2706	7	lx-1494	ضمانت‌خط	noun	2596	3333	3824	2335
2707	7	lx-2452	فضیلت	noun	2597	2571	2294	2656
2708	7	lx-3351	بصری	adjective	2597	2373	1486	2894
2709	7	lx-3879	رهایی	noun	2599	1693	1633	3016
2710	7	lx-3256	جبر	noun	2599	2415	1558	2865
2711	7	lx-5358	عوارض	noun	2599	1625	1019	3286
2712	7	lx-3867	موکل	noun	2599	1031	2660	3021
2713	7	lx-1495	وکالت‌خط	noun	2600	3333	3824	2339
2714	7	lx-3372	جنون	noun	2601	1513	2324	2901
2715	7	lx-1501	محیط زیست	noun	2602	3333	3824	2342
2716	7	lx-3405	گنجینه	noun	2603	1592	2114	2925
2717	7	lx-1502	آلودگی هوا	noun	2603	3333	3824	2343
2718	7	lx-2841	مفسر	noun	2603	2814	1745	2747
2719	7	lx-4063	فرع	noun	2603	1839	1406	3057
2720	7	lx-3389	سوژه	noun	2604	1646	2069	2920
2721	7	lx-3400	کاراکتر	noun	2606	2151	1613	2914
2722	7	lx-2609	بازپرداخت	noun	2606	2345	2353	2698
2723	7	lx-1503	تغییر اقلیم	noun	2606	3333	3824	2347
2724	7	lx-3301	شرک	noun	2608	1643	2242	2889
2725	7	lx-3952	کثافت	noun	2609	754	3604	3040
2726	7	lx-4051	دال	noun	2611	1607	1614	3068
2727	7	lx-1669	تداوی	noun	2612	3256	3365	2414
2728	7	lx-3067	گرمایش	noun	2613	2419	1781	2821
2729	7	lx-1508	گرمایش جهانی	noun	2613	3333	3824	2355
2730	7	lx-2027	پایانه‌	noun	2613	3333	2484	2531
2731	7	lx-4061	قاعده	noun	2614	1989	1315	3067
2732	7	lx-2271	خیرخواه	adjective	2614	2402	2853	2613
2733	7	lx-2434	غضب	noun	2615	2264	2721	2661
2734	7	lx-1509	لایه اوزون	noun	2616	3333	3824	2359
2735	7	lx-4026	فهم	noun	2617	1756	1527	3059
2736	7	lx-2950	انعقاد	noun	2617	2350	2021	2782
2737	7	lx-1510	انرژی تجدیدپذیر	noun	2617	3333	3824	2360
2738	7	lx-3356	پیشینه	noun	2617	2163	1670	2912
2739	7	lx-1779	بی‌حسی	noun	2619	3333	2999	2460
2740	7	lx-1511	سوخت فسیلی	noun	2621	3333	3824	2365
2741	7	lx-4007	بالقوه	adjective	2623	1949	1394	3062
2742	7	lx-3165	ناهنجاری	noun	2623	1909	2025	2888
2743	7	lx-3021	گرمسیری	adjective	2624	2441	1850	2815
2744	7	lx-2897	ورید	noun	2624	2364	2078	2776
2745	7	lx-2044	بارکد	noun	2625	2668	3097	2547
2746	7	lx-3225	همبستگی	noun	2626	2498	1581	2881
2747	7	lx-1518	تنوع زیستی	noun	2626	3333	3824	2370
2748	7	lx-5575	مترو	noun	2627	1203	1349	3344
2749	7	lx-1521	فاجعه طبیعی	noun	2628	3333	3824	2373
2750	7	lx-2550	تملک	noun	2628	2611	2251	2700
2751	7	lx-5276	یادگیری	noun	2628	1856	945	3303
2752	7	lx-1525	رانش زمین	noun	2631	3333	3824	2377
2753	7	lx-2472	افراط	noun	2632	2407	2563	2683
2754	7	lx-5975	پیک	noun	2633	989	1492	3407
2755	7	lx-2311	سردرگم	adjective	2633	2098	3240	2642
2756	7	lx-1572	هشت‌پا	noun	2634	3333	3641	2400
2757	7	lx-1954	تحلیل‌گر	noun	2635	3333	2658	2530
2758	7	lx-1528	جزر و مد	noun	2636	3333	3824	2382
2759	7	lx-3895	کسر	noun	2636	1964	1471	3051
2760	7	lx-1960	ابررسانا	noun	2638	3081	2871	2534
2761	7	lx-1529	طول جغرافیایی	noun	2638	3333	3824	2385
2762	7	lx-6032	گران	adjective	2639	1443	1031	3413
2763	7	lx-2316	پشتکار	noun	2639	2401	2848	2647
2764	7	lx-3884	معادله	noun	2639	1897	1535	3052
2765	7	lx-1530	عرض جغرافیایی	noun	2640	3333	3824	2387
2766	7	lx-2576	بازدهی	noun	2640	2679	2203	2714
2767	7	lx-3096	همگانی	adjective	2641	2316	1879	2857
2768	7	lx-3376	دگرگونی	noun	2642	2252	1611	2947
2769	7	lx-2942	داون	noun	2644	1881	2608	2805
2770	7	lx-1536	شبه جزیره	noun	2645	3333	3824	2393
2771	7	lx-2483	جامعه‌شناسی	noun	2645	3333	1880	2694
2772	7	lx-2705	رأی‌گیری	noun	2648	3333	1672	2751
2773	7	lx-2392	سرمایه‌داری	noun	2649	3333	1979	2677
2774	7	lx-2556	بهره‌وری	noun	2651	3333	1810	2719
2775	7	lx-3037	گسل	noun	2656	2552	1778	2858
2776	7	lx-1986	به‌روزرسانی	noun	2656	3333	2655	2557
2777	7	lx-2432	آمرزش	noun	2656	2114	3088	2691
2778	7	lx-4764	نمایشی	noun	2657	1619	1362	3225
2779	7	lx-2067	فشرده‌سازی	noun	2657	3333	2534	2579
2780	7	lx-1560	اسب آبی	noun	2661	3333	3824	2413
2781	7	lx-1567	خرس قطبی	noun	2663	3333	3824	2415
2782	7	lx-1967	پلاگین	noun	2664	3166	2890	2553
2783	7	lx-2367	بدبینی	noun	2665	2487	2752	2681
2784	7	lx-2740	مشروعیت	noun	2665	2705	2064	2774
2785	7	lx-3253	مبدأ	noun	2667	2454	1657	2927
2786	7	lx-5553	ورق	noun	2667	1292	1304	3390
2787	7	lx-2418	نتیجه‌گیری	noun	2668	3333	2005	2696
2788	7	lx-1574	عروس دریایی	noun	2669	3333	3824	2422
2789	7	lx-6148	بهادر	adjective	2669	2751	2382	2706
2790	7	lx-2377	ثواب	noun	2672	2515	2730	2689
2791	7	lx-2308	صبوری	noun	2672	2319	3083	2671
2792	7	lx-3222	تحرک	noun	2673	2193	1909	2922
2793	7	lx-2395	فاشیسم	noun	2676	2778	2468	2695
2794	7	lx-3929	پارامتر	noun	2678	2548	1171	3100
2795	7	lx-1584	زنبور عسل	noun	2679	3333	3824	2434
2796	7	lx-2352	آزرده	adjective	2680	2329	3035	2687
2797	7	lx-2339	انعطاف‌پذیر	adjective	2680	3333	2138	2684
2798	7	lx-2899	کلسترول	noun	2681	2484	2107	2827
2799	7	lx-1777	آرام‌بخش	noun	2681	3333	3276	2501
2800	7	lx-4210	وقف	noun	2682	1566	1718	3160
2801	7	lx-3038	زمین‌لرزه	noun	2683	3333	1407	2882
2802	7	lx-1591	منظومه شمسی	noun	2684	3333	3824	2440
2803	7	lx-3266	سنتز	noun	2684	2774	1497	2942
2804	7	lx-2706	دیپلماسی	noun	2686	2389	2437	2784
2805	7	lx-1839	شعرخوانی	noun	2687	3122	3264	2537
2806	7	lx-2048	اشتراک‌گذاری	noun	2687	3333	2667	2596
2807	7	lx-3999	منحنی	noun	2688	2347	1238	3128
2808	7	lx-1789	آلرژن	noun	2689	3124	3486	2511
2809	7	lx-3013	آشامیدنی	adjective	2691	2598	1865	2877
2810	7	lx-1618	طول موج	noun	2692	3333	3824	2450
2811	7	lx-3053	حفاظتی	adjective	2693	2027	2339	2890
2812	7	lx-2454	غیراخلاقی	adjective	2693	2649	2568	2722
2813	7	lx-1886	مونولوگ	noun	2695	3005	3278	2561
2814	7	lx-4044	اطلاق	noun	2695	2835	1029	3137
2815	7	lx-5559	حرارتی	noun	2695	1931	916	3410
2816	7	lx-2391	تواضع	noun	2695	2272	3112	2707
2817	7	lx-1778	خواب‌آور	noun	2700	3333	3342	2516
2818	7	lx-1881	تک‌نواز	noun	2700	3333	3020	2559
2819	7	lx-2240	بدگمانی	noun	2701	2467	3154	2672
2820	7	lx-2123	شکیبایی	noun	2702	2468	3410	2639
2821	7	lx-2750	استرداد	noun	2702	2187	2664	2806
2822	7	lx-1909	سمبولیک	noun	2703	3021	3288	2568
2823	7	lx-3028	زراعت	noun	2704	2636	1852	2892
2824	7	lx-2302	تکبر	noun	2706	2363	3189	2693
2825	7	lx-1666	واکسین	noun	2710	3268	3824	2480
2826	7	lx-2132	بدخلق	adjective	2712	2338	3619	2649
2827	7	lx-5592	میانگین	noun	2712	2138	839	3431
2828	7	lx-2561	یارانه	noun	2713	2805	2275	2778
2829	7	lx-2348	دودل	adjective	2713	2356	3149	2710
2830	7	lx-1949	میکروچیپ	noun	2714	2796	3507	2587
2831	7	lx-5651	پردازش	noun	2715	1979	890	3446
2832	7	lx-1648	سیستم ایمنی	noun	2715	3333	3824	2478
2833	7	lx-5590	مقیاس	noun	2715	1795	989	3442
2834	7	lx-1655	دمای بدن	noun	2720	3333	3824	2484
2835	7	lx-2691	اختلاس	noun	2722	2307	2639	2812
2836	7	lx-4782	هجو	noun	2722	1738	1332	3304
2837	7	lx-2139	گوشه‌گیر	adjective	2724	3333	2577	2659
2838	7	lx-2478	متافیزیک	noun	2728	2867	2411	2762
2839	7	lx-1691	معده‌درد	noun	2731	3333	3768	2504
2840	7	lx-1678	مرض قند	noun	2731	3333	3824	2498
2841	7	lx-1680	حمله قلبی	noun	2732	3333	3824	2499
2842	7	lx-2632	سفته	noun	2733	2191	2923	2804
2843	7	lx-2258	دلگیر	adjective	2734	2540	3177	2699
2844	7	lx-1681	سکته مغزی	noun	2735	3333	3824	2502
2845	7	lx-1840	مشاعره	noun	2736	3088	3506	2573
2846	7	lx-1685	عطسه زدن	verb	2739	3333	3824	2507
2847	7	lx-2484	روان‌شناسی	noun	2739	3333	2099	2771
2848	7	lx-2469	انحطاط	noun	2739	2730	2585	2767
2849	7	lx-1689	قبضیت	noun	2741	3333	3824	2510
2850	7	lx-4771	مطلع	noun	2741	1328	1793	3320
2851	7	lx-3856	خرابکاری	noun	2742	1339	2489	3140
2852	7	lx-1690	سوء هاضمه	noun	2743	3333	3824	2512
2853	7	lx-2331	جوانمردی	noun	2745	2632	2959	2730
2854	7	lx-3851	سنگر	noun	2748	1685	2001	3143
2855	7	lx-5531	برآورد	noun	2749	2176	871	3462
2856	7	lx-1692	نفس‌تنگی	noun	2750	3333	3824	2521
2857	7	lx-2259	رنجیده	adjective	2750	2604	3159	2712
2858	7	lx-2245	بردباری	noun	2751	2617	3175	2708
2859	7	lx-5562	مکانیکی	noun	2753	1956	966	3470
2860	7	lx-2401	فمینیسم	noun	2753	3093	2442	2755
2861	7	lx-3870	تطبیق	noun	2755	1926	1752	3153
2862	7	lx-5536	کارگاه	noun	2757	1426	1295	3490
2863	7	lx-1972	توسعه‌دهنده	noun	2758	3333	3052	2627
2864	7	lx-3311	ابهام	noun	2758	2340	1867	3025
2865	7	lx-3211	غریزه	noun	2759	1603	2906	2994
2866	7	lx-1698	سیستم عصبی	noun	2759	3333	3824	2532
2867	7	lx-3189	خصومت	noun	2760	2105	2231	2992
2868	7	lx-2141	لجوج	adjective	2760	2589	3466	2686
2869	7	lx-1774	خون‌مردگی	noun	2762	3333	3549	2567
2870	7	lx-1700	سیستم تنفسی	noun	2762	3333	3824	2536
2871	7	lx-2572	مناقصه	noun	2763	2413	2800	2820
2872	7	lx-5267	مرزی	noun	2764	1645	1240	3444
2873	7	lx-2380	پیامبری	noun	2765	2857	2715	2758
2874	7	lx-5335	مشاوره	noun	2765	1256	1593	3457
2875	7	lx-3985	قوس	noun	2765	2291	1368	3208
2876	7	lx-3866	وکالت	noun	2765	1727	1978	3163
2877	7	lx-1705	بخیه زدن	verb	2766	3333	3824	2540
2878	7	lx-2823	عملگر	noun	2767	3114	1934	2880
2879	7	lx-2509	نقدینگی	noun	2771	2864	2474	2808
2880	7	lx-3819	جنرال	noun	2772	1675	2100	3157
2881	7	lx-2516	حواله	noun	2772	2376	2972	2811
2882	7	lx-1717	عوارض جانبی	noun	2773	3333	3824	2549
2883	7	lx-1953	مادربرد	noun	2773	3085	3412	2632
2884	7	lx-3829	راکت	noun	2774	1702	2012	3174
2885	7	lx-3791	شنود	noun	2774	1605	2230	3152
2886	7	lx-1720	مواد مخدر	noun	2775	3333	3824	2551
2887	7	lx-2272	بدخواه	adjective	2776	2770	3031	2736
2888	7	lx-2294	دلخراش	adjective	2777	2595	3190	2744
2889	7	lx-1721	ترک اعتیاد	noun	2777	3333	3824	2554
2890	7	lx-1990	کوئری	noun	2778	2851	3606	2648
2891	7	lx-2312	کلافه	adjective	2778	2483	3304	2750
2892	7	lx-2276	باوقار	adjective	2779	2560	3283	2740
2893	7	lx-3585	علی‌رغم	preposition	2780	3333	1181	3111
2894	7	lx-2159	سخت‌گیر	adjective	2781	3333	2760	2702
2895	7	lx-1724	اشعه ایکس	noun	2782	3333	3824	2560
2896	7	lx-5939	سلسله	noun	2783	1861	949	3561
2897	7	lx-1727	آزمایش خون	noun	2784	3333	3824	2562
2898	7	lx-1728	معاینه خون	noun	2784	3333	3824	2563
2899	7	lx-1964	مجازی‌سازی	noun	2785	3333	3169	2645
2900	7	lx-1729	نتیجه معاینه	noun	2786	3333	3824	2565
2901	7	lx-1732	قرنطین	noun	2788	3325	3824	2569
2902	7	lx-1854	مصاحبه‌شونده	noun	2789	3333	3415	2617
2903	7	lx-2319	خجسته	adjective	2789	2759	3010	2759
2904	7	lx-3651	اختیاراً	adverb	2790	2125	1838	3130
2905	7	lx-1738	حفظ الصحه	noun	2791	3333	3824	2571
2906	7	lx-1740	غیرصحی	noun	2792	3333	3824	2572
2907	7	lx-5506	آلودگی	noun	2792	1668	1185	3510
2908	7	lx-4781	کمدی	noun	2795	1798	1383	3382
2909	7	lx-1742	سوء تغذیه	noun	2795	3333	3824	2576
2910	7	lx-2809	هوافضا	noun	2796	2923	2155	2898
2911	7	lx-3308	استعاره	noun	2796	1962	2328	3058
2912	7	lx-3388	سناریو	noun	2796	1971	2248	3074
2913	7	lx-1746	رژیم غذایی	noun	2799	3333	3824	2581
2914	7	lx-2772	افشاگری	noun	2801	2428	2641	2897
2915	7	lx-3160	عقده	noun	2804	1739	2838	3030
2916	7	lx-2848	سوییچ	noun	2805	2111	2932	2919
2917	7	lx-1749	کاهش وزن	noun	2805	3333	3824	2588
2918	7	lx-3560	اصولاً	adverb	2806	2130	1928	3127
2919	7	lx-5996	طلسم	noun	2806	803	2220	3594
2920	7	lx-1750	افزایش وزن	noun	2807	3333	3824	2591
2921	7	lx-5236	جابجایی	noun	2808	1700	1260	3489
2922	7	lx-1752	فشار روانی	noun	2812	3333	3824	2597
2923	7	lx-2940	سندروم	noun	2813	2304	2565	2953
2924	7	lx-4837	مطابقت	noun	2814	1430	1737	3414
2925	7	lx-4020	تحقق	noun	2815	2186	1541	3247
2926	7	lx-3827	توپخانه	noun	2816	2084	1759	3202
2927	7	lx-1758	زوال عقل	noun	2816	3333	3824	2602
2928	7	lx-2221	بی‌رحم	adjective	2818	3333	2734	2754
2929	7	lx-3591	رویارویی	noun	2819	2145	1914	3147
2930	7	lx-3676	دیپلماتیک	adjective	2819	2097	1891	3166
2931	7	lx-2025	فیشینگ	noun	2820	3189	3294	2692
2932	7	lx-1765	مراقبت‌های جدی	noun	2820	3333	3824	2607
2933	7	lx-1952	نیمه‌هادی	noun	2821	3333	3332	2668
2934	7	lx-1766	بخش عاجل	noun	2821	3333	3824	2608
2935	7	lx-2924	میگرن	noun	2821	2239	2683	2957
2936	7	lx-5517	بزرگراه	noun	2822	1365	1505	3537
2937	7	lx-1874	قلم‌مو	noun	2822	3333	3517	2646
2938	7	lx-1767	کمک‌های اولیه	noun	2823	3333	3824	2610
2939	7	lx-1768	تنفس مصنوعی	noun	2824	3333	3824	2612
2940	7	lx-2588	کمیابی	noun	2824	2615	2776	2869
2941	7	lx-3219	کلیشه	noun	2825	2061	2352	3070
2942	7	lx-1770	غرق‌شدگی	noun	2826	3333	3824	2614
2943	7	lx-3027	ارگانیک	adjective	2827	2542	2232	2993
2944	7	lx-1772	رگ‌به‌رگ شدن	verb	2827	3333	3824	2616
2945	7	lx-4110	تکلیف	noun	2829	1587	2095	3275
2946	7	lx-1773	پندیدگی	noun	2829	3333	3824	2618
2947	7	lx-2046	دورکاری	noun	2829	3333	3157	2703
2948	7	lx-3223	نابرابری	noun	2830	2638	1883	3065
2949	7	lx-1780	داروی بی‌هوشی	noun	2832	3333	3824	2621
2950	7	lx-1884	خیمه‌شب‌بازی	noun	2832	3333	3550	2654
2951	7	lx-1781	خون دادن	verb	2833	3333	3824	2623
2952	7	lx-3938	ارجاع	noun	2834	2233	1582	3249
2953	7	lx-1782	اهدای خون	noun	2834	3333	3824	2624
2954	7	lx-3110	دغدغه	noun	2835	2275	2263	3053
2955	7	lx-1920	پهن‌باند	noun	2835	3333	3476	2667
2956	7	lx-4209	وصیت	noun	2838	1597	2042	3299
2957	7	lx-4241	بینه	noun	2838	1148	2805	3306
2958	7	lx-2329	خیرخواهی	noun	2838	2629	3320	2800
2959	7	lx-3362	تشبیه	noun	2838	2285	2056	3105
2960	7	lx-1783	پیوند عضو	noun	2839	3333	3824	2630
2961	7	lx-2158	شوخ‌طبع	adjective	2840	3333	2942	2749
2962	7	lx-1786	سیستم ایمنی بدن	noun	2843	3333	3824	2635
2963	7	lx-2398	لیبرالیسم	noun	2844	3159	2612	2834
2964	7	lx-1791	سرخکان	noun	2845	3333	3824	2638
2965	7	lx-2786	خودمختاری	noun	2846	3035	2226	2933
2966	7	lx-2298	آرزومند	adjective	2847	2605	3443	2799
2967	7	lx-1792	سیاه‌سرفه	noun	2847	3333	3824	2640
2968	7	lx-2746	نسل‌کشی	noun	2849	3333	2098	2921
2969	7	lx-6094	دلو	noun	2850	2701	2731	2896
2970	7	lx-2933	ایمپلنت	noun	2851	2645	2285	2995
2971	7	lx-3235	ایدئولوژی	noun	2852	2655	1918	3084
2972	7	lx-3270	قیاس	noun	2853	2394	2089	3094
2973	7	lx-2939	کالبدشکافی	noun	2853	2046	3022	2987
2974	7	lx-2482	انسان‌شناسی	noun	2853	3333	2358	2870
2975	7	lx-2275	فرومایه	adjective	2855	2765	3327	2798
2976	7	lx-3317	دلالت	noun	2856	2523	1940	3110
2977	7	lx-2032	سفارشی‌سازی	noun	2857	3333	3287	2720
2978	7	lx-3055	زیست‌محیطی	adjective	2857	3333	1716	3032
2979	7	lx-1813	عنعنات	noun	2857	3333	3824	2653
2980	7	lx-3249	شعور	noun	2859	1824	2797	3092
2981	7	lx-3667	مرداب	noun	2860	1942	2129	3204
2982	7	lx-3392	ظرافت	noun	2860	2132	2208	3136
2983	7	lx-5322	رفتاری	noun	2861	1510	1490	3548
2984	7	lx-3035	زمین‌شناسی	noun	2862	3333	1747	3029
2985	7	lx-2466	میانه‌رو	adjective	2862	3333	2410	2872
2986	7	lx-3835	شورشیان	noun	2864	2268	1692	3251
2987	7	lx-5981	زره	noun	2865	1301	1459	3657
2988	7	lx-3927	طبقه‌بندی	noun	2865	3333	1096	3279
2989	7	lx-2345	بی‌اختیار	adjective	2867	3333	2656	2832
2990	7	lx-4772	مقطع	noun	2867	2493	1068	3460
2991	7	lx-1872	رنگ‌روغن	noun	2869	3333	3725	2679
2992	7	lx-3823	کمین	noun	2872	1491	2595	3258
2993	7	lx-2607	هلدینگ	noun	2874	3078	2509	2907
2994	7	lx-2885	پیشرانه	noun	2876	2856	2259	2997
2995	7	lx-3565	حقیقتاً	adverb	2877	1483	3009	3189
2996	7	lx-1849	رسانه اجتماعی	noun	2878	3333	3824	2678
2997	7	lx-1850	فضای مجازی	noun	2879	3333	3824	2680
2998	7	lx-4879	گویش	noun	2881	2803	897	3516
2999	7	lx-3188	مشاجره	noun	2884	2093	2600	3095
3000	7	lx-2400	ملی‌گرایی	noun	2884	3333	2589	2867
3001	7	lx-5302	پیکر	noun	2888	1748	1340	3568
3002	7	lx-2581	سررسید	noun	2888	2766	2863	2913
3003	7	lx-3882	مصادره	noun	2888	1976	1924	3292
3004	7	lx-2945	بدخیم	noun	2891	2472	2587	3023
3005	7	lx-2286	بی‌اعتمادی	noun	2893	3333	2823	2837
3006	7	lx-2153	باادب	adjective	2894	2841	3678	2789
3007	7	lx-1976	مقیاس‌پذیری	noun	2894	3333	3590	2727
3008	7	lx-2916	رادیولوژی	noun	2896	2427	2697	3018
3009	7	lx-5654	شاخص	noun	2896	2287	938	3635
3010	7	lx-2281	همفکری	noun	2896	2724	3470	2839
3011	7	lx-2049	همگام‌سازی	noun	2899	3333	3417	2756
3012	7	lx-1912	پایگاه داده	noun	2899	3333	3824	2705
3013	7	lx-1913	هوش مصنوعی	noun	2903	3333	3824	2709
3014	7	lx-3613	الزاماً	adverb	2905	2513	1776	3230
3015	7	lx-3204	انطباق	noun	2906	2620	2109	3119
3016	7	lx-2526	استهلاک	noun	2906	2933	2851	2911
3017	7	lx-2976	پسماند	noun	2907	2877	2223	3045
3018	7	lx-5916	صرفاً	noun	2908	1723	1177	3689
3019	7	lx-1924	فیبر نوری	noun	2910	3333	3824	2718
3020	7	lx-2244	تسامح	noun	2910	3333	2971	2835
3021	7	lx-1958	خطایابی	noun	2910	3333	3712	2732
3022	7	lx-1987	پشتیبان‌گیری	noun	2910	3333	3601	2746
3023	7	lx-3183	سردرگمی	noun	2911	2208	2560	3114
3024	7	lx-2476	زیبایی‌شناسی	noun	2911	3333	2575	2905
3025	7	lx-2296	محنت	noun	2911	2870	3328	2854
3026	7	lx-2901	معافیت	noun	2912	2628	2523	3034
3027	7	lx-1926	پهنای باند	noun	2912	3333	3824	2721
3028	7	lx-1933	خط تولید	noun	2915	3333	3824	2725
3029	7	lx-3291	فطرت	noun	2915	1658	3192	3155
3030	7	lx-1937	فناوری نانو	noun	2918	3333	3824	2728
3031	7	lx-5292	کابوس	noun	2919	1020	2379	3599
3032	7	lx-1940	واقعیت مجازی	noun	2920	3333	3824	2731
3033	7	lx-2752	بی‌طرفی	noun	2922	3333	2265	2982
3034	7	lx-1941	واقعیت افزوده	noun	2925	3333	3824	2737
3035	7	lx-3656	فرضی	adjective	2925	2154	2071	3261
3036	7	lx-1942	دیوار آتش	noun	2926	3333	3824	2738
3037	7	lx-2421	نامعقول	adjective	2926	2496	3592	2904
3038	7	lx-3799	القا	noun	2927	2183	1887	3307
3039	7	lx-5305	هرم	noun	2928	1695	1454	3604
3040	7	lx-1944	هک کردن	verb	2928	3333	3824	2741
3041	7	lx-1945	امنیت سایبری	noun	2929	3333	3824	2742
3042	7	lx-2930	ویلچر	noun	2929	1919	3518	3049
3043	7	lx-1946	احراز هویت	noun	2930	3333	3824	2743
3044	7	lx-4197	عقد	noun	2931	2039	1788	3381
3045	7	lx-2069	رندرینگ	noun	2932	3276	3558	2787
3046	7	lx-3373	خرافات	noun	2933	2029	2544	3193
3047	7	lx-2142	یکدنده	adjective	2933	2859	3822	2818
3048	7	lx-2905	ناقل	noun	2933	2486	2758	3046
3049	7	lx-3887	مشتق	noun	2934	2673	1481	3339
3050	7	lx-2330	مروت	noun	2934	2658	3588	2884
3051	7	lx-2955	پلاکت	noun	2934	2474	2685	3064
3052	7	lx-2732	محافظه‌کار	noun	2935	3333	2330	2986
3053	7	lx-3914	تناسب	noun	2937	2241	1760	3346
3054	7	lx-1955	رابط کاربری	noun	2937	3333	3824	2752
3055	7	lx-2328	واگرایی	noun	2937	3065	3137	2885
3056	7	lx-1956	سیستم عامل	noun	2938	3333	3824	2753
3057	7	lx-3369	جاویدان	adjective	2939	2085	2497	3198
3058	7	lx-3296	تجلی	noun	2941	2360	2301	3178
3059	7	lx-3728	لابی	noun	2942	1703	2510	3309
3060	7	lx-2470	پسرفت	noun	2942	2728	3301	2923
3061	7	lx-6161	خزان	noun	2943	2927	2960	
3062	7	lx-3972	سیال	noun	2944	2875	1359	3362
3063	7	lx-1963	فضای ابری	noun	2944	3333	3824	2761
3064	7	lx-1965	کد منبع	noun	2946	3333	3824	2763
3065	7	lx-2167	بدقول	adjective	2946	2949	3682	2838
3066	7	lx-1966	منبع باز	adjective	2947	3333	3824	2764
3067	7	lx-2301	فرتوت	adjective	2948	3014	3292	2883
3068	7	lx-2055	هوشمندسازی	noun	2948	3333	3596	2794
3069	7	lx-3417	مناظره	noun	2949	2244	2258	3227
3070	7	lx-1971	مدیریت پروژه	noun	2951	3333	3824	2769
3071	7	lx-2268	بی‌پروا	adjective	2951	3333	3061	2874
3072	7	lx-2560	خصوصی‌سازی	noun	2951	3333	2632	2948
3073	7	lx-2792	پردازشگر	noun	2952	2882	2606	3026
3074	7	lx-3414	مشاهیر	noun	2954	2737	1881	3226
3075	7	lx-1978	حق تکثیر	noun	2955	3333	3824	2775
3076	7	lx-3891	هندسه	noun	2956	2362	1717	3360
3077	7	lx-2926	بازپروری	noun	2957	2175	3217	3069
3078	7	lx-4034	تصدیق	noun	2958	1893	2063	3384
3079	7	lx-2154	بی‌ادب	adjective	2958	3333	3341	2842
3080	7	lx-1980	نام کاربری	noun	2959	3333	3824	2779
3081	7	lx-1984	نصب کردن	verb	2960	3333	3824	2781
3082	7	lx-2558	سودآوری	noun	2961	2929	3038	2954
3083	7	lx-2147	رؤیاپرداز	adjective	2961	3010	3721	2843
3084	7	lx-1985	حذف کردن	verb	2962	3333	3824	2783
3085	7	lx-2018	فریم‌ورک	noun	2962	3333	3752	2792
3086	7	lx-1989	پایگاه داده‌ها	noun	2963	3333	3824	2785
3087	7	lx-1996	آدرس آی‌پی	noun	2966	3333	3824	2788
3088	7	lx-4084	تمایز	noun	2966	2757	1418	3396
3089	7	lx-2479	هستی‌شناسی	noun	2967	3333	2783	2941
3090	7	lx-1998	میزبانی وب	noun	2967	3333	3824	2790
3091	7	lx-4446	کما	noun	2968	1435	2343	3485
3092	7	lx-2000	طراحی سایت	noun	2968	3333	3824	2791
3093	7	lx-2155	بااحترام	adjective	2968	2942	3824	2850
3094	7	lx-2003	تجزیه و تحلیل	noun	2971	3333	3824	2795
3095	7	lx-2279	مقهور	adjective	2972	3068	3380	2893
3096	7	lx-3202	هنجار	noun	2972	2661	2214	3179
3097	7	lx-2164	بی‌دقت	adjective	2972	3333	3364	2856
3098	7	lx-2005	مواد اولیه	noun	2972	3333	3824	2796
3099	7	lx-2733	اصلاح‌طلب	noun	2972	3333	2414	3019
3100	7	lx-2941	اوتیسم	noun	2974	2600	2701	3091
3101	7	lx-5641	اندازه‌گیری	noun	2976	3333	706	3712
3102	7	lx-2012	کنترل کیفیت	noun	2978	3333	3824	2803
3103	7	lx-3764	غواصی	noun	2979	1938	2267	3349
3104	7	lx-3842	عقب‌نشینی	noun	2980	3333	1270	3371
3105	7	lx-3272	استنتاج	noun	2980	2532	2240	3211
3106	7	lx-2013	مدیریت ریسک	noun	2981	3333	3824	2807
3107	7	lx-5561	تاسیسات	noun	2981	1594	1538	3695
3108	7	lx-2756	دفاعیات	noun	2982	2747	2904	3036
3109	7	lx-2015	نمونه اولیه	noun	2983	3333	3824	2809
3110	7	lx-2363	عینیت	noun	2983	3139	3166	2928
3111	7	lx-2366	واقع‌گرایی	noun	2983	3333	2980	2929
3112	7	lx-2785	امپریالیسم	noun	2983	2872	2747	3044
3113	7	lx-2300	مدهوش	adjective	2984	2752	3764	2910
3114	7	lx-5339	پیشگیری	noun	2985	2087	1254	3661
3115	7	lx-2274	کینه‌توز	adjective	2986	3333	3185	2900
3116	7	lx-2016	تولید انبوه	noun	2986	3333	3824	2813
3117	7	lx-2017	پشتیبانی فنی	noun	2986	3333	3824	2814
3118	7	lx-2305	بی‌باک	adjective	2988	3333	3104	2915
3119	7	lx-2022	حریم خصوصی	noun	2988	3333	3824	2816
3120	7	lx-4105	اصالت	noun	2989	2351	1685	3423
3121	7	lx-3384	رنسانس	noun	2989	2544	2135	3248
3122	7	lx-2024	حمله سایبری	noun	2990	3333	3824	2819
3123	7	lx-6050	بی‌بی	noun	2991	3333	2460	3035
3124	7	lx-4873	قراردادی	noun	2992	1954	1493	3607
3125	7	lx-3875	کلاهبرداری	noun	2993	1713	2471	3392
3126	7	lx-2026	بازیابی اطلاعات	noun	2994	3333	3824	2823
3127	7	lx-2034	توسعه وب	noun	2996	3333	3824	2826
3128	7	lx-2408	سکولاریسم	noun	2997	3177	3142	2945
3129	7	lx-2035	سرور مجازی	noun	2998	3333	3824	2828
3130	7	lx-3934	کیفی	noun	2998	2217	1898	3402
3131	7	lx-2036	ترافیک شبکه	noun	2998	3333	3824	2829
3132	7	lx-2313	نازپرورده	adjective	3001	2772	3777	2926
3133	7	lx-2690	رانت	noun	3004	2909	2937	3031
3134	7	lx-2374	الحاد	noun	3004	3135	3254	2943
3135	7	lx-2037	سیستم تعبیه‌شده	noun	3004	3333	3824	2836
3136	7	lx-2152	ساده‌لوح	adjective	3006	3333	3514	2879
3137	7	lx-2045	محیط کار	noun	3007	3333	3824	2840
3138	7	lx-2047	ویدیو کنفرانس	noun	3008	3333	3824	2841
3139	7	lx-2136	بخیل	adjective	3009	3108	3824	2875
3140	7	lx-2215	رنج بردن	verb	3009	3333	3394	2899
3141	7	lx-2050	پایانه فروشگاهی	noun	3010	3333	3824	2844
3142	7	lx-3310	پارادوکس	noun	3011	2288	2506	3250
3143	7	lx-2052	رمز ارز	noun	3011	3333	3824	2845
3144	7	lx-5286	تثبیت	noun	3012	2053	1331	3679
3145	7	lx-6139	فهماندن	verb	3014	2941	2839	3056
3146	7	lx-2053	زنجیره بلوکی	noun	3014	3333	3824	2848
3147	7	lx-3063	نهال	noun	3014	2696	2475	3173
3148	7	lx-2054	اینترنت اشیا	noun	3014	3333	3824	2849
3149	7	lx-2920	بانداژ	noun	3015	2205	3361	3120
3150	7	lx-2057	کلان‌داده	noun	3017	3333	3815	2853
3151	7	lx-2056	مدیریت داده	noun	3017	3333	3824	2852
3152	7	lx-2058	یادگیری ماشین	noun	3019	3333	3824	2855
3153	7	lx-6065	سه‌شنبه	noun	3020	3333	2521	3061
3154	7	lx-2146	واقع‌بین	adjective	3020	3333	3597	2886
3155	7	lx-2059	شبکه عصبی	noun	3022	3333	3824	2859
3156	7	lx-2060	تشخیص چهره	noun	3023	3333	3824	2860
3157	7	lx-2061	پردازش تصویر	noun	3024	3333	3824	2861
3158	7	lx-2304	شرمگین	adjective	3024	2845	3824	2938
3159	7	lx-4109	سعادت	noun	3024	2060	1997	3455
3160	7	lx-2062	کنترل از راه دور	noun	3025	3333	3824	2862
3161	7	lx-2480	معرفت‌شناسی	noun	3026	3333	2978	2985
3162	7	lx-2144	خوش‌بین	adjective	3027	3333	3627	2891
3163	7	lx-2063	تله‌متری	noun	3028	3333	3824	2866
3164	7	lx-3288	ازل	noun	3029	2699	2202	3256
3165	7	lx-6093	سنبله	noun	3030	2879	2938	3071
3166	7	lx-2399	محافظه‌کاری	noun	3031	3333	3127	2968
3167	7	lx-3187	تعارض	noun	3036	2740	2310	3232
3168	7	lx-5321	قطبی	noun	3036	1903	1462	3707
3169	7	lx-3131	بی‌نظیر	adjective	3037	3333	1970	3214
3170	7	lx-2290	دوست‌داشتنی	adjective	3038	3333	3369	2940
3171	7	lx-6095	حوت	noun	3038	2894	2947	3078
3172	7	lx-3240	گفتمان	noun	3039	2810	2178	3255
3173	7	lx-3961	نسبیت	noun	3039	2339	1856	3447
3174	7	lx-2438	نامقدس	adjective	3040	2732	3778	2984
3175	7	lx-2884	آیرودینامیک	noun	3042	2781	2808	3129
3176	7	lx-5385	تابو	noun	3043	1347	2061	3720
3177	7	lx-3903	زیرمجموعه	noun	3044	2694	1626	3449
3178	7	lx-2409	بنیادگرایی	noun	3044	3024	3490	2979
3179	7	lx-2344	خویشتن‌دار	adjective	3045	3333	3260	2965
3180	7	lx-2443	مستحب	adjective	3045	3333	3113	2988
3181	7	lx-3161	دوقطبی	adjective	3045	2723	2362	3237
3182	7	lx-2241	خوش‌بینی	noun	3050	3333	3496	2937
3183	7	lx-2315	سخت‌کوش	adjective	3051	3333	3352	2960
3184	7	lx-4079	صدق	noun	3051	2113	2020	3475
3185	7	lx-2179	احوال‌پرسی	noun	3052	3333	3662	2918
3186	7	lx-4124	مکانیسم	noun	3054	2522	1627	3502
3187	7	lx-2481	کیهان‌شناسی	noun	3056	3333	3087	3007
3188	7	lx-2129	خسیس بودن	verb	3059	3333	3824	2906
3189	7	lx-2131	خوش‌اخلاق	adjective	3061	3333	3824	2908
3190	7	lx-4181	فقه	noun	3061	3333	1253	3503
3191	7	lx-2285	هم‌دردی	noun	3063	3333	3471	2958
3192	7	lx-2210	گول زدن	verb	3065	3333	3650	2936
3193	7	lx-2932	پروتز	noun	3066	2837	2712	3170
3194	7	lx-2674	برندسازی	noun	3066	3102	2998	3072
3195	7	lx-2843	دایرکتوری	noun	3067	3149	2605	3138
3196	7	lx-2672	ارزش‌گذاری	noun	3067	3333	2792	3073
3197	7	lx-2442	مباح	adjective	3069	3333	3180	3009
3198	7	lx-2900	آنتی‌بیوتیک	noun	3071	3333	2334	3171
3199	7	lx-5272	اختلالات	noun	3072	2005	1480	3726
3200	7	lx-2365	آرمان‌گرایی	noun	3075	3333	3357	2990
3201	7	lx-3880	ضامن	noun	3076	1817	2541	3466
3202	7	lx-3226	انسجام	noun	3076	2880	2227	3282
3203	7	lx-2160	آسان‌گیر	adjective	3078	3333	3824	2930
3204	7	lx-2404	انسان‌گرایی	noun	3080	3333	3309	3004
3205	7	lx-3181	حقارت	noun	3081	2204	3008	3271
3206	7	lx-2166	خوش‌قول	adjective	3082	3333	3824	2935
3207	7	lx-2403	خشونت‌پرهیزی	noun	3083	3333	3318	3006
3208	7	lx-2284	خوش‌رفتاری	noun	3083	3333	3548	2973
3209	7	lx-5876	گویا	noun	3084	1777	1365	3872
3210	7	lx-2962	آرتریت	noun	3085	2865	2675	3199
3211	7	lx-2728	میانجی‌گری	noun	3086	3333	2740	3107
3212	7	lx-3780	پیگرد	noun	3086	2054	2338	3459
3213	7	lx-2197	اعتماد کردن	verb	3089	3333	3824	2944
3214	7	lx-3946	جنبشی	noun	3090	2465	1871	3488
3215	7	lx-3179	شفقت	noun	3090	2305	2894	3281
3216	7	lx-2198	کمک کردن	verb	3091	3333	3824	2946
3217	7	lx-3290	متناهی	adjective	3092	2981	2094	3319
3218	7	lx-3686	هوانوردی	noun	3092	2536	1987	3440
3219	7	lx-5489	ترمیم	noun	3092	1769	1604	3786
3220	7	lx-2199	نصیحت کردن	verb	3093	3333	3824	2949
3221	7	lx-5324	عاطفی	noun	3094	1774	1682	3757
3222	7	lx-2200	انتقاد کردن	verb	3094	3333	3824	2950
3223	7	lx-2201	رد کردن	verb	3095	3333	3824	2951
3224	7	lx-2202	معذرت خواستن	verb	3096	3333	3824	2952
3225	7	lx-2402	صلح‌طلبی	noun	3096	3333	3374	3015
3226	7	lx-2333	حق‌شناس	adjective	3098	3333	3495	2999
3227	7	lx-2337	گله‌مند	adjective	3098	3333	3485	3001
3228	7	lx-2203	تمجید کردن	verb	3098	3333	3824	2955
3229	7	lx-2204	غیبت کردن	verb	3099	3333	3824	2956
3230	7	lx-2249	بی‌شرمی	noun	3100	3333	3690	2975
3231	7	lx-2205	راز نگه داشتن	verb	3101	3333	3824	2959
3232	7	lx-4851	تشدید	noun	3102	2045	1622	3704
3233	7	lx-2206	فاش کردن	verb	3103	3333	3824	2961
3234	7	lx-2207	دروغ گفتن	verb	3104	3333	3824	2962
3235	7	lx-2208	راست گفتن	verb	3104	3333	3824	2963
3236	7	lx-2209	فریب دادن	verb	3105	3333	3824	2964
3237	7	lx-2342	درون‌گرا	adjective	3106	3333	3497	3010
3238	7	lx-2211	مشورت کردن	verb	3107	3333	3824	2966
3239	7	lx-2212	بحث کردن	verb	3107	3333	3824	2967
3240	7	lx-2669	عرضه‌کننده	noun	3109	3333	2916	3106
3241	7	lx-2213	توافق کردن	verb	3109	3333	3824	2969
3242	7	lx-2273	بذله‌گو	adjective	3110	3333	3683	2989
3243	7	lx-3157	خودآگاه	noun	3111	2321	2961	3293
3244	7	lx-2214	مذاکره کردن	verb	3111	3333	3824	2971
3245	7	lx-4028	فراست	noun	3111	1626	2834	3521
3246	7	lx-2216	لبخند زدن	verb	3111	3333	3824	2972
3247	7	lx-3083	کوهپایه	noun	3112	2943	2432	3273
3248	7	lx-5605	تقریب	noun	3112	2110	1303	3839
3249	7	lx-3278	پیشینی	adjective	3113	2858	2221	3340
3250	7	lx-2217	عصبانی شدن	verb	3113	3333	3824	2974
3251	7	lx-2218	دعوا کردن	verb	3115	3333	3824	2976
3252	7	lx-2219	آشتی کردن	verb	3115	3333	3824	2977
3253	7	lx-3113	همزیستی	noun	3116	2637	2690	3283
3254	7	lx-2293	آرامش‌بخش	adjective	3117	3333	3653	3002
3255	7	lx-2441	مکروه	adjective	3117	3271	3467	3038
3256	7	lx-2220	احساس همدردی	noun	3118	3333	3824	2980
3257	7	lx-2370	شکاکیت	noun	3118	3229	3633	3022
3258	7	lx-2270	خون‌سرد	adjective	3119	3333	3715	2996
3259	7	lx-3873	تخلف	noun	3120	2116	2293	3504
3260	7	lx-3722	متل	noun	3122	1682	3028	3479
3261	7	lx-5490	کاربری	noun	3123	2331	1236	3826
3262	7	lx-3267	تز	noun	3123	2412	2678	3345
3263	7	lx-3973	خلاء	noun	3123	2385	1986	3523
3264	7	lx-3217	تلقین	noun	3124	2262	2957	3327
3265	7	lx-2410	کثرت‌گرایی	noun	3125	3333	3482	3037
3266	7	lx-2242	کینه توزی	noun	3126	3333	3824	2991
3267	7	lx-3850	پاسگاه	noun	3127	1980	2476	3508
3268	7	lx-2964	نقرس	noun	3128	2703	2943	3238
3269	7	lx-2464	مرتجع	adjective	3131	3333	3414	3054
3270	7	lx-2568	پول‌شویی	noun	3131	3333	3247	3080
3271	7	lx-2253	همدردی کردن	verb	3132	3333	3824	2998
3272	7	lx-2575	پرتفوی	noun	3133	3333	3197	3090
3273	7	lx-2254	ترجیح دادن	verb	3133	3333	3824	3000
3274	7	lx-3309	تمثیل	noun	3135	2764	2332	3364
3275	7	lx-2255	باور داشتن	verb	3136	3333	3824	3003
3276	7	lx-3316	مصداق	noun	3137	2902	2217	3367
3277	7	lx-3726	سوئیت	noun	3139	1840	2804	3496
3278	7	lx-2256	شک کردن	verb	3140	3333	3824	3008
3279	7	lx-2547	بیمه‌نامه	noun	3140	3333	3312	3081
3280	7	lx-3302	توحید	noun	3140	3058	2126	3366
3281	7	lx-4010	تعالی	noun	3142	2557	1874	3544
3282	7	lx-2536	رقابت‌پذیری	noun	3142	3333	3370	3075
3283	7	lx-2260	صمیمی شدن	verb	3142	3333	3824	3011
3284	7	lx-2262	طرد کردن	verb	3143	3333	3824	3012
3285	7	lx-3348	بدیع	adjective	3143	2917	2188	3380
3286	7	lx-2263	آزار دادن	verb	3144	3333	3824	3013
3287	7	lx-2264	اذیت کردن	verb	3144	3333	3824	3014
3288	7	lx-2343	برون‌گرا	adjective	3145	3333	3685	3033
3289	7	lx-2406	سنت‌گرایی	noun	3145	3333	3570	3050
3290	7	lx-3382	رسالت	noun	3146	2744	2284	3395
3291	7	lx-2657	سپرده‌گذار	noun	3148	3333	3068	3131
3292	7	lx-4822	جانشینی	noun	3148	2274	1562	3735
3293	7	lx-4118	تحلیلی	adjective	3151	2755	1694	3573
3294	7	lx-2277	سبک‌سر	adjective	3152	3333	3824	3024
3295	7	lx-6042	ناشتا	noun	3152	2992	3058	3196
3296	7	lx-3177	ملال	noun	3154	2418	2908	3342
3297	7	lx-2278	متقاعد کردن	verb	3154	3333	3824	3027
3298	7	lx-5508	کنسول	noun	3155	2104	1379	3875
3299	7	lx-2453	رذیلت	noun	3156	3180	3722	3066
3300	7	lx-4799	لحن	noun	3156	1834	1961	3740
3301	7	lx-2799	استارتاپ	noun	3156	3217	2836	3203
3302	7	lx-3616	مطلقاً	adverb	3157	1918	2878	3484
3303	7	lx-4009	شهود	noun	3157	2255	2159	3558
3304	7	lx-5550	دهانه	noun	3158	2001	1436	3886
3305	7	lx-2555	برون‌سپاری	noun	3159	3333	3362	3098
3306	7	lx-4789	حکایت	noun	3160	2266	1587	3746
3307	7	lx-5906	غالباً	noun	3160	2480	1044	3957
3308	7	lx-3833	انتحاری	noun	3161	2124	2424	3530
3309	7	lx-6017	محترم	adjective	3162	1219	2083	3973
3310	7	lx-3298	تصوف	noun	3165	3121	2136	3387
3311	7	lx-2332	بی‌انصاف	adjective	3165	3333	3824	3041
3312	7	lx-2334	نمک‌نشناس	adjective	3167	3333	3824	3043
3313	7	lx-4166	کنوانسیون	noun	3167	3026	1516	3608
3314	7	lx-2473	تفریط	noun	3167	3226	3698	3077
3315	7	lx-4242	اقرار	noun	3168	1673	2663	3627
3316	7	lx-2407	تجددخواهی	noun	3169	3333	3692	3063
3317	7	lx-2544	کپی‌رایت	noun	3170	3333	3425	3103
3318	7	lx-5666	بنیادی	noun	3170	2189	1283	3921
3319	7	lx-3731	انعام	noun	3173	1574	3397	3526
3320	7	lx-2922	کوفتگی	noun	3173	2473	3439	3264
3321	7	lx-3379	دوگانگی	noun	3174	2656	2404	3424
3322	7	lx-4059	غیاب	noun	3177	2158	2288	3579
3323	7	lx-2934	دیالیز	noun	3177	2449	3455	3272
3324	7	lx-5483	تهویه	noun	3178	1728	1768	3879
3325	7	lx-3736	زیارتگاه	noun	3179	2707	1972	3536
3326	7	lx-2468	تفریطی	adjective	3180	3333	3622	3088
3327	7	lx-5593	چارچوب	noun	3181	2289	1255	3923
3328	7	lx-2961	پسوریازیس	noun	3181	3209	2591	3287
3329	7	lx-5849	لذا	noun	3182	2471	1092	3966
3330	7	lx-4189	عرف	noun	3183	2374	1935	3632
3331	7	lx-2959	کهیر	noun	3185	2789	2986	3291
3332	7	lx-5982	نیزه	noun	3187	1310	2008	3991
3333	7	lx-2928	ناشنوایی	noun	3187	2997	2859	3278
3334	7	lx-3184	سوگ	noun	3189	2650	2709	3379
3335	7	lx-3968	گسسته	noun	3191	2784	1842	3578
3336	7	lx-5625	ضریب	noun	3194	2410	1204	3938
3337	7	lx-2927	نابینایی	noun	3194	2741	3128	3288
3338	7	lx-5583	ماسه	noun	3195	1775	1652	3933
3339	7	lx-2405	محیط‌زیست‌گرایی	noun	3195	3333	3824	3079
3340	7	lx-4057	ردپا	noun	3197	1835	2708	3605
3341	7	lx-5905	ضمناً	noun	3197	1312	2076	3986
3342	7	lx-2412	درک کردن	verb	3198	3333	3824	3083
3343	7	lx-2413	استنباط کردن	verb	3200	3333	3824	3085
3344	7	lx-2414	تحلیل کردن	verb	3200	3333	3824	3086
3345	7	lx-3878	گرفتاری	noun	3201	1959	2661	3582
3346	7	lx-3816	تورن	noun	3201	1850	2909	3564
3347	7	lx-2415	نقد کردن	verb	3201	3333	3824	3087
3348	7	lx-2416	توجیه کردن	verb	3203	3333	3824	3089
3349	7	lx-5473	استحکام	noun	3205	2405	1297	3910
3350	7	lx-2417	فرض کردن	verb	3206	3333	3824	3093
3351	7	lx-2872	هولوگرام	noun	3206	2664	3384	3277
3352	7	lx-5938	جمجمه	noun	3207	1323	2067	3999
3353	7	lx-6092	جوزا	noun	3207	2883	3270	3254
3354	7	lx-2426	توبه کردن	verb	3208	3333	3824	3096
3355	7	lx-2783	هژمونی	noun	3208	3333	2918	3239
3356	7	lx-2427	دعا کردن	verb	3209	3333	3824	3097
3357	7	lx-2428	روزه گرفتن	verb	3211	3333	3824	3099
3358	7	lx-2911	قابله	noun	3211	2625	3353	3297
3359	7	lx-2429	زیارت کردن	verb	3212	3333	3824	3101
3360	7	lx-3216	فرسودگی	noun	3213	2813	2562	3411
3361	7	lx-2430	نذر کردن	verb	3213	3333	3824	3102
3362	7	lx-2431	قربانی کردن	verb	3214	3333	3824	3104
3363	7	lx-3194	پرخاشگری	noun	3215	2390	3059	3406
3364	7	lx-2445	فداکاری کردن	verb	3218	3333	3824	3108
3365	7	lx-2446	الهام گرفتن	verb	3218	3333	3824	3109
3366	7	lx-2992	حاصلخیزی	noun	3218	2940	2841	3336
3367	7	lx-2951	آنتی‌ژن	noun	3220	3333	2578	3322
3368	7	lx-2984	توپوگرافی	noun	3220	3008	2796	3334
3369	7	lx-5354	فقدان	noun	3220	1921	1738	3890
3370	7	lx-2447	تأثیر گذاشتن	verb	3221	3333	3824	3112
3371	7	lx-2451	ضدارزش	noun	3221	3333	3824	3113
3372	7	lx-3677	کنسولگری	noun	3222	2313	2465	3560
3373	7	lx-2456	پیروی کردن	verb	3223	3333	3824	3115
3374	7	lx-2457	مبارزه کردن	verb	3224	3333	3824	3116
3375	7	lx-2458	دفاع کردن	verb	3225	3333	3824	3117
3376	7	lx-2459	ترویج دادن	verb	3225	3333	3824	3118
3377	7	lx-2460	تبلیغ کردن	verb	3228	3333	3824	3121
3378	7	lx-2461	سرکوب کردن	verb	3228	3333	3824	3122
3379	7	lx-5800	انباشتن	verb	3229	1617	1800	3994
3380	7	lx-4171	الحاق	noun	3230	2710	1794	3668
3381	7	lx-3099	فتوسنتز	noun	3230	3000	2624	3385
3382	7	lx-4926	غشا	noun	3231	2554	1488	3823
3383	7	lx-2559	زیان‌ده	adjective	3235	3333	3564	3167
3384	7	lx-2486	متقاعد ساختن	verb	3236	3333	3824	3132
3385	7	lx-2487	تهدید کردن	verb	3237	3333	3824	3133
3386	7	lx-2488	تظاهر کردن	verb	3238	3333	3824	3134
3387	7	lx-2489	پیشنهاد کردن	verb	3239	3333	3824	3135
3388	7	lx-2638	صنعتگری	noun	3239	3333	3375	3201
3389	7	lx-3186	شیفتگی	noun	3240	2565	2928	3426
3390	7	lx-2490	صرفه جویی کردن	verb	3242	3333	3824	3139
3391	7	lx-2491	تأکید کردن	verb	3243	3333	3824	3141
3392	7	lx-3975	شهرسازی	noun	3243	2825	1933	3618
3393	7	lx-3159	تروما	noun	3244	2761	2768	3421
3394	7	lx-2492	تصویب کردن	verb	3244	3333	3824	3142
3395	7	lx-2493	تضمین کردن	verb	3245	3333	3824	3144
3396	7	lx-2494	ادعا کردن	verb	3246	3333	3824	3145
3397	7	lx-2495	اصرار کردن	verb	3247	3333	3824	3146
3398	7	lx-2849	پروکسی	noun	3248	2967	3151	3314
3399	7	lx-3860	شناسنامه	noun	3249	2383	2359	3609
3400	7	lx-2496	ارزیابی کردن	verb	3249	3333	3824	3149
3401	7	lx-3564	منحصراً	adverb	3251	2576	2389	3557
3402	7	lx-2497	تخمین زدن	verb	3253	3333	3824	3154
3403	7	lx-2960	اگزما	noun	3254	2787	3147	3358
3404	7	lx-2498	نتیجه گرفتن	verb	3255	3333	3824	3156
3405	7	lx-3203	ناهنجار	adjective	3255	2543	2964	3445
3406	8	lx-2586	رانت‌خواری	noun	3255	3333	3556	3195
3407	8	lx-5944	خلیفه	noun	3256	2386	1196	4052
3408	8	lx-2499	توقع داشتن	verb	3256	3333	3824	3158
3409	8	lx-3889	ماتریکس	noun	3256	2276	2485	3616
3410	8	lx-2500	حیرت زدن	verb	3257	3333	3824	3159
3411	8	lx-2501	اقتصاد کلان	noun	3259	3333	3824	3161
3412	8	lx-2502	اقتصاد خرد	noun	3259	3333	3824	3162
3413	8	lx-2936	پرتودرمانی	noun	3261	2725	3300	3353
3414	8	lx-3304	ارتداد	noun	3261	2760	2610	3480
3415	8	lx-2503	بورس اوراق بهادار	noun	3262	3333	3824	3165
3416	8	lx-2505	سود سهام	noun	3264	3333	3824	3168
3417	8	lx-3399	قصیده	noun	3265	3015	2243	3522
3418	8	lx-2506	رکود اقتصادی	noun	3265	3333	3824	3169
3419	8	lx-2798	بیومتریک	noun	3266	2610	3824	3302
3420	8	lx-2508	کاهش تورم	noun	3267	3333	3824	3172
3421	8	lx-2781	بازدارندگی	noun	3268	3332	3050	3295
3422	8	lx-2510	بودجه انقباضی	noun	3269	3333	3824	3175
3423	8	lx-2511	کسری بودجه	noun	3270	3333	3824	3176
3424	8	lx-2947	لوسمی	noun	3271	3009	2976	3369
3425	8	lx-2512	مازاد تجاری	noun	3271	3333	3824	3177
3426	8	lx-3353	بیوگرافی	noun	3272	2630	2688	3507
3427	8	lx-2513	تراز تجاری	noun	3273	3333	3824	3180
3428	8	lx-4431	نورون	noun	3273	2608	1676	3801
3429	8	lx-2514	تعرفه گمرکی	noun	3274	3333	3824	3181
3430	8	lx-2515	قاچاق کالا	noun	3275	3333	3824	3182
3431	8	lx-2517	نرخ بهره	noun	3276	3333	3824	3183
3432	8	lx-3974	فوتون	noun	3276	2680	2053	3662
3433	8	lx-2518	تسهیلات بانکی	noun	3277	3333	3824	3185
3434	8	lx-3957	تشعشع	noun	3278	2182	2602	3645
3435	8	lx-2519	وام مسکن	noun	3278	3333	3824	3186
3436	8	lx-2521	چک بلامحل	noun	3279	3333	3824	3187
3437	8	lx-2522	سپرده ثابت	noun	3280	3333	3824	3188
3438	8	lx-2523	سرمایه در گردش	noun	3281	3333	3824	3190
3439	8	lx-2524	سود ناخالص	noun	3282	3333	3824	3191
3440	8	lx-2525	هزینه‌های سربار	noun	3283	3333	3824	3192
3441	8	lx-5614	موردی	noun	3283	1548	2092	4011
3442	8	lx-2527	مالیات بر ارزش افزوده	noun	3284	3333	3824	3194
3443	8	lx-2528	فرار مالیاتی	noun	3286	3333	3824	3197
3444	8	lx-2529	معافیت مالیاتی	noun	3289	3333	3824	3200
3445	8	lx-4082	تقابل	noun	3291	2663	2002	3703
3446	8	lx-3377	دلهره	noun	3291	2445	2900	3532
3447	8	lx-3086	بقاء	noun	3291	2586	3218	3439
3448	8	lx-3669	گدازه	noun	3292	2420	2533	3620
3449	8	lx-2530	سال مالی	noun	3293	3333	3824	3205
3450	8	lx-3182	خرسندی	noun	3293	2556	3081	3473
3451	8	lx-2819	اینترانت	noun	3293	3142	3187	3337
3452	8	lx-2532	حسابدار قسم‌خورده	noun	3294	3333	3824	3207
3453	8	lx-2533	اوراق قرضه	noun	3296	3333	3824	3209
3454	8	lx-2534	صندوق بین‌المللی پول	noun	3296	3333	3824	3210
3455	8	lx-3570	یقیناً	adverb	3298	1988	3250	3597
3456	8	lx-3648	صریحاً	adverb	3299	2490	2535	3612
3457	8	lx-2535	بانک جهانی	noun	3299	3333	3824	3213
3458	8	lx-2889	مدارگرد	noun	3301	3283	2929	3370
3459	8	lx-2538	قانون ضد انحصار	noun	3302	3333	3824	3217
3460	8	lx-2539	تحقیقات بازار	noun	3303	3333	3824	3218
3461	8	lx-2540	مزیت نسبی	noun	3303	3333	3824	3219
3462	8	lx-2833	اسکرام	noun	3303	2977	3358	3352
3463	8	lx-3995	بنایی	noun	3304	2708	2093	3685
3464	8	lx-2541	زنجیره تامین	noun	3304	3333	3824	3220
3465	8	lx-4015	ابدیت	noun	3304	1923	2913	3693
3466	8	lx-2542	امتیاز تجاری	noun	3305	3333	3824	3221
3467	8	lx-2543	علامت تجاری	noun	3306	3333	3824	3222
3468	8	lx-2574	ضمانت‌نامه	noun	3306	3333	3743	3234
3469	8	lx-2545	بیمه عمر	noun	3306	3333	3824	3223
3470	8	lx-3359	تخلص	noun	3307	3333	2183	3539
3471	8	lx-2919	نمونه‌گیری	noun	3309	3333	2828	3393
3472	8	lx-3178	دلتنگی	noun	3309	2422	3271	3493
3473	8	lx-2546	حق بیمه	noun	3310	3333	3824	3228
3474	8	lx-2549	ادغام شرکت‌ها	noun	3311	3333	3824	3229
3475	8	lx-5334	بالینی	noun	3312	2411	1521	3975
3476	8	lx-2551	هیئت مدیره	noun	3313	3333	3824	3231
3477	8	lx-3406	لطافت	noun	3313	2509	2826	3563
3478	8	lx-3976	زیربنا	noun	3314	2618	2207	3688
3479	8	lx-2553	مدیر مالی	noun	3314	3333	3824	3233
3480	8	lx-4217	دیه	noun	3315	2144	2395	3763
3481	8	lx-2554	منابع انسانی	noun	3316	3333	3824	3235
3482	8	lx-3401	کنتراست	noun	3316	2868	2477	3567
3483	8	lx-2557	طرح کسب و کار	noun	3316	3333	3824	3236
3484	8	lx-5479	تراکم	noun	3317	2506	1396	4015
3485	8	lx-2562	توسعه پایدار	noun	3320	3333	3824	3240
3486	8	lx-2563	شاخص قیمت مصرف‌کننده	noun	3321	3333	3824	3242
3487	8	lx-2564	تولید ناخالص داخلی	noun	3322	3333	3824	3243
3488	8	lx-4961	الکترومغناطیس	noun	3322	2037	2023	3915
3489	8	lx-4854	پایانه	noun	3322	2083	2032	3898
3490	8	lx-2565	درآمد سرانه	noun	3323	3333	3824	3244
3491	8	lx-2566	عرضه و تقاضا	noun	3323	3333	3824	3245
3492	8	lx-5668	استناد	noun	3324	2380	1395	4061
3493	8	lx-2567	بحران مالی	noun	3324	3333	3824	3246
3494	8	lx-2794	متن‌باز	noun	3326	3333	3143	3356
3495	8	lx-2569	صندوق ثروت ملی	noun	3329	3333	3824	3252
3496	8	lx-4204	فسخ	noun	3329	2107	2503	3768
3497	8	lx-4472	ژنوم	noun	3329	2520	1863	3842
3498	8	lx-2570	منطقه آزاد تجاری	noun	3330	3333	3824	3253
3499	8	lx-3295	تناسخ	noun	3331	2646	2898	3543
3500	8	lx-3834	مخالفین	noun	3332	2651	2340	3672
3501	8	lx-2577	ریسک اعتباری	noun	3333	3333	3824	3257
3502	8	lx-2949	کم‌خونی	noun	3333	3333	2829	3425
3503	8	lx-3173	انزجار	noun	3333	2702	3037	3506
3504	8	lx-2578	اعتبار اسنادی	noun	3334	3333	3824	3259
3505	8	lx-5356	تیک	noun	3335	1306	2833	4006
3506	8	lx-2580	بدهی ملی	noun	3335	3333	3824	3260
3507	8	lx-3300	ریاضت	noun	3335	2641	2893	3551
3508	8	lx-3174	سرخوردگی	noun	3336	2767	2962	3511
3509	8	lx-2582	نکول	noun	3336	3333	3824	3262
3510	8	lx-2948	هموفیلی	noun	3338	2840	3333	3430
3511	8	lx-2583	موسسه مالی اعتباری	noun	3339	3333	3824	3265
3512	8	lx-3234	مدرنیته	noun	3339	2964	2698	3529
3513	8	lx-5838	نادیده انگاشتن	verb	3339	1505	2115	4115
3514	8	lx-3734	کارناوال	noun	3339	2279	2832	3658
3515	8	lx-2584	حواله ارزی	noun	3339	3333	3824	3266
3516	8	lx-3004	بوم‌شناسی	noun	3340	3333	2742	3453
3517	8	lx-3305	بدعت	noun	3340	2996	2545	3559
3518	8	lx-2585	صادرات غیرنفتی	noun	3341	3333	3824	3268
3519	8	lx-2587	ارزش افزوده	noun	3343	3333	3824	3270
3520	8	lx-4202	خیار	noun	3344	2202	2426	3782
3521	8	lx-3949	ترمودینامیک	noun	3344	2795	2143	3711
3522	8	lx-2619	حق‌العمل‌کار	noun	3345	3333	3708	3290
3523	8	lx-4457	کروموزوم	noun	3345	2596	1826	3860
3524	8	lx-2589	مالیات بر درآمد	noun	3346	3333	3824	3274
3525	8	lx-3888	انتگرال	noun	3346	2833	2174	3697
3526	8	lx-2839	ذخیره‌گاه	noun	3347	3333	3064	3399
3527	8	lx-2590	گزارشگری مالی	noun	3347	3333	3824	3276
3528	8	lx-5337	مراجع	noun	3347	2525	1504	4009
3529	8	lx-2591	حاشیه سود	noun	3350	3333	3824	3280
3530	8	lx-3175	دلواپسی	noun	3353	2512	3272	3533
3531	8	lx-2592	خروج سرمایه	noun	3353	3333	3824	3284
3532	8	lx-2593	ارز دیجیتال	noun	3354	3333	3824	3285
3533	8	lx-3015	آلایندگی	noun	3355	2979	3075	3472
3534	8	lx-3596	چنانکه	conjunction	3355	2550	2665	3650
3535	8	lx-2594	استخراج رمزارز	noun	3357	3333	3824	3289
3536	8	lx-5581	سیمان	noun	3358	2051	1707	4081
3537	8	lx-2633	بورس‌بازی	noun	3359	3333	3688	3312
3538	8	lx-2595	اقتصاد زیرزمینی	noun	3361	3333	3824	3294
3539	8	lx-2596	بازار سیاه	noun	3362	3333	3824	3296
3540	8	lx-2597	شرکت سهامی عام	noun	3364	3333	3824	3298
3541	8	lx-2598	شرکت سهامی خاص	noun	3366	3333	3824	3300
3542	8	lx-3227	شهرنشینی	noun	3366	3104	2635	3554
3543	8	lx-2599	سرمایه اولیه	noun	3366	3333	3824	3301
3544	8	lx-3114	مسالمت‌آمیز	adjective	3367	3333	2614	3518
3545	8	lx-2820	میکروکنترلر	noun	3368	3333	3194	3404
3546	8	lx-5998	پیشگویی	noun	3369	1424	2124	4199
3547	8	lx-2602	تراز پرداخت‌ها	noun	3369	3333	3824	3305
3548	8	lx-3375	داستان‌نویس	noun	3371	3333	2286	3603
3549	8	lx-2603	اموال غیرمنقول	noun	3372	3333	3824	3308
3550	8	lx-2604	دارایی مشهود	noun	3373	3333	3824	3310
3551	8	lx-5611	طولی	noun	3374	2216	1597	4099
3552	8	lx-2605	دارایی نامشهود	noun	3374	3333	3824	3311
3553	8	lx-2944	خوش‌خیم	noun	3375	3333	2922	3464
3554	8	lx-2606	شرکت تابعه	noun	3375	3333	3824	3313
3555	8	lx-2870	سایبرنتیک	noun	3376	3156	3263	3433
3556	8	lx-2608	صندوق بازنشستگی	noun	3377	3333	3824	3315
3557	8	lx-2610	دوره تنفس	noun	3378	3333	3824	3316
3558	8	lx-2625	مضاربه	noun	3378	3292	3824	3323
3559	8	lx-4027	بصیرت	noun	3378	2064	2882	3766
3560	8	lx-2611	خالص ارزش دارایی	noun	3379	3333	3824	3317
3561	8	lx-2612	بازار خرسی	noun	3379	3333	3824	3318
3562	8	lx-3139	سیاست‌گذاری	noun	3381	3333	2599	3541
3563	8	lx-2613	بازار گاوی	noun	3382	3333	3824	3321
3564	8	lx-2614	عرضه اولیه سهام	noun	3384	3333	3824	3324
3565	8	lx-2615	حسابرسی داخلی	noun	3385	3333	3824	3325
3566	8	lx-2616	ارزیابی عملکرد	noun	3385	3333	3824	3326
3567	8	lx-2946	متاستاز	noun	3386	3157	3110	3474
3568	8	lx-3018	نصف‌النهار	noun	3386	3333	2815	3501
3569	8	lx-2617	جریان نقدینگی	noun	3387	3333	3824	3328
3570	8	lx-2618	پته گمرکی	noun	3388	3333	3824	3329
3571	8	lx-2620	بورس کالا	noun	3388	3333	3824	3330
3572	8	lx-5303	بینش	noun	3389	1879	2112	4046
3573	8	lx-2621	کمیته حسابرسی	noun	3389	3333	3824	3331
3574	8	lx-2622	بانکداری الکترونیک	noun	3390	3333	3824	3332
3575	8	lx-5629	معادلات	noun	3390	2315	1539	4121
3576	8	lx-2623	بانکداری اسلامی	noun	3391	3333	3824	3333
3577	8	lx-2624	مشارکت مدنی	noun	3392	3333	3824	3335
3578	8	lx-3283	کثرت	noun	3394	3212	2558	3590
3579	8	lx-2627	جریمه دیرکرد	noun	3395	3333	3824	3338
3580	8	lx-4117	نامتناهی	adjective	3395	2408	2406	3808
3581	8	lx-2813	نیمه‌رسانا	noun	3396	3333	3274	3427
3582	8	lx-3693	مهماندار	noun	3396	2200	3135	3700
3583	8	lx-2938	بیوپسی	noun	3396	3091	3219	3481
3584	8	lx-2628	صورتحساب بانکی	noun	3397	3333	3824	3341
3585	8	lx-2699	دامپینگ	noun	3398	3133	3824	3377
3586	8	lx-2629	حساب جاری	noun	3398	3333	3824	3343
3587	8	lx-2817	ژنومیک	noun	3401	3297	3302	3435
3588	8	lx-2630	حساب پس‌انداز	noun	3401	3333	3824	3347
3589	8	lx-2631	پشت‌نویسی	noun	3402	3333	3824	3348
3590	8	lx-3614	طبعاً	adverb	3402	2698	2636	3690
3591	8	lx-2634	نرخ برابری ارز	noun	3404	3333	3824	3350
3592	8	lx-2635	ارزش اسمی	noun	3404	3333	3824	3351
3593	8	lx-2636	سود مرکب	noun	3407	3333	3824	3354
3594	8	lx-2637	اقتصاد دانش‌بنیان	noun	3408	3333	3824	3355
3595	8	lx-2639	کمیته راهبری	noun	3409	3333	3824	3357
3596	8	lx-2640	خط اعتباری	noun	3411	3333	3824	3359
3597	8	lx-2641	مشتری‌مداری	noun	3412	3333	3824	3361
3598	8	lx-3739	کنیسه	noun	3414	2712	2569	3719
3599	8	lx-2642	سبد مصرفی	noun	3414	3333	3824	3363
3600	8	lx-3944	تکانه	noun	3414	2704	2350	3777
3601	8	lx-2643	پنهان‌کاری مالی	noun	3415	3333	3824	3365
3602	8	lx-4860	صراحت	noun	3415	2452	1925	3971
3603	8	lx-3254	غایت	noun	3415	2999	2831	3601
3604	8	lx-3228	بزهکاری	noun	3416	2874	3007	3592
3605	8	lx-2644	تراز پرداخت‌های خارجی	noun	3417	3333	3824	3368
3606	8	lx-5539	عمران	noun	3420	2606	1439	4134
3607	8	lx-4724	اغراق	noun	3420	1853	2617	3961
3608	8	lx-2645	استراتژی قیمت‌گذاری	noun	3420	3333	3824	3372
3609	8	lx-2646	آزادسازی اقتصادی	noun	3421	3333	3824	3373
3610	8	lx-2647	رشد اقتصادی	noun	3422	3333	3824	3374
3611	8	lx-2648	صندوق ضمانت صادرات	noun	3423	3333	3824	3375
3612	8	lx-2649	صادرات مجدد	noun	3424	3333	3824	3376
3613	8	lx-2855	پرس‌وجو	noun	3424	3333	3207	3477
3614	8	lx-4069	تبیین	noun	3425	3174	1916	3821
3615	8	lx-2650	پیمان تجارت آزاد	noun	3425	3333	3824	3378
3616	8	lx-4497	هپاتیت	noun	3426	2197	2327	3935
3617	8	lx-3958	اپتیک	noun	3428	3050	2102	3792
3618	8	lx-2651	قاچاق ارز	noun	3429	3333	3824	3383
3619	8	lx-3299	زهد	noun	3430	2975	2814	3630
3620	8	lx-5312	مواجهه	noun	3431	2167	1890	4091
3621	8	lx-2652	کارت اعتباری	noun	3431	3333	3824	3386
3622	8	lx-3868	استیناف	noun	3432	2434	2779	3764
3623	8	lx-2653	کارت نقدی	noun	3433	3333	3824	3388
3624	8	lx-2654	پول فیات	noun	3433	3333	3824	3389
3625	8	lx-2655	ارزش ذاتی	noun	3435	3333	3824	3391
3626	8	lx-2656	تسهیلات خرد	noun	3437	3333	3824	3394
3627	8	lx-2790	داده‌کاوی	noun	3437	3333	3431	3456
3628	8	lx-5976	ارگ	noun	3439	2131	1515	4270
3629	8	lx-2658	سود تقسیمی	noun	3439	3333	3824	3397
3630	8	lx-3297	اشراق	noun	3440	3039	2788	3637
3631	8	lx-2659	شاخص کل	noun	3440	3333	3824	3398
3632	8	lx-2660	سفته‌بازی	noun	3442	3333	3824	3400
3633	8	lx-2661	بانکداری خرد	noun	3443	3333	3824	3401
3634	8	lx-2913	ارتوپد	noun	3443	2976	3527	3513
3635	8	lx-2662	بانکداری سرمایه‌گذاری	noun	3444	3333	3824	3403
3636	8	lx-2663	محیط کسب‌وکار	noun	3446	3333	3824	3405
3637	8	lx-3412	مرثیه	noun	3447	2905	2711	3691
3638	8	lx-2664	ترخیص کالا	noun	3448	3333	3824	3408
3639	8	lx-5262	زوال	noun	3448	2203	1929	4093
3640	8	lx-2665	اتاق بازرگانی	noun	3449	3333	3824	3409
3641	8	lx-3085	تغییرپذیری	noun	3449	3052	3132	3577
3642	8	lx-3265	دیالکتیک	noun	3449	3147	2764	3634
3643	8	lx-2666	بیمه تامین اجتماعی	noun	3451	3333	3824	3412
3644	8	lx-2667	شرکت بیمه اتکایی	noun	3453	3333	3824	3415
3645	8	lx-3859	مرزبان	noun	3453	2936	2351	3783
3646	8	lx-2668	نوسانات بازار	noun	3454	3333	3824	3416
3647	8	lx-5357	لرزش	noun	3454	1867	2172	4135
3648	8	lx-2671	مالیات بر عواید سرمایه‌ای	noun	3455	3333	3824	3417
3649	8	lx-2673	شبکه توزیع	noun	3455	3333	3824	3418
3650	8	lx-2675	صادرات نامرئی	noun	3456	3333	3824	3419
3651	8	lx-2676	تجارت الکترونیک	noun	3457	3333	3824	3420
3652	8	lx-2677	درگاه پرداخت	noun	3458	3333	3824	3422
3653	8	lx-4030	مراقبه	noun	3459	2318	2750	3841
3654	8	lx-2863	خودکارسازی	noun	3462	3333	3319	3509
3655	8	lx-2678	کیف پول دیجیتال	noun	3463	3333	3824	3428
3656	8	lx-3306	خرافه	noun	3464	2727	3139	3664
3657	8	lx-2679	قرارداد هوشمند	noun	3464	3333	3824	3429
3658	8	lx-2937	آندوسکوپی	noun	3464	2907	3613	3542
3659	8	lx-2868	بیوانفورماتیک	noun	3465	3333	3313	3514
3660	8	lx-2680	اقتصاد اشتراکی	noun	3466	3333	3824	3432
3661	8	lx-2681	دستمزد واقعی	noun	3468	3333	3824	3434
3662	8	lx-3811	تولی	noun	3469	2831	2547	3778
3663	8	lx-2682	نرخ بیکاری	noun	3469	3333	3824	3436
3664	8	lx-2683	نیروی کار	noun	3470	3333	3824	3437
3665	8	lx-2684	حداقل دستمزد	noun	3471	3333	3824	3438
3666	8	lx-2816	زیست‌فناوری	noun	3473	3333	3458	3499
3667	8	lx-3562	متقابلاً	adverb	3473	2745	2857	3731
3668	8	lx-2685	حقوق بازنشستگی	noun	3473	3333	3824	3441
3669	8	lx-2935	شیمی‌درمانی	noun	3474	3333	3179	3550
3670	8	lx-2686	بیمه بیکاری	noun	3474	3333	3824	3443
3671	8	lx-3323	پارادایم	noun	3478	3333	2573	3683
3672	8	lx-2687	اقتصاد مقاومتی	noun	3478	3333	3824	3448
3673	8	lx-2688	انضباط مالی	noun	3480	3333	3824	3450
3674	8	lx-2689	فساد اداری	noun	3480	3333	3824	3451
3675	8	lx-4003	فراطبیعی	adjective	3481	2566	2557	3855
3676	8	lx-2692	سیاست پولی	noun	3481	3333	3824	3452
3677	8	lx-2693	سیاست مالی	noun	3483	3333	3824	3454
3678	8	lx-2842	اشکال‌زدایی	noun	3485	3333	3428	3520
3679	8	lx-2694	استقلال بانک مرکزی	noun	3486	3333	3824	3458
3680	8	lx-2695	پشتوانه پول	noun	3488	3333	3824	3461
3681	8	lx-2696	صندوق توسعه ملی	noun	3489	3333	3824	3463
3682	8	lx-2697	تحریم اقتصادی	noun	3491	3333	3824	3465
3683	8	lx-3185	دلسردی	noun	3492	2827	3344	3644
3684	8	lx-2698	مبادله کالا به کالا	noun	3492	3333	3824	3467
3685	8	lx-2700	اقتصاد دولتی	noun	3493	3333	3824	3468
3686	8	lx-5640	سنجش	noun	3494	2372	1618	4237
3687	8	lx-3347	ایهام	noun	3494	2689	3188	3706
3688	8	lx-2701	اقتصاد بازار	noun	3494	3333	3824	3469
3689	8	lx-2702	محیط اقتصاد کلان	noun	3496	3333	3824	3471
3690	8	lx-3871	نافذ	adjective	3498	2690	2653	3827
3691	8	lx-2703	چشم‌انداز اقتصادی	noun	3499	3333	3824	3476
3692	8	lx-2704	هزینه فرصت	noun	3501	3333	3824	3478
3693	8	lx-2850	تونل‌زنی	noun	3501	3333	3452	3538
3694	8	lx-2707	وزیر امور خارجه	noun	3504	3333	3824	3482
3695	8	lx-2709	سازمان ملل متحد	noun	3505	3333	3824	3483
3696	8	lx-3951	انتروپی	noun	3506	2697	2537	3865
3697	8	lx-2713	قوه مجریه	noun	3507	3333	3824	3486
3698	8	lx-3381	رازآلود	adjective	3507	2735	3141	3723
3699	8	lx-2714	قوه قضاییه	noun	3508	3333	3824	3487
3700	8	lx-3171	خودشیفتگی	noun	3508	2792	3453	3654
3701	8	lx-2860	تمرکززدایی	noun	3508	3333	3430	3552
3702	8	lx-5554	جوشکاری	noun	3510	2499	1617	4226
3703	8	lx-2715	دادگاه عالی	noun	3511	3333	3824	3491
3704	8	lx-2716	ستره محکمه	noun	3511	3333	3824	3492
3705	8	lx-2718	سارنوال	noun	3513	3333	3824	3494
3706	8	lx-2719	وکیل مدافع	noun	3514	3333	3824	3495
3707	8	lx-2725	عدالت اجتماعی	noun	3515	3333	3824	3497
3708	8	lx-2726	آزادی مطبوعات	noun	3516	3333	3824	3498
3709	8	lx-3215	خودکارآمدی	noun	3517	3333	2843	3677
3710	8	lx-2727	جنگ داخلی	noun	3517	3333	3824	3500
3711	8	lx-5925	کاوش	noun	3518	2234	1550	4350
3712	8	lx-3051	زیست‌کره	noun	3519	3333	3124	3622
3713	8	lx-4185	اجماع	noun	3519	2788	2235	3946
3714	8	lx-2787	استقلال‌طلبی	noun	3520	3333	3665	3528
3715	8	lx-4856	درنگ	noun	3520	2048	2584	4056
3716	8	lx-2730	حزب سیاسی	noun	3521	3333	3824	3505
3717	8	lx-5574	ریزش	noun	3525	2090	1932	4251
3718	8	lx-3853	شبیخون	noun	3525	2546	2884	3848
3719	8	lx-2735	استعفا دادن	verb	3526	3333	3824	3512
3720	8	lx-5569	لنگر	noun	3527	1644	2473	4250
3721	8	lx-6124	ولرم	adjective	3528	2910	3791	3600
3722	8	lx-2736	برکنار کردن	verb	3529	3333	3824	3515
3723	8	lx-2738	وتو کردن	verb	3530	3333	3824	3517
3724	8	lx-4193	حجر	noun	3531	2612	2412	3956
3725	8	lx-2739	حوزه انتخابیه	noun	3532	3333	3824	3519
3726	8	lx-3172	رشک	noun	3532	3013	3261	3676
3727	8	lx-3355	پرسپکتیو	noun	3534	2955	3013	3739
3728	8	lx-3983	داربست	noun	3534	2601	2622	3909
3729	8	lx-3274	مغالطه	noun	3534	3195	2888	3717
3730	8	lx-2742	زندانی سیاسی	noun	3535	3333	3824	3524
3731	8	lx-2745	جنایت جنگی	noun	3536	3333	3824	3525
3732	8	lx-2749	حریم هوایی	noun	3538	3333	3824	3527
3733	8	lx-3022	سردسیری	adjective	3539	3333	3220	3631
3734	8	lx-2753	متعهد شدن	verb	3541	3333	3824	3531
3735	8	lx-4474	رونویسی	noun	3542	2838	2105	4008
3736	8	lx-2754	نقض کردن	verb	3543	3333	3824	3534
3737	8	lx-2755	محکوم کردن	verb	3544	3333	3824	3535
3738	8	lx-2830	باج‌افزار	noun	3545	3333	3617	3570
3739	8	lx-5617	اکتشاف	noun	3545	2161	1869	4284
3740	8	lx-3659	جهانگردی	noun	3547	2839	2874	3813
3741	8	lx-2758	حبس ابد	noun	3547	3333	3824	3540
3742	8	lx-2902	پاندمی	noun	3548	3333	3474	3598
3743	8	lx-4000	مورب	adjective	3549	2822	2459	3920
3744	8	lx-4041	مقید	adjective	3551	2526	2693	3936
3745	8	lx-2761	سوءاستفاده از قدرت	noun	3551	3333	3824	3545
3746	8	lx-3258	جهان‌بینی	noun	3552	3333	2862	3721
3747	8	lx-3939	چکیده	noun	3552	2734	2581	3913
3748	8	lx-2762	خویشاوندپروری	noun	3552	3333	3824	3546
3749	8	lx-4394	اناتومی	noun	3552	2436	2513	4007
3750	8	lx-2763	سرمایه‌گذاری خارجی	noun	3553	3333	3824	3547
3751	8	lx-2764	تغییرات اقلیمی	noun	3554	3333	3824	3549
3752	8	lx-5954	بایگانی	noun	3555	1707	2118	4379
3753	8	lx-5439	نوسازی	noun	3555	2336	1860	4247
3754	8	lx-4874	انتزاعی	noun	3555	2806	1930	4095
3755	8	lx-3872	ملغی	adjective	3556	2914	2556	3884
3756	8	lx-2765	کمک‌های بشردوستانه	noun	3557	3333	3824	3553
3757	8	lx-4128	همه‌پرسی	noun	3558	3333	1998	3960
3758	8	lx-3897	مخرج	noun	3558	2990	2446	3899
3759	8	lx-2766	سازمان غیردولتی	noun	3559	3333	3824	3555
3760	8	lx-2767	جامعه جهانی	noun	3560	3333	3824	3556
3761	8	lx-3395	فطری	adjective	3561	2886	3101	3774
3762	8	lx-2821	تعبیه‌شده	adjective	3562	3333	3697	3580
3763	8	lx-2771	مصاحبه مطبوعاتی	noun	3564	3333	3824	3562
3764	8	lx-3318	نص	noun	3566	2937	3173	3755
3765	8	lx-2773	اطلاعات محرمانه	noun	3566	3333	3824	3565
3766	8	lx-4114	هرمس	noun	3566	2591	2607	3963
3767	8	lx-2775	جنگ سرد	noun	3567	3333	3824	3566
3768	8	lx-2779	خلع سلاح	noun	3569	3333	3824	3569
3769	8	lx-3394	فصاحت	noun	3571	2960	3055	3781
3770	8	lx-2780	تکثیر سلاح‌های هسته‌ای	noun	3571	3333	3824	3571
3771	8	lx-2782	توازن قوا	noun	3572	3333	3824	3572
3772	8	lx-4017	خودآگاهی	noun	3572	2572	2719	3948
3773	8	lx-4868	پیوستگی	noun	3572	2584	2120	4112
3774	8	lx-2788	محاسبات ابری	noun	3573	3333	3824	3574
3775	8	lx-2789	مهندسی نرم‌افزار	noun	3574	3333	3824	3575
3776	8	lx-2791	محیط توسعه	noun	3575	3333	3824	3576
3777	8	lx-2793	رایانش کوانتومی	noun	3578	3333	3824	3581
3778	8	lx-3730	نظافتچی	noun	3578	2426	3381	3854
3779	8	lx-3273	سفسطه	noun	3579	2797	3459	3750
3780	8	lx-4498	آنفلوآنزا	noun	3579	2609	2369	4041
3781	8	lx-3654	سهواً	adverb	3580	2643	3221	3832
3782	8	lx-2795	تجربه کاربری	noun	3580	3333	3824	3583
3783	8	lx-3163	روان‌پریشی	noun	3580	3333	3082	3715
3784	8	lx-2796	مدار مجتمع	noun	3581	3333	3824	3584
3785	8	lx-2797	تحلیل داده	noun	3581	3333	3824	3585
3786	8	lx-5997	جادوگری	noun	3582	1454	2516	4415
3787	8	lx-2800	سرمایه‌گذاری خطرپذیر	noun	3582	3333	3824	3586
3788	8	lx-2801	صفحه خورشیدی	noun	3583	3333	3824	3587
3789	8	lx-2802	مهندسی عمران	noun	3584	3333	3824	3588
3790	8	lx-2803	توربین بادی	noun	3584	3333	3824	3589
3791	8	lx-2804	ذخیره‌سازی انرژی	noun	3586	3333	3824	3591
3792	8	lx-2805	شبکه هوشمند	noun	3587	3333	3824	3593
3793	8	lx-4305	پولشویی	noun	3588	2148	3046	4016
3794	8	lx-2806	مهندسی مکانیک	noun	3589	3333	3824	3595
3795	8	lx-2807	طراحی به کمک کامپیوتر	noun	3589	3333	3824	3596
3796	8	lx-5484	بارگذاری	noun	3590	2314	1897	4296
3797	8	lx-3413	مسخ	noun	3591	2896	3170	3800
3798	8	lx-6036	اتخاذ	noun	3593	2494	1479	4428
3799	8	lx-4023	پیش‌فرض	noun	3594	3333	2139	3968
3800	8	lx-2812	مکانیک کوانتوم	noun	3594	3333	3824	3602
3801	8	lx-3158	روان‌درمانی	noun	3597	3333	3160	3722
3802	8	lx-2925	روان‌گسیختگی	noun	3597	3333	3559	3649
3803	8	lx-2815	پرینتر سه‌بعدی	noun	3597	3333	3824	3606
3804	8	lx-2915	انکولوژیست	noun	3600	3262	3672	3647
3805	8	lx-2856	شاخص‌گذاری	noun	3600	3333	3736	3624
3806	8	lx-2818	سلول‌های بنیادی	noun	3600	3333	3824	3610
3807	8	lx-2824	رایانش لبه‌ای	noun	3601	3333	3824	3611
3808	8	lx-2825	پردازش زبان طبیعی	noun	3602	3333	3824	3613
3809	8	lx-2826	یادگیری عمیق	noun	3603	3333	3824	3614
3810	8	lx-2827	بینایی ماشین	noun	3604	3333	3824	3615
3811	8	lx-3742	ویرانه‌ها	noun	3604	3333	2492	3883
3812	8	lx-2828	خودرو خودران	noun	3605	3333	3824	3617
3813	8	lx-6037	کچالو	noun	3606	3333	3441	3682
3814	8	lx-2831	مجوز دسترسی	noun	3607	3333	3824	3619
3815	8	lx-2832	متدولوژی چابک	noun	3608	3333	3824	3621
3816	8	lx-3176	بی‌قراری	noun	3610	3333	3155	3741
3817	8	lx-2834	تست نرم‌افزار	noun	3610	3333	3824	3623
3818	8	lx-2835	تضمین کیفیت	noun	3611	3333	3824	3625
3819	8	lx-2836	معماری نرم‌افزار	noun	3612	3333	3824	3626
3820	8	lx-2837	میکروسرویس	noun	3613	3333	3824	3628
3821	8	lx-3563	استثنائاً	adverb	3614	2866	3138	3846
3822	8	lx-2838	رابط برنامه‌نویسی	noun	3614	3333	3824	3629
3823	8	lx-3326	اگزیستانسیالیسم	noun	3614	2953	3281	3799
3824	8	lx-2840	نسخه‌گذاری	noun	3617	3333	3824	3633
3825	8	lx-4861	ضمنی	noun	3619	2762	2066	4156
3826	8	lx-3338	جبرگرایی	noun	3619	3129	3078	3809
3827	8	lx-2844	سرور ابری	noun	3619	3333	3824	3636
3828	8	lx-3201	رفتارگرایی	noun	3620	3192	3262	3761
3829	8	lx-2845	رایانش توزیع‌شده	noun	3621	3333	3824	3638
3830	8	lx-3940	پرسشنامه	noun	3621	2714	2786	3969
3831	8	lx-2846	توازن بار	noun	3622	3333	3824	3639
3832	8	lx-2851	طراحی وب	noun	3622	3333	3824	3640
3833	8	lx-2852	برنامه‌نویسی سمت سرور	noun	3623	3333	3824	3641
3834	8	lx-2853	برنامه‌نویسی سمت کاربر	noun	3624	3333	3824	3642
3835	8	lx-2854	پایگاه داده رابطه‌ای	noun	3625	3333	3824	3643
3836	8	lx-2857	مهاجرت داده‌ها	noun	3627	3333	3824	3646
3837	8	lx-3391	صوفیانه	adjective	3628	3333	2876	3825
3838	8	lx-2858	انبار داده	noun	3628	3333	3824	3648
3839	8	lx-3245	مردم‌سالاری	noun	3629	3333	3070	3785
3840	8	lx-2859	استخراج بیت‌کوین	noun	3631	3333	3824	3651
3841	8	lx-5987	مزدور	noun	3631	1669	2320	4453
3842	8	lx-3269	استقرا	noun	3631	3333	3029	3796
3843	8	lx-2993	بیابان‌زایی	noun	3631	3333	3538	3699
3844	8	lx-2861	اقتصاد دیجیتال	noun	3631	3333	3824	3652
3845	8	lx-2862	تحول دیجیتال	noun	3632	3333	3824	3653
3846	8	lx-3783	کفالت	noun	3633	2786	2956	3930
3847	8	lx-2864	یادگیری نظارت‌تنشده	noun	3634	3333	3824	3655
3848	8	lx-3281	الاهیات	noun	3634	3083	3253	3804
3849	8	lx-2865	یادگیری تقویتی	noun	3634	3333	3824	3656
3850	8	lx-3312	جامعیت	noun	3634	3240	3053	3814
3851	8	lx-4140	فراکسیون	noun	3635	2895	2488	4022
3852	8	lx-5381	باروری	noun	3636	2366	1996	4316
3853	8	lx-3303	کفرگویی	noun	3636	2817	3509	3817
3854	8	lx-2866	تجزیه و تحلیل احساسات	noun	3637	3333	3824	3659
3855	8	lx-2867	تشخیص الگو	noun	3637	3333	3824	3660
3856	8	lx-3409	متجلی	adjective	3637	3171	3042	3834
3857	8	lx-2869	رابط مغز و رایانه	noun	3640	3333	3824	3663
3858	8	lx-2871	واقعیت ترکیبی	noun	3641	3333	3824	3665
3859	8	lx-4135	نصاب	noun	3641	2801	2592	4026
3860	8	lx-4465	آلل	noun	3641	2892	2264	4096
3861	8	lx-2873	چاپ زیستی سه‌بعدی	noun	3642	3333	3824	3666
3862	8	lx-2914	کاردیولوژیست	noun	3642	3252	3811	3684
3863	8	lx-2874	سوخت زیستی	noun	3643	3333	3824	3667
3864	8	lx-3918	واریانس	noun	3643	3236	2440	3972
3865	8	lx-2875	سلول خورشیدی	noun	3644	3333	3824	3669
3866	8	lx-2876	نانولوله کربنی	noun	3645	3333	3824	3670
3867	8	lx-2877	فناوری پوشیدنی	noun	3646	3333	3824	3671
3868	8	lx-2878	خانه هوشمند	noun	3647	3333	3824	3673
3869	8	lx-2879	شهر هوشمند	noun	3648	3333	3824	3674
3870	8	lx-2880	پزشکی از راه دور	noun	3648	3333	3824	3675
3871	8	lx-3333	فردگرایی	noun	3651	3030	3293	3831
3872	8	lx-2881	مهندسی ژنتیک	noun	3651	3333	3824	3678
3873	8	lx-3922	رگرسیون	noun	3651	3247	2445	3980
3874	8	lx-2882	توالی‌یابی دی‌ان‌ای	noun	3652	3333	3824	3680
3875	8	lx-2883	حسگر زیستی	noun	3653	3333	3824	3681
3876	8	lx-3335	کمال‌گرایی	noun	3655	3333	3006	3835
3877	8	lx-5307	خاموشی	noun	3656	1916	2564	4319
3878	8	lx-3904	مماس	noun	3656	3100	2594	3979
3879	8	lx-2886	محیط خلأ	noun	3657	3333	3824	3686
3880	8	lx-3036	زلزله‌خیز	adjective	3657	3333	3562	3730
3881	8	lx-2887	ایستگاه فضایی	noun	3657	3333	3824	3687
3882	8	lx-4032	انتزاع	noun	3658	3061	2514	4012
3883	8	lx-3238	بی‌تفاوتی	noun	3659	3333	3148	3811
3884	8	lx-2890	سیاره‌شناسی	noun	3661	3333	3824	3692
3885	8	lx-2891	اکتشافات فضایی	noun	3663	3333	3824	3694
3886	8	lx-2892	رایانش شناختی	noun	3664	3333	3824	3696
3887	8	lx-2893	فناوری همگرا	noun	3666	3333	3824	3698
3888	8	lx-2969	جنگل‌زدایی	noun	3666	3333	3706	3718
3889	8	lx-3020	اقلیم‌شناسی	noun	3666	3333	3615	3734
3890	8	lx-3831	ماین	noun	3668	2619	3193	3970
3891	8	lx-2895	عملیاتخانه	noun	3668	3333	3824	3701
3892	8	lx-2898	قند خون	noun	3669	3333	3824	3702
3893	8	lx-5626	عاملی	noun	3670	2521	1754	4418
3894	8	lx-3931	سوگیری	noun	3670	3087	2615	3997
3895	8	lx-2906	پړسوب	noun	3671	3333	3824	3705
3896	8	lx-2908	فشار بالا	noun	3673	3333	3824	3708
3897	8	lx-2909	نارسایی قلبی	noun	3674	3333	3824	3709
3898	8	lx-2910	پیوند اعضا	noun	3675	3333	3824	3710
3899	8	lx-5984	ارابه	noun	3677	1776	2273	4497
3900	8	lx-2917	ام‌آر‌آی	noun	3677	3333	3824	3713
3901	8	lx-2918	سی‌تی اسکن	noun	3677	3333	3824	3714
3902	8	lx-3025	محیط‌بان	noun	3677	3333	3638	3745
3903	8	lx-2923	ضربه مغزی	noun	3679	3333	3824	3716
3904	8	lx-3289	لایتناهی	adjective	3680	2913	3582	3843
3905	8	lx-5571	لغزش	noun	3681	2246	2009	4421
3906	8	lx-4184	مجتهد	noun	3683	3191	2311	4077
3907	8	lx-3080	تصفیه‌خانه	noun	3684	3333	3543	3771
3908	8	lx-2953	گلبول سرخ	noun	3685	3333	3824	3724
3909	8	lx-5970	قنات	noun	3686	2871	1409	4510
3910	8	lx-2954	گلبول سفید	noun	3686	3333	3824	3725
3911	8	lx-3319	تاویل	noun	3687	3333	3111	3857
3912	8	lx-2956	دستگاه گوارش	noun	3687	3333	3824	3727
3913	8	lx-3033	بیوم	noun	3687	3173	3824	3758
3914	8	lx-2957	دستگاه تنفسی	noun	3688	3333	3824	3728
3915	8	lx-2958	دستگاه عصبی	noun	3689	3333	3824	3729
3916	8	lx-3329	خردگرایی	noun	3689	3117	3317	3862
3917	8	lx-5968	خشت	noun	3690	2507	1637	4507
3918	8	lx-2963	پوکی استخوان	noun	3691	3333	3824	3732
3919	8	lx-2965	عمل کردن	verb	3692	3333	3824	3733
3920	8	lx-3128	هیدروالکتریک	adjective	3693	3049	3787	3797
3921	8	lx-2966	تجویز کردن	verb	3694	3333	3824	3736
3922	8	lx-3709	فلزیاب	noun	3694	2889	3116	3959
3923	8	lx-2967	معالجه کردن	verb	3695	3333	3824	3737
3924	8	lx-2968	منابع طبیعی	noun	3695	3333	3824	3738
3925	8	lx-3649	تلویحاً	adverb	3698	2989	3122	3941
3926	8	lx-2970	گازهای گلخانه‌ای	noun	3698	3333	3824	3742
3927	8	lx-4915	کوارک	noun	3698	2371	2480	4257
3928	8	lx-2971	ذوب شدن	verb	3699	3333	3824	3743
3929	8	lx-2972	یخچال طبیعی	noun	3700	3333	3824	3744
3930	8	lx-4012	تکوین	noun	3700	2969	2707	4044
3931	8	lx-4430	سیناپس	noun	3701	2738	2552	4140
3932	8	lx-3126	تجدیدناپذیر	adjective	3702	3323	3491	3806
3933	8	lx-2973	کاهش یافتن	verb	3702	3333	3824	3747
3934	8	lx-5420	کاست	noun	3702	2270	2152	4397
3935	8	lx-6000	محراب	noun	3703	2196	1876	4524
3936	8	lx-2974	افزایش یافتن	verb	3703	3333	3824	3748
3937	8	lx-3896	اعشاری	noun	3703	3031	2791	4013
3938	8	lx-4768	بحر	noun	3703	2935	2147	4215
3939	8	lx-2975	تخریب محیط زیست	noun	3703	3333	3824	3749
3940	8	lx-2977	گونه‌های در معرض خطر	noun	3705	3333	3824	3751
3941	8	lx-2978	حفاظت کردن	verb	3706	3333	3824	3752
3942	8	lx-2979	آسیب رساندن	verb	3706	3333	3824	3753
3943	8	lx-3665	مجمع‌الجزایر	noun	3707	3333	2798	3954
3944	8	lx-2980	بقایای فسیلی	noun	3707	3333	3824	3754
3945	8	lx-3070	جنگل‌کاری	noun	3707	3333	3624	3788
3946	8	lx-5963	تندیس	noun	3708	2391	1731	4529
3947	8	lx-2981	انرژی خورشیدی	noun	3709	3333	3824	3756
3948	8	lx-4216	قصاص	noun	3709	2729	2739	4106
3949	8	lx-4435	مننژیت	noun	3709	2545	2756	4150
3950	8	lx-2982	انرژی بادی	noun	3711	3333	3824	3759
3951	8	lx-2987	حوزه آبریز	noun	3712	3333	3824	3760
3952	8	lx-4078	علیت	noun	3712	2807	2803	4075
3953	8	lx-2990	محصور در خشکی	adjective	3713	3333	3824	3762
3954	8	lx-3241	عقب‌ماندگی	noun	3714	3333	3291	3858
3955	8	lx-5597	معرفت	noun	3715	2417	1911	4458
3956	8	lx-2991	فرسایش خاک	noun	3715	3333	3824	3765
3957	8	lx-2994	طبیعت گردی	noun	3717	3333	3824	3767
3958	8	lx-5578	آسفالت	noun	3718	2199	2125	4455
3959	8	lx-2995	گاز کربنیک	noun	3718	3333	3824	3769
3960	8	lx-4414	غربالگری	noun	3719	3003	2374	4153
3961	8	lx-2997	پوشش گیاهی	noun	3719	3333	3824	3770
3962	8	lx-2998	حیات وحش	noun	3720	3333	3824	3772
3963	8	lx-2999	چرخه آب	noun	3721	3333	3824	3773
3964	8	lx-5902	عمیقاً	noun	3721	1829	2355	4521
3965	8	lx-3000	ذخایر زیرزمینی	noun	3723	3333	3824	3775
3966	8	lx-3001	سیستم بوم‌شناختی	noun	3723	3333	3824	3776
3967	8	lx-4877	توصیفی	noun	3724	2640	2323	4267
3968	8	lx-3005	طغیان کردن	verb	3726	3333	3824	3779
3969	8	lx-4783	مدح	noun	3726	2885	2222	4238
3970	8	lx-5308	تعمیم	noun	3726	2853	1818	4391
3971	8	lx-3006	بحران اقلیمی	noun	3726	3333	3824	3780
3972	8	lx-3192	پیش‌داوری	noun	3727	3333	3421	3851
3973	8	lx-5352	غفلت	noun	3728	2155	2371	4404
3974	8	lx-3007	شکار غیرقانونی	noun	3729	3333	3824	3784
3975	8	lx-3339	طبیعت‌گرایی	noun	3730	3333	3224	3894
3976	8	lx-3142	تاب‌آوری	noun	3732	3333	3540	3836
3977	8	lx-3008	پناهگاه حیات وحش	noun	3732	3333	3824	3787
3978	8	lx-5243	تحریف	noun	3733	2370	2253	4380
3979	8	lx-3009	کاهش دادن	verb	3733	3333	3824	3789
3980	8	lx-3050	اکولوژیست	noun	3734	3265	3824	3803
3981	8	lx-3010	افزایش دادن	verb	3734	3333	3824	3790
3982	8	lx-3016	مواد کیمیاوی	noun	3735	3333	3824	3791
3983	8	lx-4089	رئالیسم	noun	3735	3076	2588	4101
3984	8	lx-3017	طول و عرض جغرافیایی	noun	3736	3333	3824	3793
3985	8	lx-3019	خط استوا	noun	3737	3333	3824	3794
3986	8	lx-3024	سازگار شدن	verb	3737	3333	3824	3795
3987	8	lx-3026	محافظت کردن	verb	3740	3333	3824	3798
3988	8	lx-3029	کود کیمیاوی	noun	3743	3333	3824	3802
3989	8	lx-3030	آب‌های زیرزمینی	noun	3745	3333	3824	3805
3990	8	lx-3762	غارنوردی	noun	3746	2946	3167	4010
3991	8	lx-3031	سفره‌های آب	noun	3746	3333	3824	3807
3992	8	lx-6048	حویلی	noun	3748	3333	3709	3829
3993	8	lx-3032	آب‌خیزداری	noun	3749	3333	3824	3810
3994	8	lx-3034	جنگل‌های بارانی	noun	3750	3333	3824	3812
3995	8	lx-3039	توده هوا	noun	3752	3333	3824	3815
3996	8	lx-3040	جریان‌های اقیانوسی	noun	3753	3333	3824	3816
3997	8	lx-3043	استفاده مجدد	noun	3754	3333	3824	3818
3998	8	lx-3044	محیط‌زیست‌گرا	noun	3755	3333	3824	3819
3999	8	lx-5612	آمیخته	noun	3755	2447	1941	4502
4000	8	lx-3045	ردپای کربن	noun	3756	3333	3824	3820
4001	8	lx-3046	کربن‌خنثی	adjective	3757	3333	3824	3822
4002	8	lx-3052	منقرض شدن	verb	3759	3333	3824	3824
4003	8	lx-3558	بی‌تردید	adverb	3760	3333	3120	3958
4004	8	lx-3890	وکتور	noun	3761	2994	2969	4064
4005	8	lx-3056	انرژی هسته‌ای	noun	3762	3333	3824	3828
4006	8	lx-5543	دینامیک	noun	3763	2743	1784	4492
4007	8	lx-3057	تابش خورشیدی	noun	3763	3333	3824	3830
4008	8	lx-3059	گازهای سمی	noun	3766	3333	3824	3833
4009	8	lx-5323	هیجانی	noun	3768	1955	2729	4436
4010	8	lx-4048	ملاء	noun	3768	2602	3181	4123
4011	8	lx-3064	برداشت بی‌رویه	noun	3768	3333	3824	3837
4012	8	lx-3065	فرونشست زمین	noun	3769	3333	3824	3838
4013	8	lx-6057	پتلون	noun	3770	3267	3824	3852
4014	8	lx-3066	آگاهی‌دهی	noun	3771	3333	3824	3840
4015	8	lx-4008	بالفعل	adjective	3772	2948	2881	4110
4016	8	lx-3814	ضابط	noun	3772	2893	3210	4050
4017	8	lx-6035	تشریف	noun	3773	1241	3450	4609
4018	8	lx-5642	دسته‌بندی	noun	3773	3333	1431	4527
4019	8	lx-3071	مقابله کردن	verb	3774	3333	3824	3844
4020	8	lx-4080	کذب	noun	3774	2654	3095	4137
4021	8	lx-3072	بحران آب	noun	3774	3333	3824	3845
4022	8	lx-3747	اسطوره‌شناسی	noun	3775	3333	2891	4029
4023	8	lx-3073	خشک شدن	verb	3776	3333	3824	3847
4024	8	lx-5411	محرومیت	noun	3776	2563	2017	4472
4025	8	lx-4183	اجتهاد	noun	3776	3333	2391	4161
4026	8	lx-3074	توسعه یافتگی	noun	3777	3333	3824	3849
4027	8	lx-3149	آینده‌نگری	noun	3777	3333	3656	3878
4028	8	lx-3075	بیماری‌های مسری	noun	3778	3333	3824	3850
4029	8	lx-3324	ساختارگرایی	noun	3778	3333	3371	3932
4030	8	lx-3076	قطب جنوب	noun	3780	3333	3824	3853
4031	8	lx-3077	قطب شمال	noun	3782	3333	3824	3856
4032	8	lx-5999	کاهن	noun	3784	1816	2398	4614
4033	8	lx-3230	جهانی‌شدن	noun	3784	3333	3494	3917
4034	8	lx-4011	حلول	noun	3784	2773	3079	4125
4035	8	lx-3078	گاز متان	noun	3785	3333	3824	3859
4036	8	lx-3079	اثر گلخانه‌ای	noun	3786	3333	3824	3861
4037	8	lx-3611	بالطبع	adverb	3786	3101	3360	3993
4038	8	lx-5540	هیدرولیک	noun	3788	2451	2037	4516
4039	8	lx-3081	سیستم آبیاری	noun	3788	3333	3824	3863
4040	8	lx-3082	هدر رفتن	verb	3788	3333	3824	3864
4041	8	lx-3770	تزویر	noun	3790	3040	3176	4049
4042	8	lx-3088	کربن‌زدایی	noun	3790	3333	3824	3866
4043	8	lx-3089	توسعه نیافته	adjective	3791	3333	3824	3867
4044	8	lx-3090	سازمان محیط زیست	noun	3791	3333	3824	3868
4045	8	lx-4732	واک	noun	3792	2503	2736	4291
4046	8	lx-3091	وضع کردن	verb	3792	3333	3824	3869
4047	8	lx-3092	مالیات کربن	noun	3793	3333	3824	3870
4048	8	lx-3923	معناداری	noun	3793	3082	2917	4102
4049	8	lx-3094	پایبند بودن	verb	3793	3333	3824	3871
4050	8	lx-3095	صرفه جویی	noun	3795	3333	3824	3873
4051	8	lx-3097	کاهش آلودگی	noun	3796	3333	3824	3874
4052	8	lx-3098	چرخه کربن	noun	3797	3333	3824	3876
4053	8	lx-3224	حاشیه‌نشینی	noun	3798	3333	3546	3926
4054	8	lx-3100	جذب کردن	verb	3798	3333	3824	3877
4055	8	lx-3101	دفع کردن	verb	3800	3333	3824	3880
4056	8	lx-3102	آب شدن یخ‌ها	noun	3801	3333	3824	3881
4057	8	lx-3103	زیر آب رفتن	verb	3802	3333	3824	3882
4058	8	lx-5943	فرعون	noun	3803	1883	2392	4619
4059	8	lx-3104	بالا آمدن سطح دریا	noun	3804	3333	3824	3885
4060	8	lx-3105	پلاستیک یک‌بار مصرف	noun	3805	3333	3824	3887
4061	8	lx-3106	ممنوع کردن	verb	3806	3333	3824	3888
4062	8	lx-3775	ثبوت	noun	3806	3333	2924	4066
4063	8	lx-5546	گشتاور	noun	3806	2834	1789	4534
4064	8	lx-3107	آلوده کردن	verb	3807	3333	3824	3889
4065	8	lx-4104	بیگانگی	noun	3807	2884	2914	4169
4066	8	lx-6107	بدرنگ	adjective	3807	3322	3824	3892
4067	8	lx-3108	محصولات زراعتی	noun	3808	3333	3824	3891
4068	8	lx-3109	امنیت غذایی	noun	3810	3333	3824	3893
4069	8	lx-3988	کاشی‌کاری	noun	3811	3333	2638	4143
4070	8	lx-3111	مدیریت منابع	noun	3811	3333	3824	3895
4071	8	lx-3115	بوم‌گردی	noun	3812	3333	3824	3896
4072	8	lx-3116	جامعه محلی	noun	3813	3333	3824	3897
4073	8	lx-3322	فرامتن	noun	3813	3333	3502	3955
4074	8	lx-6044	الماری	noun	3815	3333	3824	3900
4075	8	lx-6047	تشناب	noun	3815	3333	3824	3901
4076	8	lx-6119	نصواری	adjective	3816	3333	3824	3902
4077	8	lx-6121	چتل	adjective	3817	3333	3824	3903
4078	8	lx-3180	کلافگی	noun	3817	3203	3824	3929
4079	8	lx-6122	کمزور	adjective	3818	3333	3824	3904
4080	8	lx-6129	تیلفون	noun	3818	3333	3824	3905
4081	8	lx-6134	واسکت	noun	3819	3333	3824	3906
4082	8	lx-3118	خواص دارویی	noun	3820	3333	3824	3907
4083	8	lx-3119	آلودگی صوتی	noun	3821	3333	3824	3908
4084	8	lx-3650	اجباراً	adverb	3821	2862	3659	4039
4085	8	lx-3120	تخریب لایه اوزون	noun	3823	3333	3824	3911
4086	8	lx-3122	ویران کردن	verb	3824	3333	3824	3912
4087	8	lx-3334	جمع‌گرایی	noun	3824	3333	3545	3962
4088	8	lx-5451	باستان‌شناسی	noun	3824	3333	1602	4523
4089	8	lx-3123	بناهای تاریخی	noun	3825	3333	3824	3914
4090	8	lx-3125	منابع تجدیدناپذیر	noun	3826	3333	3824	3916
4091	8	lx-5258	هیپنوتیزم	noun	3828	1859	3086	4475
4092	8	lx-3127	انرژی زمین‌گرمایی	noun	3828	3333	3824	3918
4093	8	lx-3129	تنوع جانوری	noun	3829	3333	3824	3919
4094	8	lx-3130	تنوع گیاهی	noun	3831	3333	3824	3922
4095	8	lx-3132	اکوسیستم آبی	noun	3832	3333	3824	3924
4096	8	lx-4064	معاد	noun	3833	2985	2907	4184
4097	8	lx-3133	صدمه زدن	verb	3833	3333	3824	3925
4098	8	lx-5926	عتیقه	noun	3834	1611	2887	4645
4099	8	lx-3134	صید بی‌رویه	noun	3835	3333	3824	3927
4100	8	lx-3135	کاهش فقر	noun	3835	3333	3824	3928
4101	8	lx-5290	تداعی	noun	3835	2561	2228	4491
4102	8	lx-5972	کاروانسرا	noun	3837	2688	1701	4663
4103	8	lx-3136	محیط زیستی	adjective	3837	3333	3824	3931
4104	8	lx-3137	اختصاص دادن	verb	3840	3333	3824	3934
4105	8	lx-3357	پیکرتراشی	noun	3840	3333	3603	3974
4106	8	lx-3140	بهبود یافتن	verb	3842	3333	3824	3937
4107	8	lx-3141	فناوری پاک	noun	3843	3333	3824	3939
4108	8	lx-3143	بلایای طبیعی	noun	3844	3333	3824	3940
4109	8	lx-4872	مقوله	noun	3845	2674	2457	4402
4110	8	lx-3144	حوادث غیرمترقبه	noun	3846	3333	3824	3942
4111	8	lx-3146	نجات دادن	verb	3846	3333	3824	3943
4112	8	lx-3147	گازهای آلاینده	noun	3847	3333	3824	3944
4113	8	lx-3801	کنترول	noun	3848	2580	3824	4117
4114	8	lx-3148	تولید کردن	verb	3848	3333	3824	3945
4115	8	lx-3259	دگم	noun	3848	3333	3720	3964
4116	8	lx-3150	نقشه جغرافیایی	noun	3849	3333	3824	3947
4117	8	lx-3152	ثبت شدن	verb	3851	3333	3824	3949
4118	8	lx-3153	حوزه محیط زیست	noun	3851	3333	3824	3950
4119	8	lx-3162	روان‌رنجوری	noun	3852	3333	3824	3951
4120	8	lx-3380	ذایقه	noun	3853	3161	3824	3987
4121	8	lx-3164	هوش‌بهر	noun	3853	3333	3824	3952
4122	8	lx-3330	تجربه‌گرایی	noun	3854	3333	3693	3976
4123	8	lx-3167	شرطی‌سازی	noun	3854	3333	3824	3953
4124	8	lx-3683	گمرکات	noun	3854	3326	3174	4080
4125	8	lx-4247	غیابی	noun	3855	3106	2724	4234
4126	8	lx-5412	نخبگان	noun	3856	2672	2074	4546
4127	8	lx-3343	تقلیل‌گرایی	noun	3860	3333	3700	3984
4128	8	lx-3208	شرطی شدن	verb	3862	3333	3824	3965
4129	8	lx-3218	هم‌رنگی	noun	3864	3333	3824	3967
4130	8	lx-3366	تنقید	noun	3865	3333	3701	3990
4131	8	lx-3328	عمل‌گرایی	noun	3866	3333	3747	3983
4132	8	lx-3313	مانعیت	noun	3867	3333	3761	3982
4133	8	lx-4083	همانی	noun	3868	2848	3136	4216
4134	8	lx-3279	پسینی	adjective	3869	3333	3803	3978
4135	8	lx-4081	استحاله	noun	3870	3204	2785	4219
4136	8	lx-3332	مادی‌گرایی	noun	3871	3333	3760	3988
4137	8	lx-3268	آنتی‌تز	noun	3871	3333	3824	3977
4138	8	lx-5492	پلان	noun	3873	2769	1949	4592
4139	8	lx-3280	غایت‌شناسی	noun	3874	3333	3824	3981
4140	8	lx-5390	خویشاوندی	noun	3875	2478	2289	4557
4141	8	lx-3912	تناظر	noun	3875	3333	2868	4178
4142	8	lx-5834	توطئه چیدن	verb	3877	3333	3824	3985
4143	8	lx-3325	پسامدرنیسم	noun	3877	3333	3802	3989
4144	8	lx-3757	جهت‌یابی	noun	3878	3333	3098	4129
4145	8	lx-3327	پوچ‌گرایی	noun	3882	3333	3824	3992
4146	8	lx-5509	سردر	noun	3882	2395	2269	4602
4147	8	lx-3963	اسکالر	noun	3883	3057	3074	4202
4148	8	lx-3331	شک‌گرایی	noun	3884	3333	3824	3995
4149	8	lx-3336	نسبیت‌گرایی	noun	3885	3333	3824	3996
4150	8	lx-3337	تکثرگرایی	noun	3886	3333	3824	3998
4151	8	lx-3340	غایت‌گرایی	noun	3888	3333	3824	4000
4152	8	lx-3344	کل‌گرایی	noun	3888	3333	3817	4002
4153	8	lx-3341	صورت‌گرایی	noun	3889	3333	3824	4001
4154	8	lx-5493	مقاطع	noun	3890	3017	1819	4606
4155	8	lx-3342	ذات‌گرایی	noun	3890	3333	3824	4003
4156	8	lx-3345	انطباع	noun	3891	3333	3824	4004
4157	8	lx-3346	ایدیولوژی	noun	3892	3333	3824	4005
4158	8	lx-4983	درخشندگی	noun	3892	2657	2483	4471
4159	8	lx-4106	ابتذال	noun	3895	2821	3213	4244
4160	8	lx-3706	بارنامه	noun	3896	2808	3824	4127
4161	8	lx-3387	رهبر ارکستر	noun	3898	3333	3824	4014
4162	8	lx-3422	تسهیل کردن	verb	3900	3333	3824	4017
4163	8	lx-3423	تمایز قایل شدن	verb	3901	3333	3824	4018
4164	8	lx-3424	نادیده گرفتن	verb	3902	3333	3824	4019
4165	8	lx-3425	دست کم گرفتن	verb	3902	3333	3824	4020
4166	8	lx-3964	تنسور	noun	3903	3333	2861	4220
4167	8	lx-3426	ترغیب کردن	verb	3903	3333	3824	4021
4168	8	lx-3428	متمرکز ساختن	verb	3905	3333	3824	4023
4169	8	lx-3429	انطباق دادن	verb	3905	3333	3824	4024
4170	8	lx-4471	نوکلئوتید	noun	3906	3084	2684	4325
4171	8	lx-3430	دستخوش تغییر شدن	verb	3906	3333	3824	4025
4172	8	lx-3777	استنطاق	noun	3907	2944	3531	4165
4173	8	lx-3431	مجذوب ساختن	verb	3908	3333	3824	4027
4174	8	lx-3432	غافلگیر کردن	verb	3908	3333	3824	4028
4175	8	lx-3433	فراهم آوردن	verb	3910	3333	3824	4030
4176	8	lx-3434	صرف نظر کردن	verb	3910	3333	3824	4031
4177	8	lx-5584	استنباط	noun	3910	2495	2168	4650
4178	8	lx-3435	محروم ساختن	verb	3911	3333	3824	4032
4179	8	lx-3436	افشا کردن	verb	3912	3333	3824	4033
4180	8	lx-4218	تعزیر	noun	3912	3312	2702	4278
4181	8	lx-3437	برملا ساختن	verb	3913	3333	3824	4034
4182	8	lx-3438	پنهان داشتن	verb	3913	3333	3824	4035
4183	8	lx-4725	مبالغه	noun	3914	2481	3004	4413
4184	8	lx-4522	کاردار	noun	3914	2791	2919	4348
4185	8	lx-3439	تطبیق کردن	verb	3914	3333	3824	4036
4186	8	lx-3440	خاطرنشان ساختن	verb	3915	3333	3824	4037
4187	8	lx-3441	تاکید ورزیدن	verb	3916	3333	3824	4038
4188	8	lx-3442	مختل ساختن	verb	3917	3333	3824	4040
4189	8	lx-3443	به تعویق انداختن	verb	3918	3333	3824	4042
4190	8	lx-3444	منصرف شدن	verb	3919	3333	3824	4043
4191	8	lx-4072	ضروریات	noun	3920	2901	3223	4258
4192	8	lx-3445	برآورد کردن	verb	3921	3333	3824	4045
4193	8	lx-3446	تحمیل کردن	verb	3922	3333	3824	4047
4194	8	lx-5978	خندق	noun	3923	2213	2161	4766
4195	8	lx-3447	تضعیف کردن	verb	3923	3333	3824	4048
4196	8	lx-3670	اقیانوس‌شناسی	noun	3925	3333	3359	4139
4197	8	lx-3448	تقویت بخشیدن	verb	3925	3333	3824	4051
4198	8	lx-3449	سوء استفاده کردن	verb	3926	3333	3824	4053
4199	8	lx-3450	متهم ساختن	verb	3927	3333	3824	4054
4200	8	lx-3451	تبرئه شدن	verb	3928	3333	3824	4055
4201	8	lx-3452	جبران کردن	verb	3929	3333	3824	4057
4202	8	lx-3453	تسخیر کردن	verb	3930	3333	3824	4058
4203	8	lx-3454	مستقر شدن	verb	3931	3333	3824	4059
4204	8	lx-4731	موازنه	noun	3931	2820	2668	4432
4205	8	lx-3455	توسل جستن	verb	3932	3333	3824	4060
4206	8	lx-3456	استناد کردن	verb	3933	3333	3824	4062
4207	8	lx-5600	یکپارچگی	noun	3933	2652	2072	4674
4208	8	lx-3830	مرمی	noun	3933	2966	3505	4203
4209	8	lx-3457	استخراج کردن	verb	3934	3333	3824	4063
4210	8	lx-4042	تعین	noun	3934	2984	3204	4263
4211	8	lx-3458	تصفیه کردن	verb	3935	3333	3824	4065
4212	8	lx-3459	احیا کردن	verb	3937	3333	3824	4067
4213	8	lx-3460	پایمال کردن	verb	3937	3333	3824	4068
4214	8	lx-3461	استیضاح کردن	verb	3938	3333	3824	4069
4215	8	lx-5920	سابقاً	noun	3938	2177	2300	4755
4216	8	lx-3935	روش‌شناسی	noun	3939	3333	2966	4246
4217	8	lx-3462	انصراف دادن	verb	3939	3333	3824	4070
4218	8	lx-3463	واگذار کردن	verb	3940	3333	3824	4071
4219	8	lx-3464	تفویض کردن	verb	3940	3333	3824	4072
4220	8	lx-3465	تجاوز کردن	verb	3941	3333	3824	4073
4221	8	lx-3748	چندفرهنگی	noun	3941	3333	3248	4186
4222	8	lx-3466	تعدی کردن	verb	3942	3333	3824	4074
4223	8	lx-4031	تجرید	noun	3942	3333	2897	4268
4224	8	lx-3467	ممانعت کردن	verb	3943	3333	3824	4076
4225	8	lx-3468	تسریع بخشیدن	verb	3945	3333	3824	4078
4226	8	lx-4852	هجا	noun	3945	2843	2532	4486
4227	8	lx-3469	به حداقل رساندن	verb	3945	3333	3824	4079
4228	8	lx-4489	پاتوژن	noun	3947	2812	2990	4375
4229	8	lx-3470	توسعه یافتن	verb	3948	3333	3824	4082
4230	8	lx-3472	متلاشی شدن	verb	3948	3333	3824	4083
4231	8	lx-4085	تشخص	noun	3949	2878	3314	4286
4232	8	lx-3473	منسجم ساختن	verb	3949	3333	3824	4084
4233	8	lx-3474	دگرگون کردن	verb	3950	3333	3824	4085
4234	8	lx-3475	متحول شدن	verb	3950	3333	3824	4086
4235	8	lx-3476	ریشه کن کردن	verb	3951	3333	3824	4087
4236	8	lx-5579	قیر	noun	3952	2299	2443	4686
4237	8	lx-3477	مهار کردن	verb	3952	3333	3824	4088
4238	8	lx-3478	فایق آمدن	verb	3953	3333	3824	4089
4239	8	lx-3479	غلبه کردن	verb	3953	3333	3824	4090
4240	8	lx-3480	ایفا کردن	verb	3955	3333	3824	4092
4241	8	lx-4393	مورفولوژی	noun	3955	3237	2745	4346
4242	8	lx-3481	برخوردار بودن	verb	3956	3333	3824	4094
4243	8	lx-3482	حاکی بودن	verb	3958	3333	3824	4097
4244	8	lx-3483	منجر شدن	verb	3959	3333	3824	4098
4245	8	lx-5336	درمانگر	noun	3960	2325	2628	4633
4246	8	lx-3484	نشأت گرفتن	verb	3961	3333	3824	4100
4247	8	lx-3485	مرتبط بودن	verb	3963	3333	3824	4103
4248	8	lx-3486	متمایز ساختن	verb	3963	3333	3824	4104
4249	8	lx-3487	سازگار بودن	verb	3964	3333	3824	4105
4250	8	lx-3488	مغایرت داشتن	verb	3966	3333	3824	4107
4251	8	lx-5422	نژادپرستی	noun	3966	2511	2360	4667
4252	8	lx-3489	تداخل داشتن	verb	3966	3333	3824	4108
4253	8	lx-3490	پیامد داشتن	verb	3967	3333	3824	4109
4254	8	lx-5568	پیچش	noun	3968	2348	2429	4700
4255	8	lx-3491	منعکس کردن	verb	3969	3333	3824	4111
4256	8	lx-4490	آنتی‌بادی	noun	3970	3333	2529	4406
4257	8	lx-3492	تجلی یافتن	verb	3970	3333	3824	4113
4258	8	lx-3493	نمایان ساختن	verb	3971	3333	3824	4114
4259	8	lx-3494	متصور بودن	verb	3972	3333	3824	4116
4260	8	lx-5485	ارتعاش	noun	3972	2416	2430	4684
4261	8	lx-3820	محاربه	noun	3973	3333	3226	4236
4262	8	lx-3495	استنتاج کردن	verb	3974	3333	3824	4118
4263	8	lx-3496	محاسبه کردن	verb	3974	3333	3824	4119
4264	8	lx-3497	بازنگری کردن	verb	3975	3333	3824	4120
4265	8	lx-5953	طومار	noun	3976	2059	2448	4810
4266	8	lx-3498	تجدید نظر کردن	verb	3976	3333	3824	4122
4267	8	lx-3499	مداخله کردن	verb	3978	3333	3824	4124
4268	8	lx-3500	میانجیگری کردن	verb	3979	3333	3824	4126
4269	8	lx-4334	خزانه‌داری	noun	3980	3333	2755	4359
4270	8	lx-3501	سازش کردن	verb	3981	3333	3824	4128
4271	8	lx-3502	رایزنی کردن	verb	3982	3333	3824	4130
4272	8	lx-3503	مبادله کردن	verb	3983	3333	3824	4131
4273	8	lx-4726	غلو	noun	3983	2603	3011	4480
4274	8	lx-4502	ابولا	noun	3984	2670	3233	4409
4275	8	lx-3504	انحصار کردن	verb	3984	3333	3824	4132
4276	8	lx-3916	اوسط	noun	3984	3213	3215	4280
4277	8	lx-3804	آماده‌باش	noun	3984	3333	3279	4240
4278	8	lx-3505	مستثنی کردن	verb	3984	3333	3824	4133
4279	8	lx-3506	تخطی کردن	verb	3987	3333	3824	4136
4280	8	lx-3507	سرپیچی کردن	verb	3988	3333	3824	4138
4281	8	lx-4071	بدیهیات	noun	3989	2887	3447	4314
4282	8	lx-4090	ماتریالیسم	noun	3990	3280	3027	4317
4283	8	lx-3508	تمکین کردن	verb	3990	3333	3824	4141
4284	8	lx-3509	تبعیت کردن	verb	3991	3333	3824	4142
4285	8	lx-3510	اقتباس کردن	verb	3992	3333	3824	4144
4286	8	lx-3511	تدوین کردن	verb	3993	3333	3824	4145
4287	8	lx-3512	تنظیم کردن	verb	3994	3333	3824	4146
4288	8	lx-5894	کماکان	noun	3995	2562	2038	4812
4289	8	lx-3513	اعمال کردن	verb	3995	3333	3824	4147
4290	8	lx-3514	الزام کردن	verb	3995	3333	3824	4148
4291	8	lx-3515	تکذیب کردن	verb	3996	3333	3824	4149
4292	8	lx-3516	تحریم کردن	verb	3997	3333	3824	4151
4293	8	lx-3517	بایکوت کردن	verb	3998	3333	3824	4152
4294	8	lx-3518	اعتصاب کردن	verb	4000	3333	3824	4154
4295	8	lx-5475	کرنش	noun	4000	2962	2010	4717
4296	8	lx-3519	شورش کردن	verb	4000	3333	3824	4155
4297	8	lx-3520	تظاهرات کردن	verb	4002	3333	3824	4157
4298	8	lx-3546	معهذا	conjunction	4002	3330	3770	4168
4299	8	lx-3521	اعتراض کردن	verb	4003	3333	3824	4158
4300	8	lx-3522	قدردانی کردن	verb	4003	3333	3824	4159
4301	8	lx-3523	تحقیر کردن	verb	4004	3333	3824	4160
4302	8	lx-3524	افترا بستن	verb	4005	3333	3824	4162
4303	8	lx-3525	اعاده حیثیت کردن	verb	4006	3333	3824	4163
4304	8	lx-4205	بطلان	noun	4006	3146	3089	4356
4305	8	lx-3526	پیگرد قانونی کردن	verb	4007	3333	3824	4164
4306	8	lx-4246	ابلاغیه	noun	4008	2754	3489	4366
4307	8	lx-3527	بازداشت کردن	verb	4008	3333	3824	4166
4308	8	lx-3528	حبس کردن	verb	4009	3333	3824	4167
4309	8	lx-4785	کرامت	noun	4010	2888	2673	4531
4310	8	lx-3768	باج‌گیری	noun	4011	3333	3399	4252
4311	8	lx-3529	آزاد ساختن	verb	4011	3333	3824	4170
4312	8	lx-3530	تبعید کردن	verb	4012	3333	3824	4171
4313	8	lx-3531	اعدام کردن	verb	4013	3333	3824	4172
4314	8	lx-3532	ترور کردن	verb	4013	3333	3824	4173
4315	8	lx-4943	سحابی	noun	4014	3111	2367	4573
4316	8	lx-3533	بمباران کردن	verb	4014	3333	3824	4174
4317	8	lx-3534	تخلیه کردن	verb	4015	3333	3824	4175
4318	8	lx-3535	پناه بردن	verb	4015	3333	3824	4176
4319	8	lx-6015	هرگاه	conjunction	4016	2739	1848	4871
4320	8	lx-4553	لجستیک	noun	4016	3118	2790	4451
4321	8	lx-3536	آواره شدن	verb	4016	3333	3824	4177
4322	8	lx-5406	استثمار	noun	4016	2505	2466	4713
4323	8	lx-3537	مهاجرت کردن	verb	4018	3333	3824	4179
4324	8	lx-3538	اسکان دادن	verb	4018	3333	3824	4180
4325	8	lx-3539	ادغام شدن	verb	4019	3333	3824	4181
4326	8	lx-3540	تفکیک کردن	verb	4020	3333	3824	4182
4327	8	lx-3541	متمایز کردن	verb	4021	3333	3824	4183
4328	8	lx-3542	استتار کردن	verb	4022	3333	3824	4185
4329	8	lx-3543	جلوه دادن	verb	4023	3333	3824	4187
4330	8	lx-3544	وانمود کردن	verb	4024	3333	3824	4188
4331	8	lx-3545	غلو کردن	verb	4025	3333	3824	4189
4332	8	lx-3547	علاوه بر این	phrase	4026	3333	3824	4190
4333	8	lx-4402	ارتوپدی	noun	4026	3092	2997	4419
4334	8	lx-3548	با وجود این	phrase	4026	3333	3824	4191
4335	8	lx-3549	از یک سو	phrase	4027	3333	3824	4192
4336	8	lx-3550	از سوی دیگر	phrase	4028	3333	3824	4193
4337	8	lx-3551	به عبارت دیگر	phrase	4028	3333	3824	4194
4338	8	lx-3552	در واقع	adverb	4029	3333	3824	4195
4339	8	lx-3653	قصداً	adverb	4029	3176	3824	4229
4340	8	lx-4507	اوریون	noun	4029	2794	3203	4450
4341	8	lx-3553	به خصوص	adverb	4030	3333	3824	4196
4342	8	lx-3554	روی هم رفته	phrase	4031	3333	3824	4197
4343	8	lx-5277	انگیزش	noun	4031	2357	2767	4693
4344	8	lx-3555	بدون شک	phrase	4031	3333	3824	4198
4345	8	lx-3556	به طور کلی	phrase	4033	3333	3824	4200
4346	8	lx-5631	میانجی	noun	4033	2660	2205	4781
4347	8	lx-3559	به هر حال	phrase	4034	3333	3824	4201
4348	8	lx-4004	دوگانه‌انگاری	noun	4035	3333	3158	4339
4349	8	lx-4564	کاپیتالیسم	noun	4035	2876	3048	4474
4350	8	lx-4148	ادعانامه	noun	4035	2958	3427	4367
4351	8	lx-3572	در ضمن	phrase	4036	3333	3824	4204
4352	8	lx-3573	از این گذشته	phrase	4036	3333	3824	4205
4353	8	lx-3574	در مقایسه با	phrase	4037	3333	3824	4206
4354	8	lx-5359	نشانگان	noun	4038	2425	2618	4725
4355	8	lx-3576	به منظور	preposition	4038	3333	3824	4207
4356	8	lx-3577	در صورتیکه	conjunction	4039	3333	3824	4208
4357	8	lx-3580	خواه... خواه...	conjunction	4039	3333	3824	4209
4358	8	lx-3581	هم... هم...	conjunction	4040	3333	3824	4210
4359	8	lx-3582	نه تنها... بلکه...	conjunction	4041	3333	3824	4211
4360	8	lx-4774	مصراع	noun	4041	3097	2548	4562
4361	8	lx-3583	یا... یا...	conjunction	4041	3333	3824	4212
4362	8	lx-3584	در عوض	phrase	4042	3333	3824	4213
4363	8	lx-3586	مبتنی بر	preposition	4043	3333	3824	4214
4364	8	lx-3587	بنا بر	preposition	4045	3333	3824	4217
4365	8	lx-4119	تألیفی	adjective	4045	3333	3090	4370
4366	8	lx-3588	به تبع آن	phrase	4046	3333	3824	4218
4367	8	lx-3589	در حقیقت	phrase	4048	3333	3824	4221
4368	8	lx-3590	به طور خلاصه	phrase	4049	3333	3824	4222
4369	8	lx-4505	سرخک	noun	4049	2717	3345	4467
4370	8	lx-4917	نوترینو	noun	4049	2768	2769	4596
4371	8	lx-3592	به ویژه	adverb	4049	3333	3824	4223
4372	8	lx-3593	به عبارتی	phrase	4050	3333	3824	4224
4373	8	lx-3594	از قبیل	preposition	4051	3333	3824	4225
4374	8	lx-3597	به نوبه خود	phrase	4052	3333	3824	4227
4375	8	lx-3598	ضمن اینکه	conjunction	4053	3333	3824	4228
4376	8	lx-4339	بیت‌کوین	noun	4053	3333	2896	4429
4377	8	lx-3599	به استثنای	preposition	4054	3333	3824	4230
4378	8	lx-3721	هاستل	noun	4054	3128	3824	4275
4379	8	lx-3600	صرف نظر از	phrase	4055	3333	3824	4231
4380	8	lx-3601	به منظور اینکه	conjunction	4056	3333	3824	4232
4381	8	lx-3602	ولو اینکه	conjunction	4057	3333	3824	4233
4382	8	lx-4423	کلاستر	noun	4057	2957	3199	4449
4383	8	lx-3603	مادامی که	conjunction	4058	3333	3824	4235
4384	8	lx-3604	به مجرد اینکه	conjunction	4061	3333	3824	4239
4385	8	lx-3605	حتی الامکان	adverb	4062	3333	3824	4241
4386	8	lx-3606	در اوایل	phrase	4063	3333	3824	4242
4387	8	lx-4054	هرمنوتیک	noun	4064	3333	3195	4372
4388	8	lx-3607	در اواخر	phrase	4064	3333	3824	4243
4389	8	lx-3692	ارتفاع‌سنج	noun	4064	3333	3663	4274
4390	8	lx-3608	تا حدودی	phrase	4065	3333	3824	4245
4391	8	lx-5990	خراج	noun	4067	2666	1981	4919
4392	8	lx-3609	کم و بیش	phrase	4067	3333	3824	4248
4393	8	lx-3610	روی هم	phrase	4068	3333	3824	4249
4394	8	lx-3612	قهراً	adverb	4071	3333	3824	4253
4395	8	lx-3618	نسبت به	preposition	4072	3333	3824	4254
4396	8	lx-3805	قوماندانی	noun	4072	3333	3435	4331
4397	8	lx-3619	در خصوص	preposition	4072	3333	3824	4255
4398	8	lx-3620	به طور حتم	phrase	4073	3333	3824	4256
4399	8	lx-3622	بدون اغراق	phrase	4075	3333	3824	4259
4400	8	lx-3623	به ظاهر	phrase	4076	3333	3824	4260
4401	8	lx-5327	فیزیولوژیک	noun	4076	2832	2333	4753
4402	8	lx-3624	در باطن	phrase	4077	3333	3824	4261
4403	8	lx-3625	به تدریج	adverb	4077	3333	3824	4262
4404	8	lx-4754	مارکسیسم	noun	4079	3055	2705	4583
4405	8	lx-3626	علی‌الاصول	adverb	4079	3333	3824	4264
4406	8	lx-3627	در هر صورت	phrase	4080	3333	3824	4265
4407	8	lx-3628	به هر روی	phrase	4080	3333	3824	4266
4408	8	lx-4180	امضاکننده	noun	4082	3211	3236	4416
4409	8	lx-3629	با این همه	phrase	4082	3333	3824	4269
4410	8	lx-5253	ناامنی	noun	4083	2642	2572	4741
4411	8	lx-4480	تلومر	noun	4083	3116	3030	4489
4412	8	lx-3630	به موازات	preposition	4084	3333	3824	4271
4413	8	lx-3631	در امتداد	preposition	4085	3333	3824	4272
4414	8	lx-3928	خوشه‌بندی	noun	4085	3333	3368	4364
4415	8	lx-3633	از جانب	preposition	4085	3333	3824	4273
4416	8	lx-4052	مدلول	noun	4085	3333	3244	4392
4417	8	lx-4433	نوروپاتی	noun	4087	3210	3012	4477
4418	8	lx-3991	آسمان‌خراش	noun	4087	3333	3305	4381
4419	8	lx-3634	از سوی	preposition	4087	3333	3824	4276
4420	8	lx-3635	از لحاظ	preposition	4088	3333	3824	4277
4421	8	lx-3636	از نظر	preposition	4090	3333	3824	4279
4422	8	lx-5678	هدفمند	noun	4090	2667	2255	4851
4423	8	lx-3637	به عقیده	preposition	4091	3333	3824	4281
4424	8	lx-3759	کوله‌پشتی	noun	4091	3333	3607	4323
4425	8	lx-3638	در مقطع	preposition	4092	3333	3824	4282
4426	8	lx-4565	ناسیونالیسم	noun	4092	3328	2741	4528
4427	8	lx-3639	در راستای	preposition	4092	3333	3824	4283
4428	8	lx-4678	ژیروسکوپ	noun	4093	2873	2991	4575
4429	8	lx-3987	عایق‌بندی	noun	4094	3333	3325	4386
4430	8	lx-3640	در چارچوب	preposition	4094	3333	3824	4285
4431	8	lx-4455	انسفالوپاتی	noun	4094	2938	3268	4493
4432	8	lx-3641	به اقتضای	preposition	4095	3333	3824	4287
4433	8	lx-5477	خمش	noun	4095	2648	2428	4805
4434	8	lx-3642	به تناسب	preposition	4096	3333	3824	4288
4435	8	lx-3758	جی‌پی‌اس	noun	4097	3333	3626	4327
4436	8	lx-3643	در ازای	preposition	4097	3333	3824	4289
4437	8	lx-3644	به مثابه	preposition	4097	3333	3824	4290
4438	8	lx-3645	در قبال	preposition	4099	3333	3824	4292
4439	8	lx-4018	تنزیه	noun	4099	3333	3315	4396
4440	8	lx-4286	تنزیل	noun	4099	3143	3285	4446
4441	8	lx-3646	به انضمام	preposition	4100	3333	3824	4293
4442	8	lx-5497	ملات	noun	4100	2685	2388	4814
4443	8	lx-3647	به انگیزه	preposition	4100	3333	3824	4294
4444	8	lx-3658	سیاحتگری	noun	4101	3333	3824	4295
4445	8	lx-5907	احیاناً	noun	4102	1781	3118	4934
4446	8	lx-3660	جغرافیای طبیعی	noun	4102	3333	3824	4297
4447	8	lx-3661	فرهنگ‌پذیری	noun	4103	3333	3824	4298
4448	8	lx-3662	میراث فرهنگی	noun	4104	3333	3824	4299
4449	8	lx-3663	مناطق استوایی	noun	4105	3333	3824	4300
4450	8	lx-3664	مناطق معتدل	noun	4105	3333	3824	4301
4451	8	lx-3666	دره عمیق	noun	4106	3333	3824	4302
4452	8	lx-3668	چشمه آب گرم	noun	4107	3333	3824	4303
4453	8	lx-5627	اکتشافی	noun	4107	2537	2439	4854
4454	8	lx-3671	جریان‌های دریایی	noun	4107	3333	3824	4304
4455	8	lx-3672	صخره‌های مرجانی	noun	4108	3333	3824	4305
4456	8	lx-3673	گردشگری پایدار	noun	4109	3333	3824	4306
4457	8	lx-3674	روادید عبوری	noun	4110	3333	3824	4307
4458	9	lx-3675	معافیت از روادید	noun	4110	3333	3824	4308
4459	9	lx-4199	عوضین	noun	4111	2780	3824	4441
4460	9	lx-3678	مهاجرت غیرقانونی	noun	4111	3333	3824	4309
4461	9	lx-3679	تابعیت دوگانه	noun	4112	3333	3824	4310
4462	9	lx-3680	گذرنامه بیومتریک	noun	4112	3333	3824	4311
4463	9	lx-4590	پروپاگاندا	noun	4113	3029	3025	4555
4464	9	lx-3681	کنترل مرزی	noun	4113	3333	3824	4312
4465	9	lx-5621	صوری	noun	4113	2622	2375	4859
4466	9	lx-3682	قاچاق انسان	noun	4114	3333	3824	4313
4467	9	lx-3684	اظهارنامه گمرکی	noun	4115	3333	3824	4315
4468	9	lx-5309	تمییز	noun	4117	2281	3000	4789
4469	9	lx-3685	تجارت آزاد	noun	4117	3333	3824	4318
4470	9	lx-3687	هواپیمایی کشوری	noun	4119	3333	3824	4320
4471	9	lx-3688	برج مراقبت	noun	4120	3333	3824	4321
4472	9	lx-4001	پدیدارشناسی	noun	4120	3333	3387	4410
4473	9	lx-3689	باند فرودگاه	noun	4120	3333	3824	4322
4474	9	lx-4073	ممکنات	noun	4121	3333	3331	4423
4475	9	lx-3690	آشیانه هواپیما	noun	4122	3333	3824	4324
4476	9	lx-3691	جعبه سیاه	noun	4123	3333	3824	4326
4477	9	lx-3802	گزمه	noun	4124	3333	3609	4369
4478	9	lx-3694	خلبان کمک	noun	4125	3333	3824	4328
4479	9	lx-5572	شیروانی	noun	4125	2393	2670	4857
4480	9	lx-3695	پرواز چارتر	noun	4125	3333	3824	4329
4481	9	lx-3696	پرواز مستقیم	noun	4126	3333	3824	4330
4482	9	lx-3697	توقف بین راهی	noun	4127	3333	3824	4332
4483	9	lx-3723	مهمان‌پذیر	noun	4128	3333	3773	4342
4484	9	lx-3698	آشفتگی هوا	noun	4128	3333	3824	4333
4485	9	lx-3699	فرود اضطراری	noun	4129	3333	3824	4334
4486	9	lx-3700	نقص فنی	noun	4130	3333	3824	4335
4487	9	lx-3701	کمربند ایمنی	noun	4130	3333	3824	4336
4488	9	lx-3702	جلیقه نجات	noun	4131	3333	3824	4337
4489	9	lx-3703	ماسک اکسیژن	noun	4132	3333	3824	4338
4490	9	lx-3704	چمدان دستی	noun	4133	3333	3824	4340
4491	9	lx-3705	اضافه‌بار	noun	4134	3333	3824	4341
4492	9	lx-3707	بازرسی بدنی	noun	4135	3333	3824	4343
4493	9	lx-3708	دستگاه ایکس‌ری	noun	4136	3333	3824	4344
4494	9	lx-3877	مظنونیت	noun	4136	3095	3824	4398
4495	9	lx-3710	سالن ترانزیت	noun	4137	3333	3824	4345
4496	9	lx-3813	دلگی	noun	4138	3162	3824	4385
4497	9	lx-3711	فروشگاه معاف از مالیات	noun	4138	3333	3824	4347
4498	9	lx-5344	انعطاف‌پذیری	noun	4139	3333	2065	4818
4499	9	lx-3712	ارز خارجی	noun	4140	3333	3824	4349
4500	9	lx-4545	ضدجاسوسی	noun	4141	2890	3290	4568
4501	9	lx-3713	حواله بانکی	noun	4141	3333	3824	4351
4502	9	lx-3714	چک مسافرتی	noun	4142	3333	3824	4352
4503	9	lx-3715	بیمه مسافرتی	noun	4142	3333	3824	4353
4504	9	lx-4404	اپیدمیولوژی	noun	4143	3168	3216	4519
4505	9	lx-3716	راهنمای تور	noun	4143	3333	3824	4354
4506	9	lx-3778	توقیف‌خانه	noun	4144	3333	3703	4378
4507	9	lx-3717	تورلیدر	noun	4144	3333	3824	4355
4508	9	lx-3718	برنامه سفر	noun	4145	3333	3824	4357
4509	9	lx-3719	رزرو هتل	noun	4146	3333	3824	4358
4510	9	lx-3803	احضارات	noun	4146	3333	3661	4390
4511	9	lx-4458	توالی‌یابی	noun	4147	3333	3001	4539
4512	9	lx-3720	اقامتگاه بوم‌گردی	noun	4147	3333	3824	4360
4513	9	lx-3724	اتاق یک‌تخته	noun	4148	3333	3824	4361
4514	9	lx-3725	اتاق دوتخته	noun	4149	3333	3824	4362
4515	9	lx-3727	خدمات اتاق	noun	4150	3333	3824	4363
4516	9	lx-5839	متعاقباً	noun	4150	2828	2081	4963
4517	9	lx-3763	قایق‌رانی	noun	4150	3333	3757	4377
4518	9	lx-3729	صندوق امانات	noun	4151	3333	3824	4365
4519	9	lx-3732	موزه ملی	noun	4153	3333	3824	4368
4520	9	lx-3828	هاوان	noun	4154	3182	3824	4403
4521	9	lx-3733	گالری هنری	noun	4155	3333	3824	4371
4522	9	lx-3965	استقراء	noun	4156	3333	3530	4430
4523	9	lx-5586	روایی	noun	4156	3028	2145	4892
4524	9	lx-3735	مراسم مذهبی	noun	4157	3333	3824	4373
4525	9	lx-4115	تجسد	noun	4157	3196	3542	4461
4526	9	lx-3740	مسجد جامع	noun	4157	3333	3824	4374
4527	9	lx-4099	شهودگرایی	noun	4159	3234	3515	4460
4528	9	lx-3741	معماری باستانی	noun	4159	3333	3824	4376
4529	9	lx-3815	بریدمن	noun	4160	3333	3686	4405
4530	9	lx-4696	نفوذپذیری	noun	4160	3286	2716	4646
4531	9	lx-3743	حفاری باستان‌شناسی	noun	4163	3333	3824	4382
4532	9	lx-5910	قانوناً	noun	4163	2015	2877	4997
4533	9	lx-3744	نقاشی دیواری	noun	4164	3333	3824	4383
4534	9	lx-3745	فرهنگ عامه	noun	4165	3333	3824	4384
4535	9	lx-3746	آداب و رسوم	noun	4167	3333	3824	4387
4536	9	lx-3749	شوک فرهنگی	noun	4167	3333	3824	4388
4537	9	lx-3750	ادغام فرهنگی	noun	4168	3333	3824	4389
4538	9	lx-4338	رمزارز	noun	4169	3333	3205	4522
4539	9	lx-3810	کندک	noun	4170	3248	3819	4411
4540	9	lx-4013	حدوث	noun	4170	3333	3547	4447
4541	9	lx-3751	زبان بین‌المللی	noun	4171	3333	3824	4393
4542	9	lx-3752	گویش محلی	noun	4172	3333	3824	4394
4543	9	lx-3753	مترجم همزمان	noun	4172	3333	3824	4395
4544	9	lx-5665	تطبیقی	noun	4173	3002	2119	4935
4545	9	lx-3754	ترجمه کتبی	noun	4175	3333	3824	4399
4546	9	lx-3755	راهنمای مکالمه	noun	4176	3333	3824	4400
4547	9	lx-3756	نقشه توپوگرافی	noun	4177	3333	3824	4401
4548	9	lx-3981	کانکریت	noun	4177	3132	3824	4448
4549	9	lx-4878	تجویزی	noun	4178	2860	2970	4711
4550	9	lx-5501	شالوده	noun	4179	2662	2527	4899
4551	9	lx-4434	آنسفالیت	noun	4179	2934	3512	4563
4552	9	lx-3760	کیسه خواب	noun	4181	3333	3824	4407
4553	9	lx-3761	چادر مسافرتی	noun	4182	3333	3824	4408
4554	9	lx-4487	کپسید	noun	4184	3245	3096	4589
4555	9	lx-3766	بغاوت	noun	4185	3333	3824	4412
4556	9	lx-3767	سوء قصد	noun	4186	3333	3824	4414
4557	9	lx-4952	تکینگی	noun	4186	2790	2965	4744
4558	9	lx-5544	استاتیک	noun	4187	2939	2295	4910
4559	9	lx-3989	گچ‌کاری	noun	4188	3333	3612	4459
4560	9	lx-3769	رهزنی	noun	4188	3333	3824	4417
4561	9	lx-3785	څارنوالی	noun	4190	3333	3824	4420
4562	9	lx-3788	طب عدلی	noun	4192	3333	3824	4422
4563	9	lx-4102	ابژه	noun	4192	3333	3513	4485
4564	9	lx-5521	نورپردازی	noun	4192	2631	2576	4913
4565	9	lx-3789	اثر انگشت	noun	4193	3333	3824	4424
4566	9	lx-3790	رد یابی	noun	4194	3333	3824	4425
4567	9	lx-3796	کمره امنیتی	noun	4194	3333	3824	4426
4568	9	lx-3797	صحنه جرم	noun	4195	3333	3824	4427
4569	9	lx-4463	ژنوتیپ	noun	4196	3333	3026	4605
4570	9	lx-3800	رد پا	noun	4198	3333	3824	4431
4571	9	lx-4092	یوتوپیا	noun	4199	3090	3824	4488
4572	9	lx-3807	قول اردو	noun	4199	3333	3824	4433
4573	9	lx-3809	غند	noun	4200	3333	3824	4434
4574	9	lx-3817	جگرن	noun	4201	3333	3824	4435
4575	9	lx-3818	دگروال	noun	4202	3333	3824	4437
4576	9	lx-4413	ایزولاسیون	noun	4202	3109	3398	4578
4577	9	lx-3822	تصفیوی	adjective	4203	3333	3824	4438
4578	9	lx-3824	بمباردمان	noun	4204	3333	3824	4439
4579	9	lx-4379	نفرولوژی	noun	4204	3333	3228	4567
4580	9	lx-3826	زرهدار	adjective	4204	3333	3824	4440
4581	9	lx-3832	ماین‌پاک	noun	4206	3333	3824	4442
4582	9	lx-4055	پساساختارگرایی	noun	4206	3333	3600	4487
4583	9	lx-3847	لوژستیک	noun	4207	3333	3824	4443
4584	9	lx-3848	سوقیات	noun	4207	3333	3824	4444
4585	9	lx-3849	اکمالات	noun	4208	3333	3824	4445
4586	9	lx-3959	عدسیه	noun	4209	3232	3824	4469
4587	9	lx-3915	فیصدی	noun	4210	3333	3754	4462
4588	9	lx-4426	ریشه‌کنی	noun	4211	3333	3161	4593
4589	9	lx-3861	انگشت‌نگاری	noun	4213	3333	3824	4452
4590	9	lx-5567	نامتقارن	noun	4213	2852	2373	4948
4591	9	lx-3862	پزشک قانونی	noun	4214	3333	3824	4454
4592	9	lx-3864	قانون جزا	noun	4216	3333	3824	4456
4593	9	lx-3865	کود جزا	noun	4216	3333	3824	4457
4594	9	lx-4186	استحسان	noun	4217	3333	3528	4518
4595	9	lx-3874	سوء استفاده	noun	4221	3333	3824	4463
4596	9	lx-3876	جعل‌کاری	noun	4221	3333	3824	4464
4597	9	lx-3883	توقیف موقت	noun	4222	3333	3824	4465
4598	9	lx-3892	الجبیر	noun	4223	3333	3824	4466
4599	9	lx-5518	آزادراه	noun	4223	2750	2520	4944
4600	9	lx-4149	فرجام‌خواهی	noun	4224	3333	3579	4517
4601	9	lx-4762	غنایی	noun	4224	3205	2856	4721
4602	9	lx-3893	حساب تفاضلی	noun	4224	3333	3824	4468
4603	9	lx-5565	بهسازی	noun	4225	2763	2467	4960
4604	9	lx-5958	آتشکده	noun	4225	3194	1824	5092
4605	9	lx-3894	کثیرالحدود	noun	4226	3333	3824	4470
4606	9	lx-4504	پولیو	noun	4227	3007	3389	4641
4607	9	lx-3960	چارج	noun	4227	3285	3824	4482
4608	9	lx-5610	مقطعی	noun	4227	2800	2400	4976
4609	9	lx-3900	اصل موضوعه	noun	4228	3333	3824	4473
4610	9	lx-4097	آتئیسم	noun	4228	3333	3651	4508
4611	9	lx-4495	گلیکوپروتئین	noun	4230	3207	3200	4640
4612	9	lx-3919	انحراف معیاری	noun	4230	3333	3824	4476
4613	9	lx-4098	نفسانیت	noun	4231	3187	3824	4511
4614	9	lx-3924	فاصله اطمینان	noun	4231	3333	3824	4478
4615	9	lx-4194	ذمه	noun	4231	3333	3554	4533
4616	9	lx-3926	مجموعه داده	noun	4232	3333	3824	4479
4617	9	lx-3932	قابلیت اعتماد	noun	4234	3333	3824	4481
4618	9	lx-4531	متارکه	noun	4234	3064	3298	4659
4619	9	lx-4088	ایده‌آلیسم	noun	4235	3333	3676	4512
4620	9	lx-3936	مرور ادبیات	noun	4235	3333	3824	4483
4621	9	lx-3937	بررسی همتایان	noun	4236	3333	3824	4484
4622	9	lx-4770	عروض	noun	4236	3333	2765	4734
4623	9	lx-3996	ناحیه‌بندی	noun	4237	3333	3776	4495
4624	9	lx-4006	مطلق‌گرایی	noun	4240	3333	3767	4501
4625	9	lx-3956	فریکانس	noun	4240	3333	3824	4490
4626	9	lx-4728	جناس	noun	4240	2776	3367	4729
4627	9	lx-4500	هرپس	noun	4240	3045	3383	4653
4628	9	lx-5017	مزون	noun	4241	2993	2735	4836
4629	9	lx-3971	عطالت	noun	4243	3333	3824	4494
4630	9	lx-3977	طراحی داخلی	noun	4244	3333	3824	4496
4631	9	lx-4688	کالیبراسیون	noun	4245	3333	2849	4723
4632	9	lx-4024	مفروضه	noun	4245	3282	3824	4509
4633	9	lx-4056	شالوده‌شکنی	noun	4245	3333	3738	4515
4634	9	lx-3980	تهداب	noun	4246	3333	3824	4498
4635	9	lx-3982	اعمار کردن	verb	4246	3333	3824	4499
4636	9	lx-3984	خشت‌کاری	noun	4247	3333	3824	4500
4637	9	lx-4914	بوزون	noun	4247	2982	2911	4798
4638	9	lx-3990	کندن‌کاری	noun	4249	3333	3824	4503
4639	9	lx-3992	منطقه مسکونی	noun	4250	3333	3824	4504
4640	9	lx-3993	توسعه شهری	noun	4251	3333	3824	4505
4641	9	lx-5355	سوءظن	noun	4251	2524	2931	4933
4642	9	lx-3994	تخریب کردن	verb	4251	3333	3824	4506
4643	9	lx-4542	بایکوت	noun	4254	3072	3310	4683
4644	9	lx-4002	نهیلیسم	noun	4256	3333	3824	4513
4645	9	lx-4005	یگانه‌انگاری	noun	4257	3333	3823	4514
4646	9	lx-4016	سرمدیت	noun	4261	3333	3824	4520
4647	9	lx-4788	مقامه	noun	4263	2861	3245	4768
4648	9	lx-4035	قیاس منطقی	noun	4265	3333	3824	4525
4649	9	lx-4863	تلویح	noun	4265	3051	2958	4793
4650	9	lx-4074	واجب‌الوجود	noun	4265	3333	3790	4532
4651	9	lx-4036	برهان خلف	noun	4265	3333	3824	4526
4652	9	lx-4043	عدم تعین	noun	4268	3333	3824	4530
4653	9	lx-4094	همه‌خدایی	noun	4268	3333	3784	4538
4654	9	lx-4761	ریخت‌شناسی	noun	4269	3333	2825	4765
4655	9	lx-4091	پراگماتیسم	noun	4269	3329	3798	4537
4656	9	lx-4116	مطلقیت	noun	4271	3333	3766	4545
4657	9	lx-4742	ریشه‌شناسی	noun	4271	3333	2844	4763
4658	9	lx-4067	تحقق‌پذیری	noun	4272	3333	3824	4535
4659	9	lx-4068	ابطال‌پذیری	noun	4272	3333	3824	4536
4660	9	lx-4093	ویران‌شهر	noun	4273	3333	3793	4543
4661	9	lx-4373	انکولوژی	noun	4275	3179	3534	4636
4662	9	lx-4070	اصول موضوعه	noun	4275	3333	3824	4540
4663	9	lx-4075	ممکن‌الوجود	noun	4276	3333	3824	4541
4664	9	lx-4076	ممتنع‌الوجود	noun	4277	3333	3824	4542
4665	9	lx-4086	نومنون	noun	4278	3333	3824	4544
4666	9	lx-4378	کاردیولوژی	noun	4278	3223	3480	4642
4667	9	lx-4146	قاضی‌القضات	noun	4280	3333	3756	4560
4668	9	lx-4087	فنومن	noun	4280	3333	3824	4547
4669	9	lx-4095	فراخداباوری	noun	4281	3333	3824	4548
4670	9	lx-4192	اهلیت	noun	4281	3333	3673	4579
4671	9	lx-4096	اگنوستیسیسم	noun	4282	3333	3824	4549
4672	9	lx-4100	قصدیت	noun	4282	3333	3824	4550
4673	9	lx-4101	پراکسیس	noun	4283	3333	3824	4551
4674	9	lx-4111	حتمیت	noun	4284	3333	3824	4552
4675	9	lx-4530	ضدشورش	noun	4284	3004	3461	4710
4676	9	lx-4112	استعلا	noun	4284	3333	3824	4553
4677	9	lx-4113	حلولیت	noun	4285	3333	3824	4554
4678	9	lx-4120	مبناگرایی	noun	4287	3333	3824	4556
4679	9	lx-5504	زهکشی	noun	4287	2842	2567	5000
4680	9	lx-4938	ابرنواختر	noun	4287	3145	2809	4844
4681	9	lx-4121	انسجام‌گرایی	noun	4288	3333	3824	4558
4682	9	lx-4122	برساخت‌گرایی	noun	4289	3333	3824	4559
4683	9	lx-4123	غایت‌مندی	noun	4290	3333	3824	4561
4684	9	lx-4392	سیتولوژی	noun	4292	3333	3373	4660
4685	9	lx-4125	کاهش‌گرایی	noun	4292	3333	3824	4564
4686	9	lx-4126	حاکمیت قانون	noun	4293	3333	3824	4565
4687	9	lx-4468	کریسپر	noun	4293	3107	3483	4692
4688	9	lx-4127	تفکیک قوا	noun	4294	3333	3824	4566
4689	9	lx-4129	مصونیت پارلمانی	noun	4296	3333	3824	4569
4690	9	lx-4130	فرمان تقنینی	noun	4296	3333	3824	4570
4691	9	lx-4131	نظام فدرال	noun	4297	3333	3824	4571
4692	9	lx-4201	ثمن	noun	4297	3321	3705	4598
4693	9	lx-4132	عدم تمرکز	noun	4298	3333	3824	4572
4694	9	lx-4133	حقوق شهروندی	noun	4299	3333	3824	4574
4695	9	lx-4134	مشرانو جرگه	noun	4301	3333	3824	4576
4696	9	lx-4136	مسوده قانون	noun	4301	3333	3824	4577
4697	9	lx-4137	طرح قانون	noun	4303	3333	3824	4580
4698	9	lx-4138	کمیسیون مختلط	noun	4304	3333	3824	4581
4699	9	lx-4778	نمادگرایی	noun	4305	3239	2955	4806
4700	9	lx-4139	جلسه استماعیه	noun	4305	3333	3824	4582
4701	9	lx-5514	معبر	noun	4306	2564	2864	5025
4702	9	lx-4141	آیین‌نامه داخلی	noun	4306	3333	3824	4584
4703	9	lx-4142	اکثریت مطلق	noun	4307	3333	3824	4585
4704	9	lx-4143	دیوان عالی	noun	4308	3333	3824	4586
4705	9	lx-4144	دادگاه استیناف	noun	4308	3333	3824	4587
4706	9	lx-4145	محکمه ابتدائیه	noun	4309	3333	3824	4588
4707	9	lx-4515	ژئوپلیتیک	noun	4310	3310	3211	4730
4708	9	lx-4147	لوی سارنوالی	noun	4311	3333	3824	4590
4709	9	lx-4150	نقض حکم	noun	4311	3333	3824	4591
4710	9	lx-4843	پذیرنده	noun	4313	3126	2982	4839
4711	9	lx-4151	تجدید نظر	noun	4313	3333	3824	4594
4712	9	lx-4152	قرار قضایی	noun	4314	3333	3824	4595
4713	9	lx-4153	هیئت منصفه	noun	4315	3333	3824	4597
4714	9	lx-4154	حقوق بین‌الملل عمومی	noun	4317	3333	3824	4599
4715	9	lx-4155	شخصیت حقوقی بین‌المللی	noun	4318	3333	3824	4600
4716	9	lx-4156	روابط دیپلماتیک	noun	4318	3333	3824	4601
4717	9	lx-4157	مصونیت دیپلماتیک	noun	4320	3333	3824	4603
4718	9	lx-4158	عنصر نامطلوب	noun	4320	3333	3824	4604
4719	9	lx-4159	حاکمیت ملی	noun	4322	3333	3824	4607
4720	9	lx-4763	تعلیمی	noun	4323	3115	3121	4820
4721	9	lx-4160	اصل عدم مداخله	noun	4323	3333	3824	4608
4722	9	lx-4419	پاتوژنز	noun	4324	3333	3386	4703
4723	9	lx-4161	حق تعیین سرنوشت	noun	4325	3333	3824	4610
4724	9	lx-4162	شورای امنیت	noun	4325	3333	3824	4611
4725	9	lx-4163	مجمع عمومی	noun	4326	3333	3824	4612
4726	9	lx-4164	دیوان بین‌المللی دادگستری	noun	4327	3333	3824	4613
4727	9	lx-4165	تحریم بین‌المللی	noun	4328	3333	3824	4615
4728	9	lx-4167	پروتکل الحاقی	noun	4329	3333	3824	4616
4729	9	lx-4168	توافق‌نامه دوجانبه	noun	4330	3333	3824	4617
4730	9	lx-4387	روماتولوژی	noun	4330	3089	3728	4696
4731	9	lx-4483	اگزون	noun	4330	3333	3280	4737
4732	9	lx-4169	حق شرط	noun	4330	3333	3824	4618
4733	9	lx-5935	مومیایی	noun	4330	2092	3056	5181
4734	9	lx-4170	تصویب معاهده	noun	4332	3333	3824	4620
4735	9	lx-4172	تعهدات بین‌المللی	noun	4332	3333	3824	4621
4736	9	lx-4173	فسخ معاهده	noun	4333	3333	3824	4622
4737	9	lx-4174	تعلیق معاهده	noun	4334	3333	3824	4623
4738	9	lx-4175	اصل وفای به عهد	noun	4334	3333	3824	4624
4739	9	lx-4176	قاعده آمره	noun	4335	3333	3824	4625
4740	9	lx-4177	اسناد تصویب	noun	4336	3333	3824	4626
4741	9	lx-4178	لازم‌الاجرا شدن	verb	4337	3333	3824	4627
4742	9	lx-4179	مذاکرات مقدماتی	noun	4337	3333	3824	4628
4743	9	lx-4182	اصول فقه	noun	4338	3333	3824	4629
4744	9	lx-4187	مصالح مرسله	noun	4339	3333	3824	4630
4745	9	lx-4459	اپی‌ژنتیک	noun	4339	3333	3340	4736
4746	9	lx-4188	سد ذرایع	noun	4339	3333	3824	4631
4747	9	lx-4200	مبیع	noun	4340	3320	3824	4635
4748	9	lx-4190	حکم تکلیفی	noun	4340	3333	3824	4632
4749	9	lx-5530	آیین‌نامه	noun	4341	3333	2213	5076
4750	9	lx-4191	حکم وضعی	noun	4341	3333	3824	4634
4751	9	lx-4521	سفیرکبیر	noun	4342	3333	3241	4764
4752	9	lx-4195	ابراء	noun	4344	3333	3824	4637
4753	9	lx-4196	حقوق مدنی	noun	4344	3333	3824	4638
4754	9	lx-4198	ایجاب و قبول	noun	4345	3333	3824	4639
4755	9	lx-4203	خیار غبن	noun	4348	3333	3824	4643
4756	9	lx-5245	پارانویا	noun	4348	2528	3275	4990
4757	9	lx-4206	مسئولیت مدنی	noun	4348	3333	3824	4644
4758	9	lx-4207	قوه قاهره	noun	4351	3333	3824	4647
4759	9	lx-4211	حقوق جزا	noun	4351	3333	3824	4648
4760	9	lx-4212	اصل قانونی بودن جرایم	noun	4352	3333	3824	4649
4761	9	lx-4213	عنصر مادی	noun	4353	3333	3824	4651
4762	9	lx-4214	عنصر روانی	noun	4354	3333	3824	4652
4763	9	lx-4215	سوء نیت	noun	4356	3333	3824	4654
4764	9	lx-4220	شروع به جرم	noun	4356	3333	3824	4655
4765	9	lx-4221	مشارکت در جرم	noun	4357	3333	3824	4656
4766	9	lx-4290	تنوع‌بخشی	noun	4357	3333	3702	4682
4767	9	lx-4222	معاونت در جرم	noun	4358	3333	3824	4657
4768	9	lx-4223	دفاع مشروع	noun	4358	3333	3824	4658
4769	9	lx-4511	روتاویروس	noun	4359	3080	3560	4777
4770	9	lx-4224	عفو عمومی	noun	4360	3333	3824	4661
4771	9	lx-4225	حقوق بشردوستانه	noun	4361	3333	3824	4662
4772	9	lx-4226	جنایت علیه بشریت	noun	4363	3333	3824	4664
4773	9	lx-4227	دیوان کیفری بین‌المللی	noun	4363	3333	3824	4665
4774	9	lx-4228	کنوانسیون ژنو	noun	4364	3333	3824	4666
4775	9	lx-4229	اعلامیه جهانی حقوق بشر	noun	4365	3333	3824	4668
4776	9	lx-4230	آزادی اجتماعات	noun	4366	3333	3824	4669
4777	9	lx-4792	درون‌مایه	noun	4367	3333	2936	4880
4778	9	lx-4231	برابری در برابر قانون	noun	4367	3333	3824	4670
4779	9	lx-4486	باکتریوفاژ	noun	4367	3333	3351	4774
4780	9	lx-4232	تبعیض نژادی	noun	4367	3333	3824	4671
4781	9	lx-4233	اصل عدم اعاده	noun	4368	3333	3824	4672
4782	9	lx-4234	استرداد مجرمین	noun	4369	3333	3824	4673
4783	9	lx-4432	الکتروانسفالوگرافی	noun	4370	3333	3445	4757
4784	9	lx-4235	آیین دادرسی مدنی	noun	4370	3333	3824	4675
4785	9	lx-4236	آیین دادرسی کیفری	noun	4371	3333	3824	4676
4786	9	lx-4237	اقامه دعوی	noun	4372	3333	3824	4677
4787	9	lx-4239	مدعی علیه	noun	4372	3333	3824	4678
4788	9	lx-4240	ادله اثبات دعوی	noun	4373	3333	3824	4679
4789	9	lx-4244	شاهد عینی	noun	4374	3333	3824	4680
4790	9	lx-4245	کارشناس رسمی	noun	4374	3333	3824	4681
4791	9	lx-4248	حکم قطعی	noun	4377	3333	3824	4685
4792	9	lx-4249	قرار منع تعقیب	noun	4379	3333	3824	4687
4793	9	lx-4250	رکود تورمی	noun	4379	3333	3824	4688
4794	9	lx-4251	سیاست انبساطی	noun	4380	3333	3824	4689
4795	9	lx-4252	سیاست انقباضی	noun	4381	3333	3824	4690
4796	9	lx-4253	بازار نزولی	noun	4381	3333	3824	4691
4797	9	lx-5476	ارتجاعی	noun	4382	2777	2821	5089
4798	9	lx-5421	برده‌داری	noun	4383	3333	2403	5071
4799	9	lx-4254	بازار صعودی	noun	4384	3333	3824	4694
4800	9	lx-4464	فنوتیپ	noun	4384	3235	3434	4803
4801	9	lx-4255	قدرت خرید	noun	4384	3333	3824	4695
4802	9	lx-4377	فارماکولوژی	noun	4385	3333	3578	4748
4803	9	lx-4256	برابری قدرت خرید	noun	4386	3333	3824	4697
4804	9	lx-4484	ویروس‌شناسی	noun	4386	3333	3385	4794
4805	9	lx-4257	فرار سرمایه	noun	4386	3333	3824	4698
4806	9	lx-5466	بازتولید	noun	4387	3060	2586	5087
4807	9	lx-4258	کسری تجاری	noun	4387	3333	3824	4699
4808	9	lx-4506	سرخجه	noun	4388	3123	3568	4807
4809	9	lx-4259	عرضه کل	noun	4388	3333	3824	4701
4810	9	lx-4260	تقاضای کل	noun	4389	3333	3824	4702
4811	9	lx-5573	حائل	noun	4390	2677	2835	5127
4812	9	lx-4261	بیکاری اصطکاکی	noun	4391	3333	3824	4704
4813	9	lx-5282	ایگو	noun	4391	2597	3256	5038
4814	9	lx-4262	بیکاری ساختاری	noun	4391	3333	3824	4705
4815	9	lx-5986	پیاده‌نظام	noun	4392	3333	1994	5245
4816	9	lx-4263	چرخه تجاری	noun	4392	3333	3824	4706
4817	9	lx-5020	تاکیون	noun	4392	2456	3691	4981
4818	9	lx-4264	بهبود اقتصادی	noun	4393	3333	3824	4707
4819	9	lx-4265	عملیات بازار باز	noun	4393	3333	3824	4708
4820	9	lx-4800	فضاسازی	noun	4393	3305	3016	4905
4821	9	lx-5556	رنگ‌آمیزی	noun	4394	3333	2305	5123
4822	9	lx-4266	پایه پولی	noun	4394	3333	3824	4709
4823	9	lx-4470	پلازمید	noun	4395	3333	3420	4799
4824	9	lx-4267	ضریب فزاینده پولی	noun	4396	3333	3824	4712
4825	9	lx-4979	طیف‌سنجی	noun	4396	3333	2775	4971
4826	9	lx-4268	توزیع درآمد	noun	4398	3333	3824	4714
4827	9	lx-4853	آغازه	noun	4398	2779	3521	4927
4828	9	lx-4269	ضریب جینی	noun	4398	3333	3824	4715
4829	9	lx-5845	متعاقب	noun	4399	3001	2292	5226
4830	9	lx-4270	سرمایه‌گذاری مستقیم خارجی	noun	4399	3333	3824	4716
4831	9	lx-4271	نرخ ارز شناور	noun	4400	3333	3824	4718
4832	9	lx-4272	نرخ ارز ثابت	noun	4401	3333	3824	4719
4833	9	lx-4273	تورم حاد	noun	4402	3333	3824	4720
4834	9	lx-4274	تقلیل قیمت‌ها	noun	4403	3333	3824	4722
4835	9	lx-4275	دستمزد اسمی	noun	4405	3333	3824	4724
4836	9	lx-4913	فرمیون	noun	4405	3181	2995	4959
4837	9	lx-4438	دمانس	noun	4405	3279	3552	4796
4838	9	lx-4276	بازار سهام	noun	4406	3333	3824	4726
4839	9	lx-4277	سهام عادی	noun	4407	3333	3824	4727
4840	9	lx-4278	سهام ممتاز	noun	4407	3333	3824	4728
4841	9	lx-4562	اقتدارگرایی	noun	4409	3264	3396	4841
4842	9	lx-4407	سرایت‌پذیری	noun	4409	3333	3567	4785
4843	9	lx-4481	اگزوم	noun	4409	3105	3675	4819
4844	9	lx-4279	بازار بورس اوراق بهادار	noun	4409	3333	3824	4731
4845	9	lx-4280	صندوق پوشش ریسک	noun	4410	3333	3824	4732
4846	9	lx-4281	بازار مشتقات	noun	4411	3333	3824	4733
4847	9	lx-4282	قرارداد آتی	noun	4412	3333	3824	4735
4848	9	lx-4396	پاتوفیزیولوژی	noun	4413	3333	3599	4784
4849	9	lx-5961	اهرام	noun	4414	2227	3049	5262
4850	9	lx-4417	سرولوژی	noun	4414	3094	3824	4797
4851	9	lx-4283	پیمان آتی	noun	4414	3333	3824	4738
4852	9	lx-4284	اختیار معامله	noun	4415	3333	3824	4739
4853	9	lx-4285	مبادله ارزی	noun	4416	3333	3824	4740
4854	9	lx-4287	نرخ بازده داخلی	noun	4417	3333	3824	4742
4855	9	lx-4288	ارزش فعلی خالص	noun	4418	3333	3824	4743
4856	9	lx-5259	شیدایی	noun	4418	2793	3108	5057
4857	9	lx-4289	سبد سرمایه‌گذاری	noun	4419	3333	3824	4745
4858	9	lx-4291	ریسک سیستماتیک	noun	4420	3333	3824	4746
4859	9	lx-4292	ریسک غیرسیستماتیک	noun	4421	3333	3824	4747
4860	9	lx-5901	علناً	noun	4422	2529	2743	5255
4861	9	lx-4293	اهرم مالی	noun	4422	3333	3824	4749
4862	9	lx-4294	نوسان‌پذیری	noun	4423	3333	3824	4750
4863	9	lx-4727	سجع	noun	4423	3333	3163	4903
4864	9	lx-4469	کلونینگ	noun	4423	3300	3510	4827
4865	9	lx-4295	شاخص داو جونز	noun	4423	3333	3824	4751
4866	9	lx-4296	ادغام و تملک	noun	4424	3333	3824	4752
4867	9	lx-4297	بازار خارج از بورس	noun	4426	3333	3824	4754
4868	9	lx-4857	نظام‌مند	noun	4426	3333	2979	4957
4869	9	lx-4298	بازار پول	noun	4427	3333	3824	4756
4870	9	lx-4299	بازار سرمایه	noun	4428	3333	3824	4758
4871	9	lx-4300	اوراق بهادار تجاری	noun	4429	3333	3824	4759
4872	9	lx-4519	انزواطلبی	noun	4430	3227	3533	4849
4873	9	lx-4301	گواهی سپرده	noun	4430	3333	3824	4760
4874	9	lx-4302	رتبه‌بندی اعتباری	noun	4430	3333	3824	4761
4875	9	lx-4303	نکول اعتباری	noun	4431	3333	3824	4762
4876	9	lx-5622	محتوایی	noun	4432	3144	2421	5191
4877	9	lx-4304	سوآپ نکول اعتباری	noun	4435	3333	3824	4767
4878	9	lx-4306	پناهگاه مالیاتی	noun	4436	3333	3824	4769
4879	9	lx-4307	بودجه متوازن	noun	4437	3333	3824	4770
4880	9	lx-4894	اخترفیزیک	noun	4437	3302	2987	4979
4881	9	lx-4429	نورولوژی	noun	4437	3309	3595	4826
4882	9	lx-4308	مازاد بودجه	noun	4437	3333	3824	4771
4883	9	lx-4309	بدهی دولتی	noun	4438	3333	3824	4772
4884	9	lx-4310	مالیات تصاعدی	noun	4439	3333	3824	4773
4885	9	lx-4311	مالیات تنازلی	noun	4440	3333	3824	4775
4886	9	lx-4312	مالیات شرکتی	noun	4441	3333	3824	4776
4887	9	lx-4767	ترکیب‌بند	noun	4441	3333	3131	4938
4888	9	lx-4313	مالیات غیرمستقیم	noun	4442	3333	3824	4778
4889	9	lx-4314	اجتناب مالیاتی	noun	4443	3333	3824	4779
4890	9	lx-4795	شخصیت‌پردازی	noun	4443	3333	3092	4952
4891	9	lx-4315	یارانه‌های دولتی	noun	4444	3333	3824	4780
4892	9	lx-5350	عصبیت	noun	4444	2553	3326	5116
4893	9	lx-4316	مخارج عمومی	noun	4445	3333	3824	4782
4894	9	lx-4317	هزینه‌های جاری	noun	4446	3333	3824	4783
4895	9	lx-4594	قطبی‌سازی	noun	4448	3333	3377	4886
4896	9	lx-4318	هزینه‌های سرمایه‌ای	noun	4448	3333	3824	4786
4897	9	lx-5455	معنویت	noun	4448	2900	2827	5152
4898	9	lx-4319	تثبیت‌کننده‌های خودکار	noun	4449	3333	3824	4787
4899	9	lx-5955	سالنامه	noun	4449	2573	2682	5303
4900	9	lx-4320	ریاضت اقتصادی	noun	4449	3333	3824	4788
4901	9	lx-4321	اوراق قرضه دولتی	noun	4451	3333	3824	4790
4902	9	lx-4322	اسناد خزانه	noun	4451	3333	3824	4791
4903	9	lx-4323	سیاست مالی انبساطی	noun	4452	3333	3824	4792
4904	9	lx-4324	سیاست مالی انقباضی	noun	4454	3333	3824	4795
4905	9	lx-5988	غنایم	noun	4455	2533	2749	5305
4906	9	lx-4428	اپیدمیولوژیک	noun	4456	3333	3616	4842
4907	9	lx-4440	نوروفیزیولوژی	noun	4456	3333	3594	4847
4908	9	lx-5398	تجدد	noun	4457	3047	2771	5140
4909	9	lx-4325	محرک اقتصادی	noun	4458	3333	3824	4800
4910	9	lx-5912	عرفاً	noun	4458	2980	2384	5292
4911	9	lx-4326	استقراض دولتی	noun	4458	3333	3824	4801
4912	9	lx-4327	بار مالیاتی	noun	4459	3333	3824	4802
4913	9	lx-5375	کلان‌شهر	noun	4459	3333	2550	5138
4914	9	lx-4328	پایه مالیاتی	noun	4460	3333	3824	4804
4915	9	lx-4807	آیرونی	noun	4462	3098	3350	4974
4916	9	lx-5353	ماتم	noun	4462	2607	3297	5133
4917	9	lx-4329	سقف بدهی	noun	4463	3333	3824	4808
4918	9	lx-4330	تجدید ساختار بدهی	noun	4464	3333	3824	4809
4919	9	lx-4501	زیکا	noun	4464	3150	3730	4875
4920	9	lx-4331	اعتبار مالیاتی	noun	4465	3333	3824	4811
4921	9	lx-4332	عوارض واردات	noun	4467	3333	3824	4813
4922	9	lx-4333	سهمیه‌بندی واردات	noun	4468	3333	3824	4815
4923	9	lx-4376	ایمونولوژی	noun	4469	3258	3824	4834
4924	9	lx-4335	حسابرسی دولتی	noun	4469	3333	3824	4816
4925	9	lx-4336	پاسخگویی مالی	noun	4469	3333	3824	4817
4926	9	lx-4509	آدنوویروس	noun	4471	3225	3652	4883
4927	9	lx-4337	شفافیت بودجه	noun	4472	3333	3824	4821
4928	9	lx-4340	فناوری بلاک‌چین	noun	4473	3333	3824	4822
4929	9	lx-4563	پوپولیسم	noun	4474	3333	3477	4900
4930	9	lx-4341	دفتر کل توزیع‌شده	noun	4474	3333	3824	4823
4931	9	lx-4342	امور مالی غیرمتمرکز	noun	4474	3333	3824	4824
4932	9	lx-4427	اندمیک	noun	4475	3333	3654	4861
4933	9	lx-4343	توکن غیرقابل معاوضه	noun	4475	3333	3824	4825
4934	9	lx-4344	اثبات کار	noun	4477	3333	3824	4828
4935	9	lx-4345	اثبات سهام	noun	4478	3333	3824	4829
4936	9	lx-4346	صرافی غیرمتمرکز	noun	4478	3333	3824	4830
4937	9	lx-4347	کلید عمومی	noun	4479	3333	3824	4831
4938	9	lx-4456	نورولوژیست	noun	4479	3186	3781	4877
4939	9	lx-4747	هم‌زمانی	noun	4480	3333	3229	4970
4940	9	lx-4348	کلید خصوصی	noun	4480	3333	3824	4832
4941	9	lx-4600	کیوبیت	noun	4480	3333	3440	4918
4942	9	lx-4538	استعمارزدایی	noun	4480	3333	3529	4898
4943	9	lx-4349	رمزنگاری نامتقارن	noun	4481	3333	3824	4833
4944	9	lx-4751	نشانه‌شناسی	noun	4481	3333	3227	4972
4945	9	lx-4596	تنش‌زدایی	noun	4481	3333	3451	4917
4946	9	lx-4443	نوروترانسمیتر	noun	4481	3333	3639	4874
4947	9	lx-4350	تابع هش	noun	4482	3333	3824	4835
4948	9	lx-4351	عرضه اولیه سکه	noun	4483	3333	3824	4837
4949	9	lx-4381	درماتولوژی	noun	4484	3275	3824	4852
4950	9	lx-4352	آلت‌کوین	noun	4484	3333	3824	4838
4951	9	lx-4353	استیبل‌کوین	noun	4485	3333	3824	4840
4952	9	lx-4679	شتاب‌سنج	noun	4486	3333	3323	4955
4953	9	lx-5405	بورژوازی	noun	4487	2932	2920	5175
4954	9	lx-4354	استخر استخراج	noun	4488	3333	3824	4843
4955	9	lx-4355	کیف پول سخت‌افزاری	noun	4489	3333	3824	4845
4956	9	lx-4442	نوروتوکسین	noun	4489	3190	3824	4881
4957	9	lx-4356	کیف پول سرد	noun	4490	3333	3824	4846
4958	9	lx-5628	تاییدی	noun	4491	2722	2892	5253
4959	9	lx-4357	کیف پول گرم	noun	4491	3333	3824	4848
4960	9	lx-4358	نوسانات بازار کریپتو	noun	4492	3333	3824	4850
4961	9	lx-4479	سانترومر	noun	4494	3333	3631	4895
4962	9	lx-4466	هتروزیگوت	noun	4494	3333	3640	4893
4963	9	lx-4359	بلاک پیدایش	noun	4494	3333	3824	4853
4964	9	lx-4360	فورک سخت	noun	4496	3333	3824	4855
4965	9	lx-4532	صلح‌بانی	noun	4496	3333	3573	4911
4966	9	lx-4361	فورک نرم	noun	4497	3333	3824	4856
4967	9	lx-4395	فزیولوژی	noun	4497	3281	3824	4869
4968	9	lx-4362	حریم خصوصی دیجیتال	noun	4498	3333	3824	4858
4969	9	lx-4858	قاعده‌مند	noun	4499	3333	3126	5026
4970	9	lx-4363	ناشناس بودن	noun	4499	3333	3824	4860
4971	9	lx-4364	امضای دیجیتال	noun	4501	3333	3824	4862
4972	9	lx-4881	کریول	noun	4501	3220	3184	5042
4973	9	lx-4365	شبکه همتا به همتا	noun	4501	3333	3824	4863
4974	9	lx-5016	باریون	noun	4502	3025	3269	5074
4975	9	lx-4366	توافق عام	noun	4502	3333	3824	4864
4976	9	lx-4367	مکانیسم اجماع	noun	4503	3333	3824	4865
4977	9	lx-4368	حمله پنجاه و یک درصد	noun	4503	3333	3824	4866
4978	9	lx-4369	نود شبکه	noun	4504	3333	3824	4867
4979	9	lx-4370	کارمزد تراکنش	noun	4505	3333	3824	4868
4980	9	lx-4793	پیرنگ	noun	4505	3221	3336	5009
4981	9	lx-4739	آواشناسی	noun	4506	3333	3306	4989
4982	9	lx-4371	دارایی رمزنگاری‌شده	noun	4506	3333	3824	4870
4983	9	lx-4918	پوزیترون	noun	4507	3048	3349	5055
4984	9	lx-4372	حاکمیت غیرمتمرکز	noun	4508	3333	3824	4872
4985	9	lx-4374	پتالوژی	noun	4508	3333	3824	4873
4986	9	lx-4375	هماتولوژی	noun	4510	3333	3824	4876
4987	9	lx-4380	گاستروانتولوژی	noun	4512	3333	3824	4878
4988	9	lx-4382	انستزیولوژی	noun	4513	3333	3824	4879
4989	9	lx-4383	اندوکرینولوژی	noun	4515	3333	3824	4882
4990	9	lx-5956	گاه‌شماری	noun	4515	3333	2199	5354
4991	9	lx-4482	اینترون	noun	4515	3333	3677	4915
4992	9	lx-5279	اروس	noun	4516	2986	3060	5162
4993	9	lx-4384	ژریاتریک	noun	4516	3333	3824	4884
4994	9	lx-4385	پدیاتریک	noun	4517	3333	3824	4885
4995	9	lx-4520	جهان‌گرایی	noun	4517	3333	3625	4929
4996	9	lx-4445	هیدروسفالی	noun	4517	3249	3824	4907
4997	9	lx-4386	یورولوژی	noun	4518	3333	3824	4887
4998	9	lx-4388	پولی‌کلینیک	noun	4519	3333	3824	4888
4999	9	lx-4389	توکسیکولوژی	noun	4519	3333	3824	4889
5000	9	lx-4759	چندصدایی	noun	4520	3241	3392	5012
5001	9	lx-4390	تراپوتیک	noun	4520	3333	3824	4890
5002	9	lx-4740	واج‌شناسی	noun	4520	3333	3335	5003
5003	9	lx-4391	هیستولوژی	noun	4521	3333	3824	4891
5004	9	lx-4397	کلینیکال	noun	4522	3333	3816	4894
5005	9	lx-4494	انولوپ	noun	4523	3333	3671	4928
5006	9	lx-4398	دایگنوستیک	noun	4524	3333	3824	4896
5007	9	lx-4399	پروگنوستیک	noun	4525	3333	3824	4897
5008	9	lx-4400	پروفیلاکتیک	noun	4528	3333	3824	4901
5009	9	lx-4401	تروماتولوژی	noun	4528	3333	3824	4902
5010	9	lx-5488	کمانش	noun	4529	2899	2935	5244
5011	9	lx-4485	رتروویروس	noun	4530	3224	3824	4931
5012	9	lx-4403	اوفتالمولوژی	noun	4530	3333	3824	4904
5013	9	lx-5444	آوارگی	noun	4530	2998	2880	5233
5014	9	lx-4405	اندمی	noun	4531	3333	3824	4906
5015	9	lx-4406	ایمنی‌زایی	noun	4533	3333	3824	4908
5016	9	lx-4408	مورتالیتی	noun	4533	3333	3824	4909
5017	9	lx-4409	موربیدیتی	noun	4535	3333	3824	4912
5018	9	lx-4439	نوروآناتومی	noun	4536	3333	3780	4923
5019	9	lx-4411	زونوز	noun	4537	3333	3824	4914
5020	9	lx-4412	سرواپیدمیولوژی	noun	4538	3333	3824	4916
5021	9	lx-5918	مشترکاً	noun	4539	2847	2649	5366
5022	9	lx-4737	معناشناسی	noun	4540	3333	3379	5021
5023	9	lx-4415	ریسک‌فکتور	noun	4541	3333	3824	4920
5024	9	lx-4416	کوموربیدیتی	noun	4542	3333	3824	4921
5025	9	lx-4418	ایمونیت	noun	4542	3333	3824	4922
5026	9	lx-4420	سرکوب‌سیستم‌ایمنی	noun	4544	3333	3824	4924
5027	9	lx-4561	توتالیتاریسم	noun	4544	3167	3824	4967
5028	9	lx-4421	آسیمپتوماتیک	noun	4544	3333	3824	4925
5029	9	lx-4477	فارماکوژنومیک	noun	4545	3333	3748	4942
5030	9	lx-4422	سیمپتوماتیک	noun	4545	3333	3824	4926
5031	9	lx-4848	ابدال	noun	4547	3311	3252	5069
5032	9	lx-4424	اوت‌بریک	noun	4548	3333	3824	4930
5033	9	lx-4547	افراط‌گرایی	noun	4549	3333	3667	4966
5034	9	lx-4425	کنترل‌عفونت	noun	4549	3333	3824	4932
5035	9	lx-4475	مایکرواری	noun	4552	3333	3762	4949
5036	9	lx-4733	تکواژ	noun	4552	3333	3405	5032
5037	9	lx-4436	سکته‌مغزی	noun	4552	3333	3824	4936
5038	9	lx-4537	تجزیه‌طلبی	noun	4552	3333	3694	4965
5039	9	lx-4437	مالتیپل‌اسکلروزیس	noun	4553	3333	3824	4937
5040	9	lx-4441	نوروفارماکولوژی	noun	4554	3333	3824	4939
5041	9	lx-5232	فرافکنی	noun	4554	3036	3133	5186
5042	9	lx-4810	آوایش	noun	4555	3333	3307	5061
5043	9	lx-4444	تومور‌مغزی	noun	4555	3333	3824	4940
5044	9	lx-4447	کانکاشن	noun	4555	3333	3824	4941
5045	9	lx-5015	هادرون	noun	4556	3059	3348	5126
5046	9	lx-4448	پلی‌نوروپاتی	noun	4557	3333	3824	4943
5047	9	lx-4449	رادیکولوپاتی	noun	4558	3333	3824	4945
5048	9	lx-4450	نورالژی	noun	4559	3333	3824	4946
5049	9	lx-4461	پروتئومیک	noun	4559	3333	3801	4951
5050	9	lx-4451	نوروپلاستیسیتی	noun	4560	3333	3824	4947
5051	9	lx-4462	پلی‌مورفیسم	noun	4562	3333	3805	4954
5052	9	lx-4452	نوروژنز	noun	4562	3333	3824	4950
5053	9	lx-4453	آتروفی‌مغزی	noun	4564	3333	3824	4953
5054	9	lx-4454	مایلوپاتی	noun	4566	3333	3824	4956
5055	9	lx-4460	ترانسکریپتومیک	noun	4567	3333	3824	4958
5056	9	lx-4467	هوموزیگوت	noun	4569	3333	3824	4961
5057	9	lx-4478	کاریوتیپ	noun	4570	3333	3812	4964
5058	9	lx-4882	وام‌واژه	noun	4570	3333	3212	5108
5059	9	lx-4473	بیان‌ژن	noun	4570	3333	3824	4962
5060	9	lx-4493	ویریون	noun	4570	3333	3794	4969
5061	9	lx-5425	توانمندسازی	noun	4571	3231	2772	5264
5062	9	lx-4476	متاژنومیک	noun	4574	3333	3824	4968
5063	9	lx-5520	زیباسازی	noun	4575	3019	2854	5304
5064	9	lx-4488	ویرمی	noun	4578	3333	3824	4973
5065	9	lx-4883	گرته‌برداری	noun	4578	3333	3249	5111
5066	9	lx-4491	ویرولانس	noun	4579	3333	3824	4975
5067	9	lx-5957	یادمان	noun	4580	3096	2449	5427
5068	9	lx-4492	پروویروس	noun	4580	3333	3824	4977
5069	9	lx-4496	ویروس‌ایمنی‌نقص	noun	4581	3333	3824	4978
5070	9	lx-4499	ویروس‌کرونا	noun	4582	3333	3824	4980
5071	9	lx-4804	گروتسک	noun	4583	3261	3442	5088
5072	9	lx-4503	ربیز	noun	4584	3333	3824	4982
5073	9	lx-4508	سایتومگالوویروس	noun	4584	3333	3824	4983
5074	9	lx-4510	رینوویروس	noun	4585	3333	3824	4984
5075	9	lx-4512	ویروس‌پاپیلومای‌انسانی	noun	4586	3333	3824	4985
5076	9	lx-4513	بارویروسی	noun	4587	3333	3824	4986
5077	9	lx-4566	شوونیسم	noun	4587	3263	3824	5004
5078	9	lx-4514	آنتی‌وایرال	noun	4587	3333	3824	4987
5079	9	lx-4516	ژئواستراتژی	noun	4588	3333	3824	4988
5080	9	lx-4528	پیش‌دستانه	noun	4589	3333	3808	4993
5081	9	lx-4517	چندجانبه‌گرایی	noun	4590	3333	3824	4991
5082	9	lx-5465	واکاوی	noun	4590	3071	2889	5302
5083	9	lx-4518	دوجانبه‌گرایی	noun	4591	3333	3824	4992
5084	9	lx-4827	میانوند	noun	4592	3333	3347	5106
5085	9	lx-4523	استوارنامه	noun	4592	3333	3824	4994
5086	9	lx-4524	یادداشت تفاهم	noun	4593	3333	3824	4995
5087	9	lx-4525	جنگ نیابتی	noun	4593	3333	3824	4996
5088	9	lx-4526	جنگ نامتقارن	noun	4595	3333	3824	4998
5089	9	lx-4527	جنگ فرسایشی	noun	4595	3333	3824	4999
5090	9	lx-4533	عدم تکثیر	noun	4597	3333	3824	5001
5091	9	lx-4534	آشتی ملی	noun	4598	3333	3824	5002
5092	9	lx-4535	دادگاه بین‌المللی	noun	4600	3333	3824	5005
5093	9	lx-4536	تمامیت ارضی	noun	4600	3333	3824	5006
5094	9	lx-4539	دولت درمانده	noun	4601	3333	3824	5007
5095	9	lx-4540	به رسمیت شناختن	verb	4602	3333	3824	5008
5096	9	lx-4541	مداخله بشردوستانه	noun	4603	3333	3824	5010
5097	9	lx-4543	جنگ تجاری	noun	4604	3333	3824	5011
5098	9	lx-4544	کمک‌های خارجی	noun	4605	3333	3824	5013
5099	9	lx-4546	عملیات مخفی	noun	4606	3333	3824	5014
5100	9	lx-4548	رادیکالیزه شدن	noun	4607	3333	3824	5015
5101	9	lx-4549	حقوق بین‌الملل	noun	4607	3333	3824	5016
5102	9	lx-4550	جنایات جنگی	noun	4608	3333	3824	5017
5103	9	lx-4595	فرقه‌گرایی	noun	4608	3333	3750	5034
5104	9	lx-4551	پناهندگی سیاسی	noun	4609	3333	3824	5018
5105	9	lx-5242	طرح‌واره	noun	4609	3333	2946	5241
5106	9	lx-5919	مستقلاً	noun	4609	2891	2723	5438
5107	9	lx-4552	استراتژی نظامی	noun	4609	3333	3824	5019
5108	9	lx-5496	تیرچه	noun	4609	3151	2824	5329
5109	9	lx-5510	مقرنس	noun	4610	3333	2645	5338
5110	9	lx-4554	بسیج عمومی	noun	4610	3333	3824	5020
5111	9	lx-4555	آرایش جنگی	noun	4611	3333	3824	5022
5112	9	lx-4556	نیروی بازدارنده	noun	4612	3333	3824	5023
5113	9	lx-4557	جنگ‌افزار هسته‌ای	noun	4613	3333	3824	5024
5114	9	lx-4558	سلاح‌های کشتار جمعی	noun	4615	3333	3824	5027
5115	9	lx-4559	پدافند هوایی	noun	4615	3333	3824	5028
5116	9	lx-4560	جنگ الکترونیک	noun	4616	3333	3824	5029
5117	9	lx-4567	پلورالیسم	noun	4617	3333	3824	5030
5118	9	lx-4569	اتحادیه اروپا	noun	4618	3333	3824	5031
5119	9	lx-4570	سازمان تجارت جهانی	noun	4619	3333	3824	5033
5120	9	lx-4571	سازمان عفو بین‌الملل	noun	4620	3333	3824	5035
5121	9	lx-5951	پاپیروس	noun	4620	3022	2597	5459
5122	9	lx-4572	صلیب سرخ	noun	4621	3333	3824	5036
5123	9	lx-4573	گرمایش زمین	noun	4622	3333	3824	5037
5124	9	lx-5680	خوشه‌ای	noun	4622	3333	2540	5393
5125	9	lx-4574	انتشار گازهای گلخانه‌ای	noun	4623	3333	3824	5039
5126	9	lx-4813	هم‌آوایی	noun	4624	3333	3418	5135
5127	9	lx-4575	انرژی‌های تجدیدپذیر	noun	4624	3333	3824	5040
5128	9	lx-4576	توافقنامه اقلیمی	noun	4624	3333	3824	5041
5129	9	lx-4577	آلودگی زیست‌محیطی	noun	4626	3333	3824	5043
5130	9	lx-4578	بحران پناهجویان	noun	4626	3333	3824	5044
5131	9	lx-4579	مهاجرت اجباری	noun	4627	3333	3824	5045
5132	9	lx-4916	لپتون	noun	4627	3277	3355	5171
5133	9	lx-4580	آوارگان داخلی	noun	4628	3333	3824	5046
5134	9	lx-5708	تثلیث	noun	4628	2736	3076	5408
5135	9	lx-4581	اردوگاه پناهندگان	noun	4629	3333	3824	5047
5136	9	lx-4582	پاکسازی قومی	noun	4629	3333	3824	5048
5137	9	lx-4583	فاجعه بشری	noun	4630	3333	3824	5049
5138	9	lx-4584	کمک‌های اضطراری	noun	4631	3333	3824	5050
5139	9	lx-4616	سیبرنتیک	noun	4631	3288	3824	5062
5140	9	lx-4585	سازمان‌های غیردولتی	noun	4631	3333	3824	5051
5141	9	lx-4586	انتخابات آزاد	noun	4632	3333	3824	5052
5142	9	lx-4587	تقلب انتخاباتی	noun	4633	3333	3824	5053
5143	9	lx-4588	حکومت نظامی	noun	4633	3333	3824	5054
5144	9	lx-4821	هم‌نشینی	noun	4634	3333	3419	5150
5145	9	lx-4589	جنگ اطلاعاتی	noun	4635	3333	3824	5056
5146	9	lx-4591	جاسوسی سایبری	noun	4636	3333	3824	5058
5147	9	lx-4592	زیرساخت‌های حیاتی	noun	4637	3333	3824	5059
5148	9	lx-4593	شبکه تاریک	noun	4637	3333	3824	5060
5149	9	lx-5507	پخ	noun	4639	2567	3519	5361
5150	9	lx-4597	همزیستی مسالمت‌آمیز	noun	4640	3333	3824	5063
5151	9	lx-4598	نظم نوین جهانی	noun	4640	3333	3824	5064
5152	9	lx-4599	بازیگران غیردولتی	noun	4641	3333	3824	5065
5153	9	lx-5379	مرگ‌ومیر	noun	4641	3333	2858	5317
5154	9	lx-4931	مریخ‌نورد	noun	4642	3333	3330	5184
5155	9	lx-4601	برهم‌نهی کوانتومی	noun	4642	3333	3824	5066
5156	9	lx-4602	درهم‌تنیدگی کوانتومی	noun	4642	3333	3824	5067
5157	9	lx-4603	ربات خودمختار	noun	4643	3333	3824	5068
5158	9	lx-4891	نوساخته	noun	4643	3333	3382	5173
5159	9	lx-5618	انگاره	noun	4643	3018	2837	5416
5160	9	lx-4604	رایانش ابری	noun	4644	3333	3824	5070
5161	9	lx-4605	محاسبات لبه‌ای	noun	4646	3333	3824	5072
5162	9	lx-4606	رمزنگاری کوانتومی	noun	4646	3333	3824	5073
5163	9	lx-4607	شبکه مولد تخاصمی	noun	4648	3333	3824	5075
5164	9	lx-4608	منطق فازی	noun	4649	3333	3824	5077
5165	9	lx-4609	دوقلوی دیجیتال	noun	4650	3333	3824	5078
5166	9	lx-4610	تجزیه و تحلیل پیش‌گویانه	noun	4651	3333	3824	5079
5167	9	lx-4871	تضمن	noun	4651	3259	3492	5176
5168	9	lx-5549	سوله	noun	4651	3046	2927	5391
5169	9	lx-4611	یادگیری نظارت‌شده	noun	4651	3333	3824	5080
5170	9	lx-4612	یادگیری بدون نظارت	noun	4652	3333	3824	5081
5171	9	lx-5979	منجنیق	noun	4652	2590	3102	5488
5172	9	lx-4613	بازشناسی گفتار	noun	4653	3333	3824	5082
5173	9	lx-4614	سنتز گفتار	noun	4653	3333	3824	5083
5174	9	lx-5503	آب‌بندی	noun	4654	3333	2738	5375
5175	9	lx-4615	سیستم خبره	noun	4654	3333	3824	5084
5176	9	lx-4617	رایانش زیستی	noun	4655	3333	3824	5085
5177	9	lx-4618	هوش جامع مصنوعی	noun	4655	3333	3824	5086
5178	9	lx-4722	تلمیح	noun	4656	3175	3824	5129
5179	9	lx-4619	تکینگی فناوری	noun	4658	3333	3824	5090
5180	9	lx-4620	حسگر لایدار	noun	4659	3333	3824	5091
5181	9	lx-5306	سلسله‌مراتب	noun	4659	3333	2974	5309
5182	9	lx-4621	بازوی رباتیک	noun	4660	3333	3824	5093
5183	9	lx-4622	سینماتیک معکوس	noun	4661	3333	3824	5094
5184	9	lx-4623	عملگر مکانیکی	noun	4662	3333	3824	5095
5185	9	lx-5675	پایلوت	noun	4662	2854	3045	5431
5186	9	lx-5018	گلوئون	noun	4662	3333	3267	5231
5187	9	lx-4624	سیستم نهفته	noun	4662	3333	3824	5096
5188	9	lx-4743	گویش‌شناسی	noun	4662	3333	3611	5145
5189	9	lx-4625	طراحی به کمک رایانه	noun	4663	3333	3824	5097
5190	9	lx-4626	تولید افزایشی	noun	4664	3333	3824	5098
5191	9	lx-4627	مواد هوشمند	noun	4664	3333	3824	5099
5192	9	lx-4628	اینترنت نسل پنجم	noun	4665	3333	3824	5100
5193	9	lx-4629	تله‌پورت کوانتومی	noun	4666	3333	3824	5101
5194	9	lx-4630	برتری کوانتومی	noun	4666	3333	3824	5102
5195	9	lx-5249	سادیسم	noun	4666	2653	3824	5300
5196	9	lx-4779	دادائیسم	noun	4667	3333	3551	5166
5197	9	lx-4631	هم‌دوسی کوانتومی	noun	4667	3333	3824	5103
5198	9	lx-4632	کامپیوتر آنالوگ	noun	4668	3333	3824	5104
5199	9	lx-4633	رایانش بی‌سرور	noun	4668	3333	3824	5105
5200	9	lx-4656	هایپرپارامتر	noun	4669	3333	3783	5115
5201	9	lx-5533	متره	noun	4669	2377	3824	5402
5202	9	lx-4982	پارسک	noun	4670	3066	3644	5220
5203	9	lx-4634	ماشین مجازی	noun	4670	3333	3824	5107
5204	9	lx-4775	سبک‌شناسی	noun	4670	3333	3566	5167
5205	9	lx-4870	ترادف	noun	4671	3333	3429	5202
5206	9	lx-4635	پشته نرم‌افزاری	noun	4671	3333	3824	5109
5207	9	lx-4636	رابط برنامه‌نویسی کاربردی	noun	4672	3333	3824	5110
5208	9	lx-5515	زیرگذر	noun	4672	2815	3239	5404
5209	9	lx-4637	پایگاه داده گراف	noun	4673	3333	3824	5112
5210	9	lx-4638	هوش ازدحامی	noun	4674	3333	3824	5113
5211	9	lx-4639	یادگیری انتقال	noun	4675	3333	3824	5114
5212	9	lx-4640	کاهش ابعاد	noun	4677	3333	3824	5117
5213	9	lx-5560	برودتی	noun	4677	2963	3051	5419
5214	9	lx-4641	ماشین بردار پشتیبان	noun	4677	3333	3824	5118
5215	9	lx-5985	سواره‌نظام	noun	4678	3333	2453	5512
5216	9	lx-4642	شبکه عصبی پیچشی	noun	4678	3333	3824	5119
5217	9	lx-5331	روان‌پزشک	noun	4679	3333	2984	5336
5218	9	lx-4643	شبکه عصبی بازگشتی	noun	4679	3333	3824	5120
5219	9	lx-4644	مدل زبانی بزرگ	noun	4679	3333	3824	5121
5220	9	lx-4645	جاسازی واژه‌ها	noun	4680	3333	3824	5122
5221	9	lx-4646	تحلیل احساسات	noun	4681	3333	3824	5124
5222	9	lx-4647	سیستم توصیه‌گر	noun	4682	3333	3824	5125
5223	9	lx-5332	روان‌شناس	noun	4683	3333	2988	5342
5224	9	lx-4648	عامل هوشمند	noun	4684	3333	3824	5128
5225	9	lx-4841	کنش‌پذیر	noun	4685	3333	3520	5200
5226	9	lx-4649	چت‌بات	noun	4686	3333	3824	5130
5227	9	lx-4650	یادگیری فدراتیو	noun	4686	3333	3824	5131
5228	9	lx-4919	پادماده	noun	4686	3127	3643	5228
5229	9	lx-5486	میرایی	noun	4687	3074	3044	5403
5230	9	lx-4651	بیش‌برازش	noun	4687	3333	3824	5132
5231	9	lx-4652	کم‌برازش	noun	4688	3333	3824	5134
5232	9	lx-4653	اعتبارسنجی متقاطع	noun	4690	3333	3824	5136
5233	9	lx-4776	سوررئالیسم	noun	4690	3218	3734	5187
5234	9	lx-4654	تابع هزینه	noun	4690	3333	3824	5137
5235	9	lx-5382	سالمندی	noun	4691	3148	3107	5370
5236	9	lx-4655	گرادیان کاهشی	noun	4692	3333	3824	5139
5237	9	lx-4730	ترصیع	noun	4693	3333	3695	5170
5238	9	lx-4657	درخت تصمیم	noun	4693	3333	3824	5141
5239	9	lx-4658	جنگل تصادفی	noun	4694	3333	3824	5142
5240	9	lx-4659	تشخیص ناهنجاری	noun	4694	3333	3824	5143
5241	9	lx-4766	ترجیع‌بند	noun	4694	3333	3621	5190
5242	9	lx-5404	پرولتاریا	noun	4695	3033	3198	5383
5243	9	lx-4660	هوش تجاری	noun	4695	3333	3824	5144
5244	9	lx-4661	حالت درهم‌تنیده	noun	4696	3333	3824	5146
5245	9	lx-4662	گیت کوانتومی	noun	4697	3333	3824	5147
5246	9	lx-4663	تداخل کوانتومی	noun	4698	3333	3824	5148
5247	9	lx-4664	کامپیوتر کوانتومی توپولوژیک	noun	4699	3333	3824	5149
5248	9	lx-4665	الگوریتم شور	noun	4700	3333	3824	5151
5249	9	lx-4748	درزمانی	noun	4701	3200	3824	5188
5250	9	lx-4666	الگوریتم گروور	noun	4701	3333	3824	5153
5251	9	lx-4667	آنیلینگ کوانتومی	noun	4702	3333	3824	5154
5252	9	lx-4796	گره‌افکنی	noun	4702	3333	3608	5205
5253	9	lx-4668	رمزنگاری پسا‌کوانتومی	noun	4703	3333	3824	5155
5254	9	lx-4669	حسگر کوانتومی	noun	4703	3333	3824	5156
5255	9	lx-4670	شبیه‌ساز کوانتومی	noun	4704	3333	3824	5157
5256	9	lx-4671	شبکه کوانتومی	noun	4705	3333	3824	5158
5257	9	lx-4672	حالت پایه	noun	4705	3333	3824	5159
5258	9	lx-5995	کیمیاگری	noun	4705	2753	3023	5539
5259	9	lx-4673	ربات انسان‌نما	noun	4706	3333	3824	5160
5260	9	lx-4674	ربات مشارکتی	noun	4707	3333	3824	5161
5261	9	lx-4675	ناوبری رباتیک	noun	4708	3333	3824	5163
5262	9	lx-4676	سیستم کنترل حلقه بسته	noun	4709	3333	3824	5164
5263	9	lx-4677	مکانیک فضایی	noun	4709	3333	3824	5165
5264	9	lx-4680	درجه آزادی	noun	4712	3333	3824	5168
5265	9	lx-4681	ربات جراح	noun	4712	3333	3824	5169
5266	9	lx-4682	ربات امدادگر	noun	4714	3333	3824	5172
5267	9	lx-4683	اسکلت بیرونی رباتیک	noun	4716	3333	3824	5174
5268	9	lx-4684	سروو موتور	noun	4718	3333	3824	5177
5269	9	lx-4685	ماشین‌کاری کنترل عددی	noun	4718	3333	3824	5178
5270	9	lx-4686	دینامیک ربات	noun	4719	3333	3824	5179
5271	9	lx-4687	الگوریتم مسیریابی	noun	4720	3333	3824	5180
5272	9	lx-4689	پردازنده گرافیکی	noun	4721	3333	3824	5182
5273	9	lx-4690	مدار مجتمع با کاربرد خاص	noun	4722	3333	3824	5183
5274	9	lx-4691	ترانزیستور اثر میدانی	noun	4723	3333	3824	5185
5275	9	lx-4942	اختروش	noun	4723	3333	3525	5256
5276	9	lx-4808	ابزورد	noun	4724	3333	3658	5225
5277	9	lx-5297	آنیموس	noun	4725	2959	3488	5373
5278	9	lx-4692	حافظه دسترسی تصادفی	noun	4726	3333	3824	5189
5279	9	lx-4790	کهن‌الگو	noun	4726	3333	3649	5230
5280	9	lx-4935	بی‌وزنی	noun	4727	3333	3539	5258
5281	9	lx-5980	شمشیربازی	noun	4727	2659	3191	5555
5282	9	lx-4693	معماری ریزپردازنده	noun	4728	3333	3824	5192
5283	9	lx-4694	سیستم روی تراشه	noun	4729	3333	3824	5193
5284	9	lx-4695	طراحی سطح گیت	noun	4729	3333	3824	5194
5285	9	lx-4697	مهندسی اجتماعی	noun	4730	3333	3824	5195
5286	9	lx-4698	احراز هویت بیومتریک	noun	4731	3333	3824	5196
5287	9	lx-4699	رایانش مه‌آلود	noun	4731	3333	3824	5197
5288	9	lx-4700	زیرساخت به عنوان سرویس	noun	4732	3333	3824	5198
5289	9	lx-4840	کنش‌گر	noun	4732	3333	3648	5239
5290	9	lx-5296	آنیما	noun	4732	2970	3487	5381
5291	9	lx-4701	پلتفرم به عنوان سرویس	noun	4733	3333	3824	5199
5292	9	lx-5971	کاریز	noun	4733	3099	2757	5558
5293	9	lx-5525	خاکبرداری	noun	4733	3120	3014	5470
5294	9	lx-4702	نرم‌افزار به عنوان سرویس	noun	4734	3333	3824	5201
5295	9	lx-4769	زحاف	noun	4735	3333	3729	5224
5296	9	lx-4703	کانتینرسازی	noun	4735	3333	3824	5203
5297	9	lx-4806	پارودی	noun	4736	3242	3797	5234
5298	9	lx-4704	معماری میکروسرویس	noun	4736	3333	3824	5204
5299	9	lx-4749	متنیت	noun	4737	3333	3763	5219
5300	9	lx-4705	توسعه چابک	noun	4737	3333	3824	5206
5301	9	lx-4706	کنترل نسخه	noun	4738	3333	3824	5207
5302	9	lx-5288	تصعید	noun	4739	3067	3403	5384
5303	9	lx-4707	یکپارچه‌سازی مداوم	noun	4739	3333	3824	5208
5304	9	lx-5464	آسیب‌شناسی	noun	4739	3333	2912	5450
5305	9	lx-5389	پدرسالاری	noun	4739	3138	3183	5424
5306	9	lx-4708	تحویل مداوم	noun	4740	3333	3824	5209
5307	9	lx-4709	آزمون نفوذ	noun	4740	3333	3824	5210
5308	9	lx-4710	دوقلوی کوانتومی	noun	4741	3333	3824	5211
5309	9	lx-4711	رمزگشایی کوانتومی	noun	4742	3333	3824	5212
5310	9	lx-4712	شبکه عصبی گراف	noun	4742	3333	3824	5213
5311	9	lx-4713	یادگیری چندوجهی	noun	4743	3333	3824	5214
5312	9	lx-4925	ابرتقارن	noun	4743	3278	3657	5268
5313	9	lx-4714	الگوریتم تکاملی	noun	4744	3333	3824	5215
5314	9	lx-4715	الگوریتم ژنتیک	noun	4744	3333	3824	5216
5315	9	lx-4716	پردازش سیگنال دیجیتال	noun	4745	3333	3824	5217
5316	9	lx-4717	طراحی شیءگرا	noun	4746	3333	3824	5218
5317	9	lx-5570	واژگونی	noun	4746	2920	3230	5487
5318	9	lx-4824	حالت‌نمایی	noun	4746	3333	3707	5246
5319	9	lx-5903	قلباً	noun	4747	2438	3581	5560
5320	9	lx-4718	معماری سیستم	noun	4748	3333	3824	5221
5321	9	lx-4719	مراعات نظیر	noun	4748	3333	3824	5222
5322	9	lx-4765	مسمط	noun	4749	3333	3765	5236
5323	9	lx-4720	حسن تعلیل	noun	4749	3333	3824	5223
5324	9	lx-5246	هیستری	noun	4750	2823	3788	5379
5325	9	lx-4898	کرم‌چاله	noun	4751	3333	3647	5267
5326	9	lx-4721	لف و نشر	noun	4752	3333	3824	5227
5327	9	lx-4729	رد العجز علی الصدر	noun	4753	3333	3824	5229
5328	9	lx-4738	کاربردشناسی	noun	4755	3333	3824	5232
5329	9	lx-4875	انضمامی	noun	4756	3333	3670	5269
5330	9	lx-5667	توسعه‌ای	noun	4756	3333	2781	5519
5331	9	lx-4741	رده‌شناسی	noun	4757	3333	3824	5235
5332	9	lx-4923	چندجهانی	noun	4757	3183	3809	5279
5333	9	lx-4744	زبان‌شناسی اجتماعی	noun	4759	3333	3824	5237
5334	9	lx-4745	عصب‌زبان‌شناسی	noun	4759	3333	3824	5238
5335	9	lx-4746	روان‌زبان‌شناسی	noun	4761	3333	3824	5240
5336	9	lx-4941	تپ‌اختر	noun	4761	3333	3623	5288
5337	9	lx-4750	بینامتنیت	noun	4762	3333	3824	5242
5338	9	lx-4752	روایت‌شناسی	noun	4763	3333	3824	5243
5339	9	lx-4791	نقش‌مایه	noun	4763	3333	3779	5254
5340	9	lx-5021	اکسیون	noun	4764	3214	3674	5312
5341	9	lx-5991	جزیه	noun	4764	3032	2873	5589
5342	9	lx-4753	نقد روان‌کاوانه	noun	4765	3333	3824	5247
5343	9	lx-4755	پسااستعمارگرایی	noun	4766	3333	3824	5248
5344	9	lx-4756	تاریخ‌گرایی نوین	noun	4767	3333	3824	5249
5345	9	lx-4757	فرم‌گرایی	noun	4767	3333	3824	5250
5346	9	lx-4758	آشنایی‌زدایی	noun	4768	3333	3824	5251
5347	9	lx-5003	مهبانگ	noun	4768	3160	3772	5310
5348	9	lx-4760	منطق مکالمه	noun	4769	3333	3824	5252
5349	9	lx-5424	مردسالاری	noun	4770	3012	3329	5468
5350	9	lx-4780	کلاسیسیسم	noun	4771	3333	3814	5257
5351	9	lx-4777	رئالیسم جادویی	noun	4774	3333	3824	5259
5352	9	lx-4784	شطح	noun	4774	3333	3824	5260
5353	9	lx-4884	دوزبانگی	noun	4775	3333	3719	5285
5354	9	lx-4786	نثر مرسل	noun	4775	3333	3824	5261
5355	9	lx-5681	طبقه‌ای	noun	4775	3333	2793	5544
5356	9	lx-5280	تاناتوس	noun	4776	3016	3541	5420
5357	9	lx-4787	نثر مصنوع	noun	4776	3333	3824	5263
5358	9	lx-4794	زاویه دید	noun	4778	3333	3824	5265
5359	9	lx-4798	گره‌گشایی	noun	4778	3333	3821	5266
5360	9	lx-4801	جریان سیال ذهن	noun	4781	3333	3824	5270
5361	9	lx-4815	چندمعنایی	noun	4782	3333	3810	5274
5362	9	lx-4802	تک‌گویی درونی	noun	4782	3333	3824	5271
5363	9	lx-4829	وابسته‌سازی	noun	4782	3333	3789	5280
5364	9	lx-4803	فراداستان	noun	4782	3333	3824	5272
5365	9	lx-4805	پاستیش	noun	4783	3333	3824	5273
5366	9	lx-4809	بینادیدگاهی	noun	4784	3333	3824	5275
5367	9	lx-4811	دگرواژ	noun	4785	3333	3824	5276
5368	9	lx-4812	دگرآوا	noun	4786	3333	3824	5277
5369	9	lx-5318	شخصی‌سازی	noun	4787	3333	3165	5447
5370	9	lx-4814	هم‌نویسه	noun	4787	3333	3824	5278
5371	9	lx-4816	هم‌معنایی	noun	4789	3333	3824	5281
5372	9	lx-4817	تضاد معنایی	noun	4789	3333	3824	5282
5373	9	lx-4818	شمول معنایی	noun	4790	3333	3824	5283
5374	9	lx-4828	پی‌بست	noun	4790	3333	3807	5287
5375	9	lx-4819	فراواژه	noun	4791	3333	3824	5284
5376	9	lx-4820	زیرواژه	noun	4792	3333	3824	5286
5377	9	lx-5962	ابوالهول	noun	4792	2695	3308	5611
5378	9	lx-5241	رفتاردرمانی	noun	4792	3169	3456	5422
5379	9	lx-4859	زایایی	noun	4793	3301	3824	5296
5380	9	lx-5930	نوسنگی	noun	4794	3314	2706	5608
5381	9	lx-4823	نقش‌نمای اضافه	noun	4794	3333	3824	5289
5382	9	lx-4825	پساوند	noun	4795	3333	3824	5290
5383	9	lx-4826	پیشاوند	noun	4795	3333	3824	5291
5384	9	lx-4830	هم‌پایگی	noun	4797	3333	3824	5293
5385	9	lx-5244	شیزوفرنی	noun	4797	2928	3742	5429
5386	9	lx-4831	نشان‌داری	noun	4797	3333	3824	5294
5387	9	lx-4832	مبتدا	noun	4798	3333	3824	5295
5388	9	lx-4833	وجهیت	noun	4799	3333	3824	5297
5389	9	lx-5548	خرپا	noun	4800	3333	2948	5532
5390	9	lx-4834	زمان دستوری	noun	4800	3333	3824	5298
5391	9	lx-5300	گشتالت	noun	4800	3208	3339	5454
5392	9	lx-5268	ضداجتماعی	noun	4800	3037	3574	5442
5393	9	lx-4839	نقش معنایی	noun	4801	3333	3824	5299
5394	9	lx-5482	فونداسیون	noun	4802	2918	3411	5523
5395	9	lx-4842	تجربه‌گر	noun	4802	3333	3824	5301
5396	9	lx-4862	استلزام	noun	4806	3333	3824	5306
5397	9	lx-4864	کنش گفتاری	noun	4806	3333	3824	5307
5398	9	lx-5260	مالیخولیا	noun	4806	2855	3824	5446
5399	9	lx-4865	اصول تعاون	noun	4807	3333	3824	5308
5400	9	lx-4880	زبانجی	noun	4809	3333	3824	5311
5401	9	lx-4885	چندزبانگی	noun	4810	3333	3824	5313
5402	9	lx-5969	ساروج	noun	4811	3199	2819	5629
5403	9	lx-4886	تغییر رمز	noun	4811	3333	3824	5314
5404	9	lx-4887	برنامه‌ریزی زبانی	noun	4812	3333	3824	5315
5405	9	lx-4888	سیاست زبانی	noun	4812	3333	3824	5316
5406	9	lx-4889	پالایش زبانی	noun	4814	3333	3824	5318
5407	9	lx-4890	سره‌گرایی	noun	4814	3333	3824	5319
5408	9	lx-4892	مرگ زبان	noun	4815	3333	3824	5320
5409	9	lx-4893	احیای زبان	noun	4816	3333	3824	5321
5410	9	lx-4895	افق رویداد	noun	4816	3333	3824	5322
5411	9	lx-4896	ماده تاریک	noun	4817	3333	3824	5323
5412	9	lx-4897	انرژی تاریک	noun	4818	3333	3824	5324
5413	9	lx-4899	نسبیت عام	noun	4818	3333	3824	5325
5414	9	lx-4900	نسبیت خاص	noun	4819	3333	3824	5326
5415	9	lx-4901	گرانش کوانتومی	noun	4820	3333	3824	5327
5416	9	lx-4902	مکانیک کوانتومی	noun	4821	3333	3824	5328
5417	9	lx-4903	اصل عدم قطعیت	noun	4822	3333	3824	5330
5418	9	lx-4904	دوگانگی موج-ذره	noun	4823	3333	3824	5331
5419	9	lx-4905	تونل‌زنی کوانتومی	noun	4823	3333	3824	5332
5420	9	lx-4906	تابع موج	noun	4824	3333	3824	5333
5421	9	lx-4907	فروپاشی تابع موج	noun	4825	3333	3824	5334
5422	9	lx-4908	نوسانات کوانتومی	noun	4825	3333	3824	5335
5423	9	lx-4909	پرش کوانتومی	noun	4827	3333	3824	5337
5424	9	lx-4910	ذرات بنیادی	noun	4828	3333	3824	5339
5425	9	lx-5295	پرسونا	noun	4828	3131	3475	5482
5426	9	lx-4911	مدل استاندارد	noun	4829	3333	3824	5340
5427	9	lx-4912	بوزون هیگز	noun	4829	3333	3824	5341
5428	9	lx-4920	نظریه ریسمان	noun	4831	3333	3824	5343
5429	9	lx-4921	نظریه ام	noun	4831	3333	3824	5344
5430	9	lx-4922	ابعاد اضافی	noun	4832	3333	3824	5345
5431	9	lx-4924	گرانش کوانتومی حلقه	noun	4833	3333	3824	5346
5432	9	lx-5624	همسانی	noun	4833	3075	3196	5583
5433	9	lx-5269	اجتنابی	noun	4833	3134	3524	5476
5434	9	lx-4927	هولوگرافی کیهانی	noun	4833	3333	3824	5347
5435	9	lx-4928	تئوری همه‌چیز	noun	4834	3333	3824	5348
5436	9	lx-4929	موج گرانشی	noun	4835	3333	3824	5349
5437	9	lx-4930	کاوشگر فضایی	noun	4835	3333	3824	5350
5438	9	lx-4932	تلسکوپ فضایی	noun	4836	3333	3824	5351
5439	9	lx-4933	پیشرانش یونی	noun	4837	3333	3824	5352
5440	9	lx-5853	ماحصل	noun	4837	3069	3041	5638
5441	9	lx-5576	روسازی	noun	4837	3333	2989	5577
5442	9	lx-4934	سرعت گریز	noun	4837	3333	3824	5353
5443	9	lx-5330	دارودرمانی	noun	4839	3165	3408	5506
5444	9	lx-4936	خلأ کیهانی	noun	4839	3333	3824	5355
5445	9	lx-5566	فرونشست	noun	4839	3201	3134	5574
5446	9	lx-4937	پرتوهای کیهانی	noun	4839	3333	3824	5356
5447	9	lx-4939	کوتوله سفید	noun	4840	3333	3824	5357
5448	10	lx-4940	ستاره نوترونی	noun	4841	3333	3824	5358
5449	10	lx-4944	غول سرخ	noun	4842	3333	3824	5359
5450	10	lx-4945	کوتوله قهوه‌ای	noun	4842	3333	3824	5360
5451	10	lx-5505	محیط‌زیست	noun	4843	3333	3069	5561
5452	10	lx-4946	برافروختگی ستاره‌ای	noun	4844	3333	3824	5362
5453	10	lx-4947	باد خورشیدی	noun	4844	3333	3824	5363
5454	10	lx-4948	فضا-زمان	noun	4845	3333	3824	5364
5455	10	lx-4949	انحنای فضا-زمان	noun	4846	3333	3824	5365
5456	10	lx-4950	اتساع زمان	noun	4847	3333	3824	5367
5457	10	lx-4951	انقباض طول	noun	4848	3333	3824	5368
5458	10	lx-4953	مخروط نوری	noun	4848	3333	3824	5369
5459	10	lx-4954	کران کیهانی	noun	4850	3333	3824	5371
5460	10	lx-5913	اخلاقاً	noun	4850	2904	3214	5658
5461	10	lx-4955	پارادوکس دوقلوها	noun	4850	3333	3824	5372
5462	10	lx-4956	پیکان زمان	noun	4852	3333	3824	5374
5463	10	lx-5545	ممان	noun	4852	3125	3206	5595
5464	10	lx-4957	مکانیک آماری	noun	4853	3333	3824	5376
5465	10	lx-4958	الکترودینامیک کوانتومی	noun	4854	3333	3824	5377
5466	10	lx-4959	کرومودینامیک کوانتومی	noun	4854	3333	3824	5378
5467	10	lx-4960	میدان مغناطیسی	noun	4856	3333	3824	5380
5468	10	lx-4962	برهم‌کنش قوی	noun	4857	3333	3824	5382
5469	10	lx-5577	زیرسازی	noun	4858	3073	3286	5596
5470	10	lx-5564	مقاوم‌سازی	noun	4858	3333	3043	5593
5471	10	lx-4963	برهم‌کنش ضعیف	noun	4859	3333	3824	5385
5472	10	lx-4964	تقارن پاریته	noun	4860	3333	3824	5386
5473	10	lx-4965	نقض سی‌پی	noun	4860	3333	3824	5387
5474	10	lx-4966	ماده چگال	noun	4861	3333	3824	5388
5475	10	lx-4967	پلاسمای کوارک-گلوئون	noun	4862	3333	3824	5389
5476	10	lx-4968	انرژی نقطه صفر	noun	4863	3333	3824	5390
5477	10	lx-5500	آرماتور	noun	4863	3193	3251	5579
5478	10	lx-4969	خلاء کوانتومی	noun	4864	3333	3824	5392
5479	10	lx-4970	ذره مجازی	noun	4865	3333	3824	5394
5480	10	lx-4971	اثر کاسیمیر	noun	4866	3333	3824	5395
5481	10	lx-4972	تابش هاوکینگ	noun	4867	3333	3824	5396
5482	10	lx-4973	نظریه میدان کوانتومی	noun	4867	3333	3824	5397
5483	10	lx-4974	گرانش تعمیم‌یافته	noun	4868	3333	3824	5398
5484	10	lx-4975	کیهان‌زایی	noun	4869	3333	3824	5399
5485	10	lx-5922	هیروگلیف	noun	4869	2830	3334	5677
5486	10	lx-4976	ثابت کیهان‌شناختی	noun	4869	3333	3824	5400
5487	10	lx-4977	جابجایی به سرخ	noun	4870	3333	3824	5401
5488	10	lx-5470	نوگرایی	noun	4870	3333	3145	5580
5489	10	lx-5248	مازوخیسم	noun	4871	3119	3637	5508
5490	10	lx-5523	نانوتکنولوژی	noun	4871	2971	3468	5598
5491	10	lx-4978	اثر دوپلر	noun	4873	3333	3824	5405
5492	10	lx-4980	اختلاف منظر	noun	4873	3333	3824	5406
5493	10	lx-5363	جمعیت‌شناسی	noun	4874	3333	3258	5553
5494	10	lx-4981	سال نوری	noun	4874	3333	3824	5407
5495	10	lx-4984	قدر مطلق	noun	4875	3333	3824	5409
5496	10	lx-4985	قدر ظاهری	noun	4876	3333	3824	5410
5497	10	lx-5383	کارکردگرایی	noun	4876	3333	3232	5564
5498	10	lx-4986	مکانیک سماوی	noun	4877	3333	3824	5411
5499	10	lx-4987	مدار بیضوی	noun	4877	3333	3824	5412
5500	10	lx-4988	حضیض خورشیدی	noun	4878	3333	3824	5413
5501	10	lx-4989	اوج خورشیدی	noun	4879	3333	3824	5414
5502	10	lx-4990	نقطه لاگرانژی	noun	4879	3333	3824	5415
5503	10	lx-4991	رزونانس مداری	noun	4881	3333	3824	5417
5504	10	lx-4992	نیروهای کشندی	noun	4881	3333	3824	5418
5505	10	lx-5447	یکجانشینی	noun	4882	3317	3201	5587
5506	10	lx-5516	روگذر	noun	4883	3136	3321	5606
5507	10	lx-5587	پایایی	noun	4883	3266	3129	5624
5508	10	lx-4993	قفل کشندی	noun	4883	3333	3824	5421
5509	10	lx-4994	نیروی کوریولیس	noun	4885	3333	3824	5423
5510	10	lx-4995	تکانه زاویه‌ای	noun	4886	3333	3824	5425
5511	10	lx-4996	کهکشان مارپیچی	noun	4887	3333	3824	5426
5512	10	lx-5526	گودبرداری	noun	4887	3257	3186	5616
5513	10	lx-5014	پادذره	noun	4888	3333	3795	5434
5514	10	lx-4997	کهکشان بیضوی	noun	4888	3333	3824	5428
5515	10	lx-4998	کهکشان فعال	noun	4890	3333	3824	5430
5516	10	lx-4999	هسته کهکشانی فعال	noun	4891	3333	3824	5432
5517	10	lx-5000	خوشه کهکشانی	noun	4892	3333	3824	5433
5518	10	lx-5992	موقوفه	noun	4893	3333	2822	5717
5519	10	lx-5001	ابرخوشه کهکشانی	noun	4893	3333	3824	5435
5520	10	lx-5002	گروه محلی	noun	4894	3333	3824	5436
5521	10	lx-5004	تورم کیهانی	noun	4894	3333	3824	5437
5522	10	lx-5005	سرنوشت نهایی کیهان	noun	4896	3333	3824	5439
5523	10	lx-5006	موشک بالستیک	noun	4896	3333	3824	5440
5524	10	lx-5007	شاتل فضایی	noun	4897	3333	3824	5441
5525	10	lx-5008	لباس فضانوردی	noun	4898	3333	3824	5443
5526	10	lx-5009	ماهواره مصنوعی	noun	4899	3333	3824	5444
5527	10	lx-5010	ناوبری سماوی	noun	4900	3333	3824	5445
5528	10	lx-5011	زیست‌کره مصنوعی	noun	4902	3333	3824	5448
5529	10	lx-5012	پیشرانش هسته‌ای	noun	4902	3333	3824	5449
5530	10	lx-5013	آسانسور فضایی	noun	4904	3333	3824	5451
5531	10	lx-5019	بوزون پیمانه‌ای	noun	4904	3333	3824	5452
5532	10	lx-5022	تک‌قطبی مغناطیسی	noun	4905	3333	3824	5453
5533	10	lx-5436	بروکراسی	noun	4906	3054	3536	5607
5534	10	lx-5706	ردیه	noun	4906	2915	3433	5679
5535	10	lx-5023	فیزیک ذرات	noun	4906	3333	3824	5455
5536	10	lx-5024	فیزیک پلاسما	noun	4907	3333	3824	5456
5537	10	lx-5025	همجوشی هسته‌ای	noun	4908	3333	3824	5457
5538	10	lx-5026	شکافت هسته‌ای	noun	4908	3333	3824	5458
5539	10	lx-5043	پادپروتون	noun	4909	3333	3796	5465
5540	10	lx-5027	هم‌ارزی جرم و انرژی	noun	4910	3333	3824	5460
5541	10	lx-5028	مکانیک لاگرانژی	noun	4910	3333	3824	5461
5542	10	lx-5029	مکانیک هامیلتونی	noun	4911	3333	3824	5462
5543	10	lx-5030	فضای هیلبرت	noun	4912	3333	3824	5463
5544	10	lx-5031	عملگر هامیلتونی	noun	4912	3333	3824	5464
5545	10	lx-5032	حساب تانسوری	noun	4914	3333	3824	5466
5546	10	lx-5033	ساختار بزرگ‌مقیاس	noun	4915	3333	3824	5467
5547	10	lx-5558	دوجداره	noun	4915	2956	3553	5647
5548	10	lx-5034	شبکه کیهانی	noun	4916	3333	3824	5469
5549	10	lx-5035	عصر تاریک کیهانی	noun	4917	3333	3824	5471
5550	10	lx-5036	بازپیدایش	noun	4918	3333	3824	5472
5551	10	lx-5037	ستاره‌زایی	noun	4919	3333	3824	5473
5552	10	lx-5038	قرص برافزایشی	noun	4919	3333	3824	5474
5553	10	lx-5039	سیاره فراخورشیدی	noun	4920	3333	3824	5475
5554	10	lx-5040	کمربند کویپر	noun	4921	3333	3824	5477
5555	10	lx-5041	ابر اورت	noun	4922	3333	3824	5478
5556	10	lx-5898	متناوباً	noun	4922	3246	3017	5724
5557	10	lx-5042	جستجوگر فضایی	noun	4923	3333	3824	5479
5558	10	lx-5044	گرانش خطی	noun	4923	3333	3824	5480
5559	10	lx-5045	نوسانگر هماهنگ	noun	4924	3333	3824	5481
5560	10	lx-5278	لیبیدو	noun	4924	3219	3584	5573
5561	10	lx-5046	پرتو گاما	noun	4925	3333	3824	5483
5562	10	lx-5047	هاله‌ی ماده تاریک	noun	4926	3333	3824	5484
5563	10	lx-5048	تشعشع الکترومغناطیسی	noun	4927	3333	3824	5485
5564	10	lx-5049	ابر نووا	noun	4927	3333	3824	5486
5565	10	lx-5933	سفالینه	noun	4929	3333	2872	5757
5566	10	lx-5050	آلفا قنطورس	noun	4929	3333	3824	5489
5567	10	lx-5051	جرم بحرانی	noun	4930	3333	3824	5490
5568	10	lx-5052	فیزیک نجومی	noun	4931	3333	3824	5491
5569	10	lx-5053	کیهان‌شناسی رصدی	noun	4931	3333	3824	5492
5570	10	lx-5054	ابرنواختر نوع اول	noun	4932	3333	3824	5493
5571	10	lx-5055	انتقال به آبی	noun	4933	3333	3824	5494
5572	10	lx-5056	شعاع شوارتزشیلد	noun	4933	3333	3824	5495
5573	10	lx-5057	تابش چرنکوف	noun	4934	3333	3824	5496
5574	10	lx-5058	پلاسمای ستاره‌ای	noun	4935	3333	3824	5497
5575	10	lx-5059	سیاه‌چاله‌های کلان‌جرم	noun	4935	3333	3824	5498
5576	10	lx-5060	پرتو ایکس کیهانی	noun	4936	3333	3824	5499
5577	10	lx-5391	چندهمسری	noun	4937	3333	3337	5626
5578	10	lx-5061	بادهای کهکشانی	noun	4937	3333	3824	5500
5579	10	lx-5062	انرژی تاریک فانتوم	noun	4937	3333	3824	5501
5580	10	lx-5498	قالب‌بندی	noun	4938	3333	3243	5655
5581	10	lx-5063	فرضیه چندجهانی	noun	4938	3333	3824	5502
5582	10	lx-5064	گرانش نیوتنی	noun	4939	3333	3824	5503
5583	10	lx-5065	تابش زمینه مایکروویو کیهانی	noun	4939	3333	3824	5504
5584	10	lx-5066	جهش کوانتومی	noun	4940	3333	3824	5505
5585	10	lx-5067	نیروی هسته‌ای قوی	noun	4941	3333	3824	5507
5586	10	lx-5635	عاملیت	noun	4942	3333	3125	5696
5587	10	lx-5068	آشکارساز ذرات	noun	4943	3333	3824	5509
5588	10	lx-5917	باطناً	noun	4943	2908	3400	5748
5589	10	lx-5069	شتاب‌دهنده هادرونی بزرگ	noun	4943	3333	3824	5510
5590	10	lx-5070	گرمایش جهانی 1	noun	4944	3333	3824	5511
5591	10	lx-5071	تغییر اقلیم 2	noun	4945	3333	3824	5513
5592	10	lx-5072	تنوع زیستی 3	noun	4946	3333	3824	5514
5593	10	lx-5073	توسعه پایدار 4	noun	4947	3333	3824	5515
5594	10	lx-5074	انرژی تجدیدپذیر 5	noun	4948	3333	3824	5516
5595	10	lx-5075	انرژی بادی 6	noun	4948	3333	3824	5517
5596	10	lx-5076	انرژی خورشیدی 7	noun	4949	3333	3824	5518
5597	10	lx-5959	نیایشگاه	noun	4949	3333	2934	5768
5598	10	lx-5077	ردپای کربن 8	noun	4950	3333	3824	5520
5599	10	lx-5078	گازهای گلخانه‌ای 9	noun	4951	3333	3824	5521
5600	10	lx-5079	محیط زیست 10	noun	4952	3333	3824	5522
5601	10	lx-5080	گرمایش جهانی 11	noun	4953	3333	3824	5524
5602	10	lx-5081	تغییر اقلیم 12	noun	4954	3333	3824	5525
5603	10	lx-5082	تنوع زیستی 13	noun	4954	3333	3824	5526
5604	10	lx-5083	توسعه پایدار 14	noun	4955	3333	3824	5527
5605	10	lx-5084	انرژی تجدیدپذیر 15	noun	4956	3333	3824	5528
5606	10	lx-5085	انرژی بادی 16	noun	4956	3333	3824	5529
5607	10	lx-5086	انرژی خورشیدی 17	noun	4957	3333	3824	5530
5608	10	lx-5087	ردپای کربن 18	noun	4958	3333	3824	5531
5609	10	lx-5088	گازهای گلخانه‌ای 19	noun	4959	3333	3824	5533
5610	10	lx-5089	محیط زیست 20	noun	4960	3333	3824	5534
5611	10	lx-5090	گرمایش جهانی 21	noun	4960	3333	3824	5535
5612	10	lx-5091	تغییر اقلیم 22	noun	4961	3333	3824	5536
5613	10	lx-5092	تنوع زیستی 23	noun	4962	3333	3824	5537
5614	10	lx-5637	ساختارشکنی	noun	4962	3296	3178	5722
5615	10	lx-5093	توسعه پایدار 24	noun	4962	3333	3824	5538
5616	10	lx-5094	انرژی تجدیدپذیر 25	noun	4964	3333	3824	5540
5617	10	lx-5351	کودک‌آزاری	noun	4964	3333	3424	5643
5618	10	lx-5095	انرژی بادی 26	noun	4964	3333	3824	5541
5619	10	lx-5096	انرژی خورشیدی 27	noun	4965	3333	3824	5542
5620	10	lx-5097	ردپای کربن 28	noun	4966	3333	3824	5543
5621	10	lx-5911	شرعاً	noun	4966	2950	3409	5767
5622	10	lx-5098	گازهای گلخانه‌ای 29	noun	4967	3333	3824	5545
5623	10	lx-5099	محیط زیست 30	noun	4968	3333	3824	5546
5624	10	lx-5100	گرمایش جهانی 31	noun	4968	3333	3824	5547
5625	10	lx-5431	جرم‌شناسی	noun	4969	3333	3366	5667
5626	10	lx-5101	تغییر اقلیم 32	noun	4969	3333	3824	5548
5627	10	lx-5329	عصب‌شناختی	noun	4969	3333	3462	5641
5628	10	lx-5102	تنوع زیستی 33	noun	4970	3333	3824	5549
5629	10	lx-5103	توسعه پایدار 34	noun	4970	3333	3824	5550
5630	10	lx-5104	انرژی تجدیدپذیر 35	noun	4971	3333	3824	5551
5631	10	lx-5345	اعتمادبه‌نفس	noun	4971	3333	3444	5649
5632	10	lx-5380	زادولد	noun	4971	3197	3561	5657
5633	10	lx-5105	انرژی بادی 36	noun	4972	3333	3824	5552
5634	10	lx-5896	علی‌الخصوص	noun	4972	3333	3040	5769
5635	10	lx-5994	اسطرلاب	noun	4973	3044	3235	5798
5636	10	lx-5106	انرژی خورشیدی 37	noun	4973	3333	3824	5554
5637	10	lx-5107	ردپای کربن 38	noun	4974	3333	3824	5556
5638	10	lx-5108	گازهای گلخانه‌ای 39	noun	4975	3333	3824	5557
5639	10	lx-5452	نوع‌دوستی	noun	4976	3333	3356	5681
5640	10	lx-5109	محیط زیست 40	noun	4976	3333	3824	5559
5641	10	lx-5909	کتباً	noun	4978	2916	3481	5776
5642	10	lx-5110	گرمایش جهانی 41	noun	4978	3333	3824	5562
5643	10	lx-5111	تغییر اقلیم 42	noun	4979	3333	3824	5563
5644	10	lx-5112	تنوع زیستی 43	noun	4980	3333	3824	5565
5645	10	lx-5113	توسعه پایدار 44	noun	4981	3333	3824	5566
5646	10	lx-5230	روان‌کاوی	noun	4981	3333	3630	5615
5647	10	lx-5114	انرژی تجدیدپذیر 45	noun	4982	3333	3824	5567
5648	10	lx-5115	انرژی بادی 46	noun	4982	3333	3824	5568
5649	10	lx-5116	انرژی خورشیدی 47	noun	4983	3333	3824	5569
5650	10	lx-5117	ردپای کربن 48	noun	4984	3333	3824	5570
5651	10	lx-5118	گازهای گلخانه‌ای 49	noun	4984	3333	3824	5571
5652	10	lx-5119	محیط زیست 50	noun	4985	3333	3824	5572
5653	10	lx-5120	گرمایش جهانی 51	noun	4987	3333	3824	5575
5654	10	lx-5121	تغییر اقلیم 52	noun	4988	3333	3824	5576
5655	10	lx-5454	مصرف‌گرایی	noun	4988	3333	3378	5693
5656	10	lx-5122	تنوع زیستی 53	noun	4989	3333	3824	5578
5657	10	lx-5367	قوم‌مداری	noun	4990	3333	3465	5671
5658	10	lx-5895	من‌جمله	noun	4990	3333	3085	5783
5659	10	lx-5123	توسعه پایدار 54	noun	4991	3333	3824	5581
5660	10	lx-5124	انرژی تجدیدپذیر 55	noun	4992	3333	3824	5582
5661	10	lx-5125	انرژی بادی 56	noun	4993	3333	3824	5584
5662	10	lx-5368	هنجارشکنی	noun	4993	3333	3472	5675
5663	10	lx-5126	انرژی خورشیدی 57	noun	4994	3333	3824	5585
5664	10	lx-5283	سوپرایگو	noun	4994	3333	3571	5650
5665	10	lx-5127	ردپای کربن 58	noun	4995	3333	3824	5586
5666	10	lx-5399	بومی‌سازی	noun	4995	3333	3448	5684
5667	10	lx-5128	گازهای گلخانه‌ای 59	noun	4996	3333	3824	5588
5668	10	lx-5129	محیط زیست 60	noun	4997	3333	3824	5590
5669	10	lx-5130	گرمایش جهانی 61	noun	4998	3333	3824	5591
5670	10	lx-5131	تغییر اقلیم 62	noun	4999	3333	3824	5592
5671	10	lx-5132	تنوع زیستی 63	noun	5000	3333	3824	5594
5672	10	lx-5630	برازش	noun	5001	3333	3237	5753
5673	10	lx-5133	توسعه پایدار 64	noun	5002	3333	3824	5597
5674	10	lx-5453	خودمحوری	noun	5002	3327	3406	5708
5675	10	lx-5134	انرژی تجدیدپذیر 65	noun	5003	3333	3824	5599
5676	10	lx-5135	انرژی بادی 66	noun	5004	3333	3824	5600
5677	10	lx-5285	فیکساسیون	noun	5004	3333	3580	5662
5678	10	lx-5136	انرژی خورشیدی 67	noun	5005	3333	3824	5601
5679	10	lx-5137	ردپای کربن 68	noun	5005	3333	3824	5602
5680	10	lx-5138	گازهای گلخانه‌ای 69	noun	5006	3333	3824	5603
5681	10	lx-5139	محیط زیست 70	noun	5007	3333	3824	5604
5682	10	lx-5589	تبارشناسی	noun	5007	3333	3284	5749
5683	10	lx-5140	گرمایش جهانی 71	noun	5007	3333	3824	5605
5684	10	lx-5141	تغییر اقلیم 72	noun	5010	3333	3824	5609
5685	10	lx-5142	تنوع زیستی 73	noun	5011	3333	3824	5610
5686	10	lx-5598	بازاندیشی	noun	5011	3333	3282	5756
5687	10	lx-5143	توسعه پایدار 74	noun	5012	3333	3824	5612
5688	10	lx-5144	انرژی تجدیدپذیر 75	noun	5013	3333	3824	5613
5689	10	lx-5315	ذهن‌خوانی	noun	5013	3333	3555	5682
5690	10	lx-5588	قوم‌نگاری	noun	5013	3333	3295	5755
5691	10	lx-5145	انرژی بادی 76	noun	5013	3333	3824	5614
5692	10	lx-5392	تک‌همسری	noun	5015	3333	3493	5702
5693	10	lx-5146	انرژی خورشیدی 77	noun	5015	3333	3824	5617
5694	10	lx-5147	ردپای کربن 78	noun	5016	3333	3824	5618
5695	10	lx-5148	گازهای گلخانه‌ای 79	noun	5017	3333	3824	5619
5696	10	lx-5149	محیط زیست 80	noun	5017	3333	3824	5620
5697	10	lx-5150	گرمایش جهانی 81	noun	5018	3333	3824	5621
5698	10	lx-5151	تغییر اقلیم 82	noun	5019	3333	3824	5622
5699	10	lx-5152	تنوع زیستی 83	noun	5019	3333	3824	5623
5700	10	lx-5153	توسعه پایدار 84	noun	5021	3333	3824	5625
5701	10	lx-5154	انرژی تجدیدپذیر 85	noun	5022	3333	3824	5627
5702	10	lx-5155	انرژی بادی 86	noun	5023	3333	3824	5628
5703	10	lx-5156	انرژی خورشیدی 87	noun	5024	3333	3824	5630
5704	10	lx-5541	ژئوتکنیک	noun	5025	3306	3393	5752
5705	10	lx-5157	ردپای کربن 88	noun	5025	3333	3824	5631
5706	10	lx-5158	گازهای گلخانه‌ای 89	noun	5025	3333	3824	5632
5707	10	lx-5159	محیط زیست 90	noun	5026	3333	3824	5633
5708	10	lx-5160	گرمایش جهانی 91	noun	5027	3333	3824	5634
5709	10	lx-5161	تغییر اقلیم 92	noun	5027	3333	3824	5635
5710	10	lx-5937	استخوان‌بندی	noun	5028	3333	3119	5830
5711	10	lx-5393	مردم‌نگاری	noun	5028	3333	3504	5718
5712	10	lx-5682	سهمیه‌ای	noun	5028	3333	3289	5779
5713	10	lx-5162	تنوع زیستی 93	noun	5028	3333	3824	5636
5714	10	lx-5163	توسعه پایدار 94	noun	5029	3333	3824	5637
5715	10	lx-5270	اسکیزوئید	noun	5029	3313	3666	5683
5716	10	lx-5965	سنگ‌نوشته	noun	5030	3333	3032	5861
5717	10	lx-5908	شفاهاً	noun	5030	3038	3460	5823
5718	10	lx-5164	انرژی تجدیدپذیر 95	noun	5030	3333	3824	5639
5719	10	lx-5165	انرژی بادی 96	noun	5031	3333	3824	5640
5720	10	lx-5639	برساخت	noun	5031	3333	3311	5778
5721	10	lx-5166	انرژی خورشیدی 97	noun	5032	3333	3824	5642
5722	10	lx-5328	نورولوژیک	noun	5032	3155	3782	5705
5723	10	lx-5167	ردپای کربن 98	noun	5033	3333	3824	5644
5724	10	lx-5168	گازهای گلخانه‌ای 99	noun	5034	3333	3824	5645
5725	10	lx-5169	محیط زیست 100	noun	5035	3333	3824	5646
5726	10	lx-5170	گرمایش جهانی 101	noun	5036	3333	3824	5648
5727	10	lx-5417	شبکه‌سازی	noun	5037	3333	3500	5733
5728	10	lx-5458	نسبی‌گرایی	noun	5037	3333	3469	5742
5729	10	lx-5171	تغییر اقلیم 102	noun	5038	3333	3824	5651
5730	10	lx-5172	تنوع زیستی 103	noun	5039	3333	3824	5652
5731	10	lx-5173	توسعه پایدار 104	noun	5039	3333	3824	5653
5732	10	lx-5174	انرژی تجدیدپذیر 105	noun	5040	3333	3824	5654
5733	10	lx-5341	سوءمصرف	noun	5041	3202	3733	5716
5734	10	lx-5175	انرژی بادی 106	noun	5041	3333	3824	5656
5735	10	lx-5176	انرژی خورشیدی 107	noun	5043	3333	3824	5659
5736	10	lx-5177	ردپای کربن 108	noun	5044	3333	3824	5660
5737	10	lx-5178	گازهای گلخانه‌ای 109	noun	5045	3333	3824	5661
5738	10	lx-5179	محیط زیست 110	noun	5046	3333	3824	5663
5739	10	lx-5180	گرمایش جهانی 111	noun	5047	3333	3824	5664
5740	10	lx-5181	تغییر اقلیم 112	noun	5047	3333	3824	5665
5741	10	lx-5182	تنوع زیستی 113	noun	5048	3333	3824	5666
5742	10	lx-5261	کاتاتونیا	noun	5049	3215	3824	5701
5743	10	lx-5183	توسعه پایدار 114	noun	5049	3333	3824	5668
5744	10	lx-5184	انرژی تجدیدپذیر 115	noun	5050	3333	3824	5669
5745	10	lx-5185	انرژی بادی 116	noun	5051	3333	3824	5670
5746	10	lx-5186	انرژی خورشیدی 117	noun	5052	3333	3824	5672
5747	10	lx-5264	بیش‌فعالی	noun	5053	3333	3689	5707
5748	10	lx-5187	ردپای کربن 118	noun	5053	3333	3824	5673
5749	10	lx-5188	گازهای گلخانه‌ای 119	noun	5053	3333	3824	5674
5750	10	lx-5189	محیط زیست 120	noun	5055	3333	3824	5676
5751	10	lx-5960	زیگورات	noun	5056	3315	3162	5866
5752	10	lx-5190	گرمایش جهانی 121	noun	5056	3333	3824	5678
5753	10	lx-5360	پیش‌آگهی	noun	5057	3333	3602	5736
5754	10	lx-5841	مضافاً	noun	5057	3172	3437	5829
5755	10	lx-5191	تغییر اقلیم 122	noun	5057	3333	3824	5680
5756	10	lx-5609	تعدیل‌کننده	noun	5060	3333	3404	5795
5757	10	lx-5634	برون‌داد	noun	5061	3333	3401	5797
5758	10	lx-5192	تنوع زیستی 123	noun	5061	3333	3824	5685
5759	10	lx-5193	توسعه پایدار 124	noun	5061	3333	3824	5686
5760	10	lx-5194	انرژی تجدیدپذیر 125	noun	5062	3333	3824	5687
5761	10	lx-5195	انرژی بادی 126	noun	5063	3333	3824	5688
5762	10	lx-5196	انرژی خورشیدی 127	noun	5063	3333	3824	5689
5763	10	lx-5197	ردپای کربن 128	noun	5064	3333	3824	5690
5764	10	lx-5198	گازهای گلخانه‌ای 129	noun	5065	3333	3824	5691
5765	10	lx-5199	محیط زیست 130	noun	5065	3333	3824	5692
5766	10	lx-5457	اراده‌گرایی	noun	5066	3333	3526	5770
5767	10	lx-5200	گرمایش جهانی 131	noun	5067	3333	3824	5694
5768	10	lx-5201	تغییر اقلیم 132	noun	5067	3333	3824	5695
5769	10	lx-5256	روان‌تنی	noun	5068	3333	3726	5720
5770	10	lx-5202	تنوع زیستی 133	noun	5069	3333	3824	5697
5771	10	lx-5265	آگورافوبیا	noun	5069	3238	3824	5725
5772	10	lx-5203	توسعه پایدار 134	noun	5069	3333	3824	5698
5773	10	lx-5899	اجمالاً	noun	5070	3333	3234	5860
5774	10	lx-5204	انرژی تجدیدپذیر 135	noun	5070	3333	3824	5699
5775	10	lx-5205	انرژی بادی 136	noun	5071	3333	3824	5700
5776	10	lx-5645	انتولوژی	noun	5072	3333	3426	5807
5777	10	lx-5206	انرژی خورشیدی 137	noun	5073	3333	3824	5703
5778	10	lx-5266	کلاستروفوبیا	noun	5073	3243	3824	5730
5779	10	lx-5207	ردپای کربن 138	noun	5073	3333	3824	5704
5780	10	lx-5208	گازهای گلخانه‌ای 139	noun	5075	3333	3824	5706
5781	10	lx-5604	فراتحلیل	noun	5075	3333	3463	5802
5782	10	lx-5209	محیط زیست 140	noun	5077	3333	3824	5709
5783	10	lx-5210	گرمایش جهانی 141	noun	5077	3333	3824	5710
5784	10	lx-5263	درخودماندگی	noun	5078	3253	3824	5734
5785	10	lx-5211	تغییر اقلیم 142	noun	5078	3333	3824	5711
5786	10	lx-5212	تنوع زیستی 143	noun	5079	3333	3824	5712
5787	10	lx-5365	همسان‌سازی	noun	5079	3333	3642	5759
5788	10	lx-5213	توسعه پایدار 144	noun	5079	3333	3824	5713
5789	10	lx-5499	بتن‌ریزی	noun	5080	3333	3535	5789
5790	10	lx-5214	انرژی تجدیدپذیر 145	noun	5080	3333	3824	5714
5791	10	lx-5215	انرژی بادی 146	noun	5081	3333	3824	5715
5792	10	lx-5435	نهادینه‌سازی	noun	5082	3333	3593	5777
5793	10	lx-5216	انرژی خورشیدی 147	noun	5083	3333	3824	5719
5794	10	lx-5217	ردپای کربن 148	noun	5085	3333	3824	5721
5795	10	lx-5643	متدولوژی	noun	5086	3287	3503	5820
5796	10	lx-5235	والایش	noun	5086	3304	3824	5731
5797	10	lx-5218	گازهای گلخانه‌ای 149	noun	5086	3333	3824	5723
5798	10	lx-5219	محیط زیست 150	noun	5088	3333	3824	5726
5799	10	lx-5220	گرمایش جهانی 151	noun	5089	3333	3824	5727
5800	10	lx-5221	تغییر اقلیم 152	noun	5089	3333	3824	5728
5801	10	lx-5281	فرامن	noun	5089	3333	3749	5747
5802	10	lx-5222	تنوع زیستی 153	noun	5090	3333	3824	5729
5803	10	lx-5403	آنومی	noun	5092	3333	3655	5775
5804	10	lx-5223	توسعه پایدار 154	noun	5092	3333	3824	5732
5805	10	lx-5487	لرزه‌خیز	noun	5093	3333	3583	5796
5806	10	lx-5224	انرژی تجدیدپذیر 155	noun	5094	3333	3824	5735
5807	10	lx-5225	انرژی بادی 156	noun	5095	3333	3824	5737
5808	10	lx-5226	انرژی خورشیدی 157	noun	5096	3333	3824	5738
5809	10	lx-5333	روان‌سنجی	noun	5096	3333	3727	5763
5810	10	lx-5338	درمانجو	noun	5096	3333	3716	5766
5811	10	lx-5407	ازخودبیگانگی	noun	5097	3333	3664	5780
5812	10	lx-5227	ردپای کربن 158	noun	5097	3333	3824	5739
5813	10	lx-5964	نقش‌برجسته	noun	5097	3333	3153	5927
5814	10	lx-5228	گازهای گلخانه‌ای 159	noun	5097	3333	3824	5740
5815	10	lx-5929	پارینه‌سنگی	noun	5098	3333	3266	5893
5816	10	lx-5229	محیط زیست 160	noun	5098	3333	3824	5741
5817	10	lx-5524	سبک‌سازی	noun	5098	3333	3565	5809
5818	10	lx-5594	اثبات‌گرایی	noun	5099	3333	3523	5821
5819	10	lx-5347	خودپنداره	noun	5099	3333	3714	5771
5820	10	lx-5231	نیمه‌خودآگاه	noun	5099	3333	3824	5743
5821	10	lx-5233	واپس‌زنی	noun	5100	3333	3824	5744
5822	10	lx-5237	واکنش‌سازی	noun	5101	3333	3824	5745
5823	10	lx-5238	دلیل‌تراشی	noun	5101	3333	3824	5746
5824	10	lx-5636	دیرینه‌شناسی	noun	5103	3333	3498	5835
5825	10	lx-5239	درون‌فکنی	noun	5104	3333	3824	5750
5826	10	lx-5240	شناخت‌درمانی	noun	5105	3333	3824	5751
5827	10	lx-5304	خودشکوفایی	noun	5105	3291	3824	5764
5828	10	lx-5247	نارسیسیسم	noun	5107	3333	3824	5754
5829	10	lx-5394	خرده‌فرهنگ	noun	5109	3333	3710	5786
5830	10	lx-5250	سایکوپات	noun	5109	3333	3824	5758
5831	10	lx-5251	سوسیوپات	noun	5111	3333	3824	5760
5832	10	lx-5254	هم‌وابستگی	noun	5111	3333	3824	5761
5833	10	lx-5257	سایکوسوماتیک	noun	5112	3333	3824	5762
5834	10	lx-5459	انحصارطلبی	noun	5114	3333	3668	5805
5835	10	lx-5271	اسکیزوتایپال	noun	5114	3333	3824	5765
5836	10	lx-5293	آرکی‌تایپ	noun	5119	3333	3824	5772
5837	10	lx-5915	ناچارا	noun	5119	2903	3824	5907
5838	10	lx-5298	تفرد	noun	5119	3333	3824	5773
5839	10	lx-5364	فرهنگ‌سازی	noun	5120	3333	3751	5792
5840	10	lx-5299	سینکرونیستی	noun	5120	3333	3824	5774
5841	10	lx-5914	جسارتاً	noun	5121	2906	3824	5909
5842	10	lx-5348	خودیابی	noun	5121	3294	3824	5787
5843	10	lx-5472	انزواگرایی	noun	5122	3333	3669	5817
5844	10	lx-5596	عقل‌گرایی	noun	5122	3333	3576	5842
5845	10	lx-5310	حساسیت‌زدایی	noun	5125	3333	3824	5781
5846	10	lx-5311	غرقه‌سازی	noun	5125	3333	3824	5782
5847	10	lx-5388	مادرسالاری	noun	5126	3333	3759	5799
5848	10	lx-5456	تقدیرگرایی	noun	5126	3333	3699	5815
5849	10	lx-5989	عقدنامه	noun	5126	3043	3575	5938
5850	10	lx-5313	ذهن‌آگاهی	noun	5127	3333	3824	5784
5851	10	lx-5314	طرح‌واره‌درمانی	noun	5127	3333	3824	5785
5852	10	lx-5316	فاجعه‌سازی	noun	5129	3333	3824	5788
5853	10	lx-5601	مکنون	noun	5130	3331	3591	5850
5854	10	lx-5317	تعمیم‌مبالغه‌آمیز	noun	5131	3333	3824	5790
5855	10	lx-5319	بایدانگاری	noun	5131	3333	3824	5791
5856	10	lx-5608	مداخله‌گر	noun	5132	3333	3587	5854
5857	10	lx-5320	دوقطبی‌سازی	noun	5133	3333	3824	5793
5858	10	lx-5326	سایکولوژیک	noun	5133	3333	3824	5794
5859	10	lx-5481	بتن‌آرمه	noun	5135	3333	3680	5833
5860	10	lx-5432	کیفرشناسی	noun	5136	3269	3820	5818
5861	10	lx-5419	قشربندی	noun	5137	3333	3758	5816
5862	10	lx-5346	عزت‌نفس	noun	5137	3333	3824	5800
5863	10	lx-5362	روان‌تحلیل‌گری	noun	5138	3333	3824	5801
5864	10	lx-5366	بیگانه‌گرایی	noun	5139	3333	3824	5803
5865	10	lx-5369	طبقه اجتماعی	noun	5140	3333	3824	5804
5866	10	lx-5370	تحرک اجتماعی	noun	5141	3333	3824	5806
5867	10	lx-5371	تبعیض ساختاری	noun	5143	3333	3824	5808
5868	10	lx-5372	گسست نسل‌ها	noun	5144	3333	3824	5810
5869	10	lx-5373	تضاد طبقاتی	noun	5145	3333	3824	5811
5870	10	lx-5374	سرمایه فرهنگی	noun	5145	3333	3824	5812
5871	10	lx-5376	مهاجرت نخبگان	noun	5146	3333	3824	5813
5872	10	lx-5377	بافت جمعیتی	noun	5147	3333	3824	5814
5873	10	lx-5378	امید به زندگی	noun	5150	3333	3824	5819
5874	10	lx-5967	کوزه‌گری	noun	5152	3333	3338	5955
5875	10	lx-5384	آیین گذار	noun	5152	3333	3824	5822
5876	10	lx-5386	توتم‌پرستی	noun	5153	3333	3824	5824
5877	10	lx-5897	متوالیاً	noun	5154	3333	3413	5936
5878	10	lx-5387	نیاکان‌پرستی	noun	5154	3333	3824	5825
5879	10	lx-5395	ضدفرهنگ	noun	5155	3333	3824	5826
5880	10	lx-5396	نسبیت فرهنگی	noun	5155	3333	3824	5827
5881	10	lx-5397	عرفی‌شدن	noun	5156	3333	3824	5828
5882	10	lx-5664	پراگماتیک	noun	5156	3185	3799	5879
5883	10	lx-5400	تنوع فرهنگی	noun	5158	3333	3824	5831
5884	10	lx-5401	هویت ملی	noun	5159	3333	3824	5832
5885	10	lx-5418	پویایی‌شناسی	noun	5159	3333	3806	5837
5886	10	lx-5438	خویشاوندسالاری	noun	5159	3295	3824	5844
5887	10	lx-5402	بحران هویت	noun	5160	3333	3824	5834
5888	10	lx-5450	موزه‌داری	noun	5160	3333	3775	5847
5889	10	lx-5495	سفت‌کاری	noun	5161	3333	3731	5859
5890	10	lx-5408	رفاه اجتماعی	noun	5161	3333	3824	5836
5891	10	lx-5409	فقر مطلق	noun	5163	3333	3824	5838
5892	10	lx-5410	خط فقر	noun	5163	3333	3824	5839
5893	10	lx-5413	عوام‌گرایی	noun	5164	3333	3824	5840
5894	10	lx-5414	توده‌گرایی	noun	5165	3333	3824	5841
5895	10	lx-5623	بازآزمایی	noun	5165	3333	3679	5880
5896	10	lx-5415	افکار عمومی	noun	5166	3333	3824	5843
5897	10	lx-5502	شمع‌کوبی	noun	5166	3333	3739	5865
5898	10	lx-5416	سرمایه اجتماعی	noun	5167	3333	3824	5845
5899	10	lx-5512	شیب‌بندی	noun	5168	3333	3741	5867
5900	10	lx-5423	تبعیض جنسیتی	noun	5168	3333	3824	5846
5901	10	lx-5426	تفکیک جنسیتی	noun	5169	3333	3824	5848
5902	10	lx-5427	انگ‌زنی	noun	5170	3333	3824	5849
5903	10	lx-5428	ادغام اجتماعی	noun	5171	3333	3824	5851
5904	10	lx-5460	هم‌افزایی	noun	5172	3333	3785	5862
5905	10	lx-5429	طرد اجتماعی	noun	5172	3333	3824	5852
5906	10	lx-5430	انحراف اجتماعی	noun	5173	3333	3824	5853
5907	10	lx-5433	زندان‌زدایی	noun	5174	3333	3824	5855
5908	10	lx-5904	ابتدائاً	noun	5174	3260	3522	5958
5909	10	lx-5434	کنترل اجتماعی	noun	5175	3333	3824	5856
5910	10	lx-5437	شایسته‌سالاری	noun	5175	3333	3824	5857
5911	10	lx-5440	دموگرافی	noun	5176	3333	3824	5858
5912	10	lx-5633	درون‌داد	noun	5178	3333	3717	5889
5913	10	lx-5442	تراکم جمعیت	noun	5179	3333	3824	5863
5914	10	lx-5443	هرم سنی	noun	5180	3333	3824	5864
5915	10	lx-5445	اسکان مجدد	noun	5182	3333	3824	5868
5916	10	lx-5446	کوچ‌نشینی	noun	5183	3333	3824	5869
5917	10	lx-5448	تهاجم فرهنگی	noun	5184	3333	3824	5870
5918	10	lx-5449	امپریالیسم فرهنگی	noun	5184	3333	3824	5871
5919	10	lx-5461	تداخل فرهنگی	noun	5185	3333	3824	5872
5920	10	lx-5462	تقابل فرهنگی	noun	5186	3333	3824	5873
5921	10	lx-5463	تعامل سازنده	noun	5186	3333	3824	5874
5922	10	lx-5467	جهان‌وطنی	noun	5187	3333	3824	5875
5923	10	lx-5468	شبه‌علم	noun	5188	3333	3824	5876
5924	10	lx-5469	نومحافظه‌کاری	noun	5188	3333	3824	5877
5925	10	lx-5663	شناخت‌شناسی	noun	5189	3333	3740	5899
5926	10	lx-5471	طایفه‌گرایی	noun	5189	3333	3824	5878
5927	10	lx-5607	معنی‌داری	noun	5191	3333	3769	5895
5928	10	lx-5491	تراکم‌فروشی	noun	5191	3333	3824	5881
5929	10	lx-5494	نازک‌کاری	noun	5192	3333	3824	5882
5930	10	lx-5511	پلان‌متریک	noun	5192	3333	3824	5883
5931	10	lx-5513	فضای‌سبز	noun	5193	3333	3824	5884
5932	10	lx-5519	مبلمان‌شهری	noun	5194	3333	3824	5885
5933	10	lx-5599	خوداندیشی	noun	5194	3298	3824	5896
5934	10	lx-5522	مصالح‌نوین	noun	5194	3333	3824	5886
5935	10	lx-5529	آهن‌آلات	noun	5195	3333	3824	5887
5936	10	lx-5532	صورت‌وضعیت	noun	5196	3333	3824	5888
5937	10	lx-5535	نظام‌مهندسی	noun	5197	3333	3824	5890
5938	10	lx-5537	دفترفنی	noun	5198	3333	3824	5891
5939	10	lx-5538	چون‌ساخت	noun	5198	3333	3824	5892
5940	10	lx-5542	مکانیک‌خاک	noun	5200	3333	3824	5894
5941	10	lx-5552	تیرورق	noun	5202	3333	3824	5897
5942	10	lx-5555	پیچ‌ومهره	noun	5202	3333	3824	5898
5943	10	lx-5702	علم‌سنجی	noun	5203	3333	3745	5920
5944	10	lx-5585	کمیت‌پذیر	noun	5204	3333	3824	5900
5945	10	lx-5993	دارالترجمه	noun	5204	3333	3407	6015
5946	10	lx-5591	انحراف معیار	noun	5204	3333	3824	5901
5947	10	lx-5595	تفسیرگرایی	noun	5205	3333	3824	5902
5948	10	lx-5613	گراندد تئوری	noun	5206	3333	3824	5903
5949	10	lx-5615	اقدام‌پژوهی	noun	5206	3333	3824	5904
5950	10	lx-5619	مفهوم‌سازی	noun	5207	3333	3824	5905
5951	10	lx-5620	عملیاتی‌کردن	noun	5208	3333	3824	5906
5952	10	lx-5632	تعدیل‌گر	noun	5209	3333	3824	5908
5953	10	lx-5638	پسا-ساختارگرایی	noun	5210	3333	3824	5910
5954	10	lx-5644	اپیستمولوژی	noun	5211	3333	3824	5911
5955	10	lx-5646	توزیع نرمال	noun	5212	3333	3824	5912
5956	10	lx-5647	جامعه آماری	noun	5212	3333	3824	5913
5957	10	lx-5648	نمونه آماری	noun	5213	3333	3824	5914
5958	10	lx-5649	فرضیه صفر	noun	5214	3333	3824	5915
5959	10	lx-5650	فرضیه بدیل	noun	5214	3333	3824	5916
5960	10	lx-5652	متغیر مستقل	noun	5215	3333	3824	5917
5961	10	lx-5653	متغیر وابسته	noun	5216	3333	3824	5918
5962	10	lx-5656	آلفای کرونباخ	noun	5216	3333	3824	5919
5963	10	lx-5657	همبستگی پیرسون	noun	5218	3333	3824	5921
5964	10	lx-5658	چارچوب نظری	noun	5218	3333	3824	5922
5965	10	lx-5659	پیشینه تحقیق	noun	5219	3333	3824	5923
5966	10	lx-5660	خطای معیار	noun	5220	3333	3824	5924
5967	10	lx-5661	سطح معنی‌داری	noun	5220	3333	3824	5925
5968	10	lx-5662	آزمون فرض	noun	5221	3333	3824	5926
5969	10	lx-5669	سرقت ادبی	noun	5222	3333	3824	5928
5970	10	lx-5670	اخلاق پژوهش	noun	5223	3333	3824	5929
5971	10	lx-5671	رضایت آگاهانه	noun	5223	3333	3824	5930
5972	10	lx-5672	گروه کنترل	noun	5224	3333	3824	5931
5973	10	lx-5673	گروه آزمایش	noun	5225	3333	3824	5932
5974	10	lx-5674	کورای دوسویه	noun	5225	3333	3824	5933
5975	10	lx-5676	روایی سازه	noun	5226	3333	3824	5934
5976	10	lx-5677	اشباع نظری	noun	5227	3333	3824	5935
5977	10	lx-5679	گلوله‌برفی	noun	5228	3333	3824	5937
5978	10	lx-5683	حجم نمونه	noun	5229	3333	3824	5939
5979	10	lx-5974	چاپارخانه	noun	5230	3333	3478	6034
5980	10	lx-5684	توان آزمون	noun	5230	3333	3824	5940
5981	10	lx-5685	اندازه اثر	noun	5231	3333	3824	5941
5982	10	lx-5686	خطای نوع اول	noun	5231	3333	3824	5942
5983	10	lx-5687	خطای نوع دوم	noun	5232	3333	3824	5943
5984	10	lx-5688	پایایی بازآزمایی	noun	5233	3333	3824	5944
5985	10	lx-5689	همسانی درونی	noun	5233	3333	3824	5945
5986	10	lx-5690	ضریب آلفا	noun	5234	3333	3824	5946
5987	10	lx-5691	برازش مدل	noun	5235	3333	3824	5947
5988	10	lx-5692	شاخص برازش	noun	5235	3333	3824	5948
5989	10	lx-5693	متغیر مکنون	noun	5236	3333	3824	5949
5990	10	lx-5694	متغیر آشکار	noun	5237	3333	3824	5950
5991	10	lx-5695	طیف معنایی	noun	5237	3333	3824	5951
5992	10	lx-5696	تحلیل محتوا	noun	5238	3333	3824	5952
5993	10	lx-5697	کدگذاری باز	noun	5239	3333	3824	5953
5994	10	lx-5698	کدگذاری محوری	noun	5239	3333	3824	5954
5995	10	lx-5699	کدگذاری انتخابی	noun	5241	3333	3824	5956
5996	10	lx-5700	مقوله‌بندی	noun	5241	3333	3824	5957
5997	10	lx-5701	در دسترس	noun	5243	3333	3824	5959
5998	10	lx-5703	ضریب تاثیر	noun	5243	3333	3824	5960
5999	10	lx-5704	شاخص هرش	noun	5244	3333	3824	5961
6000	10	lx-5705	داوری همتا	noun	5245	3333	3824	5962
6001	10	lx-5707	مفصل‌بندی	noun	5245	3333	3824	5963
6002	10	lx-5709	استنطاق کردن	verb	5246	3333	3824	5964
6003	10	lx-5710	اکتفا کردن	verb	5247	3333	3824	5965
6004	10	lx-5711	پافشاری کردن	verb	5247	3333	3824	5966
6005	10	lx-5712	استدلال کردن	verb	5248	3333	3824	5967
6006	10	lx-5713	احتکار کردن	verb	5249	3333	3824	5968
6007	10	lx-5714	اغراق کردن	verb	5249	3333	3824	5969
6008	10	lx-5715	انصراف کردن	verb	5250	3333	3824	5970
6009	10	lx-5716	تعبیه کردن	verb	5251	3333	3824	5971
6010	10	lx-5717	تدارک کردن	verb	5251	3333	3824	5972
6011	10	lx-5718	ترویج کردن	verb	5252	3333	3824	5973
6012	10	lx-5719	تصدیق کردن	verb	5253	3333	3824	5974
6013	10	lx-5720	تطابق کردن	verb	5253	3333	3824	5975
6014	10	lx-5721	تعامل کردن	verb	5254	3333	3824	5976
6015	10	lx-5722	تلقی کردن	verb	5255	3333	3824	5977
6016	10	lx-5723	تهویه کردن	verb	5255	3333	3824	5978
6017	10	lx-5724	مجازات کردن	verb	5256	3333	3824	5979
6018	10	lx-5725	مصادره کردن	verb	5256	3333	3824	5980
6019	10	lx-5726	مضایقه کردن	verb	5257	3333	3824	5981
6020	10	lx-5727	مکلف کردن	verb	5258	3333	3824	5982
6021	10	lx-5728	متبلور شدن	verb	5258	3333	3824	5983
6022	10	lx-5729	متجلی شدن	verb	5259	3333	3824	5984
6023	10	lx-5730	متراکم شدن	verb	5260	3333	3824	5985
6024	10	lx-5731	متشنج شدن	verb	5260	3333	3824	5986
6025	10	lx-5732	متصاعد شدن	verb	5261	3333	3824	5987
6026	10	lx-5733	متقاعد شدن	verb	5262	3333	3824	5988
6027	10	lx-5734	متمرکز شدن	verb	5262	3333	3824	5989
6028	10	lx-5735	متمایز شدن	verb	5263	3333	3824	5990
6029	10	lx-5736	متواری شدن	verb	5264	3333	3824	5991
6030	10	lx-5737	احضار شدن	verb	5264	3333	3824	5992
6031	10	lx-5738	ارعاب شدن	verb	5265	3333	3824	5993
6032	10	lx-5948	سکه‌شناسی	noun	5265	3333	3572	6062
6033	10	lx-5739	استیضاح شدن	verb	5266	3333	3824	5994
6034	10	lx-5740	اشباع شدن	verb	5266	3333	3824	5995
6035	10	lx-5741	اعدام شدن	verb	5267	3333	3824	5996
6036	10	lx-5893	فی‌البداهه	noun	5267	3333	3635	6047
6037	10	lx-5742	اغوا شدن	verb	5268	3333	3824	5997
6038	10	lx-5743	انباشته شدن	verb	5268	3333	3824	5998
6039	10	lx-5744	منهدم شدن	verb	5269	3333	3824	5999
6040	10	lx-5745	مبرا ساختن	verb	5270	3333	3824	6000
6041	10	lx-5746	مجزا ساختن	verb	5270	3333	3824	6001
6042	10	lx-5747	مدون ساختن	verb	5271	3333	3824	6002
6043	10	lx-5748	مرعوب ساختن	verb	5272	3333	3824	6003
6044	10	lx-5749	مسدود ساختن	verb	5272	3333	3824	6004
6045	10	lx-5750	مستثنی ساختن	verb	5273	3333	3824	6005
6046	10	lx-5751	مستهلک ساختن	verb	5274	3333	3824	6006
6047	10	lx-5752	مضاعف ساختن	verb	5274	3333	3824	6007
6048	10	lx-5753	معلق ساختن	verb	5275	3333	3824	6008
6049	10	lx-5754	مغشوش ساختن	verb	5276	3333	3824	6009
6050	10	lx-5755	مفتخر ساختن	verb	5276	3333	3824	6010
6051	10	lx-5756	مقید ساختن	verb	5277	3333	3824	6011
6052	10	lx-5757	مکتوم ساختن	verb	5278	3333	3824	6012
6053	10	lx-5758	ملغی ساختن	verb	5278	3333	3824	6013
6054	10	lx-5759	منزوی ساختن	verb	5279	3333	3824	6014
6055	10	lx-5760	منسوخ ساختن	verb	5280	3333	3824	6016
6056	10	lx-5761	موکول ساختن	verb	5281	3333	3824	6017
6057	10	lx-5762	مهیا ساختن	verb	5282	3333	3824	6018
6058	10	lx-5966	دفینه	noun	5282	3299	3628	6082
6059	10	lx-5763	ارتقا یافتن	verb	5282	3333	3824	6019
6060	10	lx-5764	انعکاس یافتن	verb	5283	3333	3824	6020
6061	10	lx-5765	انکشاف یافتن	verb	5283	3333	3824	6021
6062	10	lx-5766	تحقق یافتن	verb	5284	3333	3824	6022
6063	10	lx-5767	تسکین یافتن	verb	5285	3333	3824	6023
6064	10	lx-5768	تشدید یافتن	verb	5285	3333	3824	6024
6065	10	lx-5769	خاتمه یافتن	verb	5286	3333	3824	6025
6066	10	lx-5770	رواج یافتن	verb	5287	3333	3824	6026
6067	10	lx-5771	ارجاع دادن	verb	5287	3333	3824	6027
6068	10	lx-5772	استرداد دادن	verb	5288	3333	3824	6028
6069	10	lx-5773	اشاعه دادن	verb	5289	3333	3824	6029
6070	10	lx-5774	انعکاس دادن	verb	5289	3333	3824	6030
6071	10	lx-5775	انکشاف دادن	verb	5290	3333	3824	6031
6072	10	lx-5776	بازتاب دادن	verb	5291	3333	3824	6032
6073	10	lx-5777	تجلی دادن	verb	5291	3333	3824	6033
6074	10	lx-5778	تخصیص دادن	verb	5293	3333	3824	6035
6075	10	lx-5779	تسری دادن	verb	5293	3333	3824	6036
6076	10	lx-5780	تعمیم دادن	verb	5294	3333	3824	6037
6077	10	lx-5781	التیام بخشیدن	verb	5295	3333	3824	6038
6078	10	lx-5782	انسجام بخشیدن	verb	5295	3333	3824	6039
6079	10	lx-5783	تبلور بخشیدن	verb	5296	3333	3824	6040
6080	10	lx-5784	تجلی بخشیدن	verb	5297	3333	3824	6041
6081	10	lx-5936	تابوت‌دان	noun	5297	3333	3620	6097
6082	10	lx-5785	تحقق بخشیدن	verb	5297	3333	3824	6042
6083	10	lx-5786	تسکین بخشیدن	verb	5298	3333	3824	6043
6084	10	lx-5787	توسعه بخشیدن	verb	5299	3333	3824	6044
6085	10	lx-5788	حیات بخشیدن	verb	5299	3333	3824	6045
6086	10	lx-5789	خاتمه بخشیدن	verb	5300	3333	3824	6046
6087	10	lx-5790	رونق بخشیدن	verb	5301	3333	3824	6048
6088	10	lx-5791	به چالش کشیدن	verb	5302	3333	3824	6049
6089	10	lx-5793	به دار آویختن	verb	5303	3333	3824	6050
6090	10	lx-5794	به سخره گرفتن	verb	5303	3333	3824	6051
6091	10	lx-5848	فی‌الواقع	noun	5304	3333	3755	6070
6092	10	lx-5795	به قهقرا رفتن	verb	5304	3333	3824	6052
6093	10	lx-5796	به منصه ظهور رساندن	verb	5305	3333	3824	6053
6094	10	lx-5798	شانه خالی کردن	verb	5305	3333	3824	6054
6095	10	lx-5799	اغماض کردن	verb	5306	3333	3824	6055
6096	10	lx-5801	بازخواست کردن	verb	5307	3333	3824	6056
6097	10	lx-5802	تقبیح کردن	verb	5307	3333	3824	6057
6098	10	lx-5803	تلنبار کردن	verb	5308	3333	3824	6058
6099	10	lx-5804	اجتناب کردن	verb	5308	3333	3824	6059
6100	10	lx-5805	آسیب زدن	verb	5309	3333	3824	6060
6101	10	lx-5806	دامن زدن	verb	5310	3333	3824	6061
6102	10	lx-5807	رقم زدن	verb	5311	3333	3824	6063
6103	10	lx-5808	گمانه زنی کردن	verb	5312	3333	3824	6064
6104	10	lx-5809	لطمه زدن	verb	5312	3333	3824	6065
6105	10	lx-5810	محک زدن	verb	5313	3333	3824	6066
6106	10	lx-5811	رقم خوردن	verb	5314	3333	3824	6067
6107	10	lx-5812	گره خوردن	verb	5314	3333	3824	6068
6108	10	lx-5813	ابراز نمودن	verb	5315	3333	3824	6069
6109	10	lx-5814	اتخاذ نمودن	verb	5316	3333	3824	6071
6110	10	lx-5815	احراز نمودن	verb	5317	3333	3824	6072
6111	10	lx-5816	اخلال نمودن	verb	5318	3333	3824	6073
6112	10	lx-5817	اذعان نمودن	verb	5318	3333	3824	6074
6113	10	lx-5818	ارایه نمودن	verb	5319	3333	3824	6075
6114	10	lx-5819	استیلا یافتن	verb	5320	3333	3824	6076
6115	10	lx-5820	افراط نمودن	verb	5320	3333	3824	6077
6116	10	lx-5821	انحصار نمودن	verb	5321	3333	3824	6078
6117	10	lx-5822	انکار نمودن	verb	5322	3333	3824	6079
6118	10	lx-5823	ابا ورزیدن	verb	5322	3333	3824	6080
6119	10	lx-5824	اهتمام ورزیدن	verb	5323	3333	3824	6081
6120	10	lx-5892	علی‌الظاهر	noun	5323	3333	3746	6102
6121	10	lx-5825	تجلیل به عمل آوردن	verb	5324	3333	3824	6083
6122	10	lx-5826	تکیه کردن	verb	5325	3333	3824	6084
6123	10	lx-5827	چشم پوشی کردن	verb	5326	3333	3824	6085
6124	10	lx-5828	دستبرد زدن	verb	5326	3333	3824	6086
6125	10	lx-5829	رویکرد داشتن	verb	5327	3333	3824	6087
6126	10	lx-5830	مبادرت ورزیدن	verb	5328	3333	3824	6088
6127	10	lx-5831	بازدارندگی ایجاد کردن	verb	5328	3333	3824	6089
6128	10	lx-5832	برچسب زدن	verb	5329	3333	3824	6090
6129	10	lx-5833	تنفیذ کردن	verb	5329	3333	3824	6091
6130	10	lx-5835	خنثی ساختن	verb	5330	3333	3824	6092
6131	10	lx-5836	مصالحه کردن	verb	5331	3333	3824	6093
6132	10	lx-5837	مطابقت داشتن	verb	5331	3333	3824	6094
6133	10	lx-5840	از این حیث	noun	5332	3333	3824	6095
6134	10	lx-5842	در وهله اول	noun	5333	3333	3824	6096
6135	10	lx-5843	مع‌الوصف	noun	5334	3333	3824	6098
6136	10	lx-5844	بدیهی است	phrase	5335	3333	3824	6099
6137	10	lx-5846	مشروط بر اینکه	noun	5335	3333	3824	6100
6138	10	lx-5847	از قضا	noun	5336	3333	3824	6101
6139	10	lx-5850	کما اینکه	noun	5337	3333	3824	6103
6140	10	lx-5851	به رغم	noun	5338	3333	3824	6104
6141	10	lx-5852	متناسب با	noun	5339	3333	3824	6105
6142	10	lx-5854	در همین راستا	noun	5339	3333	3824	6106
6143	10	lx-5855	در تضاد با	noun	5340	3333	3824	6107
6144	10	lx-5856	بدین منظور	noun	5341	3333	3824	6108
6145	10	lx-5857	همان‌طور که	noun	5341	3333	3824	6109
6146	10	lx-5858	با این وصف	noun	5342	3333	3824	6110
6147	10	lx-5859	به منزله	noun	5343	3333	3824	6111
6148	10	lx-5860	در پرتو	noun	5343	3333	3824	6112
6149	10	lx-5861	از منظر	noun	5344	3333	3824	6113
6150	10	lx-5863	همزمان با	noun	5345	3333	3824	6114
6151	10	lx-5864	مازاد بر	noun	5345	3333	3824	6115
6152	10	lx-5865	فارغ از	noun	5346	3333	3824	6116
6153	10	lx-5866	در بطن	noun	5347	3333	3824	6117
6154	10	lx-5867	تحت عنوان	noun	5347	3333	3824	6118
6155	10	lx-5868	به مجرد	noun	5348	3333	3824	6119
6156	10	lx-5869	با استناد به	noun	5349	3333	3824	6120
6157	10	lx-5870	در مقطع کنونی	noun	5349	3333	3824	6121
6158	10	lx-5871	در کل	noun	5350	3333	3824	6122
6159	10	lx-5872	از طرفی	noun	5350	3333	3824	6123
6160	10	lx-5873	با وجود اینکه	noun	5351	3333	3824	6124
6161	10	lx-5875	در حالیکه	noun	5352	3333	3824	6125
6162	10	lx-5877	همانگونه که	noun	5352	3333	3824	6126
6163	10	lx-5878	از آنجا که	noun	5353	3333	3824	6127
6164	10	lx-5879	در اسرع وقت	noun	5354	3333	3824	6128
6165	10	lx-5880	به ندرت	noun	5354	3333	3824	6129
6166	10	lx-5881	از پیش	noun	5355	3333	3824	6130
6167	10	lx-5882	دست کم	noun	5356	3333	3824	6131
6168	10	lx-5883	به شدت	noun	5356	3333	3824	6132
6169	10	lx-5884	به تازگی	noun	5357	3333	3824	6133
6170	10	lx-5885	در مجموع	noun	5358	3333	3824	6134
6171	10	lx-5886	تا کنون	noun	5358	3333	3824	6135
6172	10	lx-5887	بدون تردید	noun	5359	3333	3824	6136
6173	10	lx-5890	به طور جدی	noun	5360	3333	3824	6137
6174	10	lx-5891	از این قبیل	noun	5360	3333	3824	6138
6175	10	lx-5921	سنگ‌واره	noun	5361	3333	3824	6139
6176	10	lx-5923	خط میخی	noun	5362	3333	3824	6140
6177	10	lx-5924	آثار باستانی	noun	5362	3333	3824	6141
6178	10	lx-5927	تپه باستانی	noun	5363	3333	3824	6142
6179	10	lx-5928	عصر حجر	noun	5364	3333	3824	6143
6180	10	lx-5931	عصر مفرغ	noun	5364	3333	3824	6144
6181	10	lx-5932	عصر آهن	noun	5365	3333	3824	6145
6182	10	lx-5934	گورستان باستانی	noun	5366	3333	3824	6146
6183	10	lx-5947	کتیبه‌خوانی	noun	5366	3333	3824	6147
6184	10	lx-5949	خط‌شناسی	noun	5367	3333	3824	6148
6185	10	lx-5950	نسخه خطی	noun	5368	3333	3824	6149
6186	10	lx-5952	پوست‌نوشته	noun	5368	3333	3824	6150
6187	10	lx-5973	جاده ابریشم	noun	5369	3333	3824	6151
6188	10	lx-5977	برج و بارو	noun	5369	3333	3824	6152
6189	10	lx-5983	تیر و کمان	noun	5370	3333	3824	6153
6190	10	lx-6009	همصنف	noun	5371	3333	3824	6154
